season,date,team1,team2,spi1,spi2,prob1,prob2,probtie,score1,score2,spi_diff,actual_result,favored_won,spi_gap_bin,spi_diff_scaled,SPI_dataset_prediction
2016,2016-08-13,Hull City,Leicester City,53.57,66.81,0.3459,0.3621,0.2921,2.0,1.0,-13.240000000000002,team1_win,False,10-15,-0.8356885612571137,team2_win
2016,2016-08-13,Middlesbrough,Stoke City,56.32,60.35,0.438,0.2692,0.2927,1.0,1.0,-4.030000000000001,draw,False,0-5,-0.2562239856055753,team1_win
2016,2016-08-13,Burnley,Swansea City,58.98,59.74,0.4482,0.2663,0.2854,0.0,1.0,-0.7600000000000051,team2_win,True,0-5,-0.05048574864786329,team1_win
2016,2016-08-13,Southampton,Watford,69.49,59.33,0.5759,0.1874,0.2367,1.0,1.0,10.159999999999997,draw,False,10-15,0.6365667123852311,team1_win
2016,2016-08-13,Crystal Palace,West Bromwich Albion,55.19,58.66,0.4214,0.2939,0.2847,0.0,1.0,-3.469999999999999,team2_win,True,0-5,-0.2209905260654165,team1_win
2016,2016-08-13,Everton,Tottenham Hotspur,68.02,73.25,0.391,0.3401,0.2689,1.0,1.0,-5.230000000000004,draw,False,5-10,-0.33172425604877265,team1_win
2016,2016-08-13,Manchester City,Sunderland,86.42,53.64,0.8152,0.0525,0.1323,2.0,1.0,32.78,team1_win,True,20+,2.0597468102394982,team1_win
2016,2016-08-14,AFC Bournemouth,Manchester United,61.57,80.49,0.2111,0.5461,0.2428,1.0,3.0,-18.919999999999995,team2_win,True,15-20,-1.19305650802158,team2_win
2016,2016-08-14,Arsenal,Liverpool,82.55,77.44,0.5551,0.2115,0.2334,3.0,4.0,5.109999999999999,team2_win,False,5-10,0.3188364076034432,team1_win
2016,2016-08-15,Chelsea,West Ham United,80.7,63.27,0.6908,0.1177,0.1915,2.0,1.0,17.43,team1_win,True,15-20,1.0939725174869341,team1_win
2016,2016-08-19,Manchester United,Southampton,81.05,69.22,0.6197,0.1494,0.2309,2.0,0.0,11.829999999999998,team1_win,True,10-15,0.7416379220853473,team1_win
2016,2016-08-20,Stoke City,Manchester City,60.42,85.71,0.1278,0.672,0.2002,1.0,4.0,-25.289999999999992,team2_win,True,20+,-1.5938371102908848,team2_win
2016,2016-08-20,Swansea City,Hull City,60.87,53.47,0.4993,0.2171,0.2836,0.0,2.0,7.399999999999999,team2_win,False,5-10,0.4629160903658777,team1_win
2016,2016-08-20,Tottenham Hotspur,Crystal Palace,73.64,54.21,0.6638,0.119,0.2172,1.0,0.0,19.43,team1_win,True,15-20,1.2198063015589293,team1_win
2016,2016-08-20,West Bromwich Albion,Everton,59.64,67.51,0.3696,0.3491,0.2814,1.0,2.0,-7.8700000000000045,team2_win,True,5-10,-0.49782485102380647,team1_win
2016,2016-08-20,Watford,Chelsea,59.57,80.51,0.1955,0.5783,0.2262,1.0,2.0,-20.940000000000005,team2_win,True,20+,-1.3201486299342957,team2_win
2016,2016-08-20,Burnley,Liverpool,57.85,78.87,0.2079,0.552,0.2402,2.0,0.0,-21.020000000000003,team1_win,False,20+,-1.3251819812971755,team2_win
2016,2016-08-20,Leicester City,Arsenal,66.93,81.57,0.2505,0.5056,0.2439,0.0,0.0,-14.639999999999986,draw,False,10-15,-0.9237722101075094,team2_win
2016,2016-08-21,Sunderland,Middlesbrough,54.83,56.24,0.4393,0.2722,0.2885,1.0,2.0,-1.4100000000000037,team2_win,True,0-5,-0.09138172847126166,team1_win
2016,2016-08-21,West Ham United,AFC Bournemouth,63.46,60.82,0.4867,0.2569,0.2564,1.0,0.0,2.6400000000000006,team1_win,True,0-5,0.16343168427452906,team1_win
2016,2016-08-27,Tottenham Hotspur,Liverpool,73.71,78.14,0.3967,0.3444,0.2589,1.0,1.0,-4.430000000000007,draw,False,0-5,-0.28139074241997475,team1_win
2016,2016-08-27,Crystal Palace,AFC Bournemouth,54.06,60.24,0.3985,0.3146,0.2869,1.0,1.0,-6.18,draw,False,5-10,-0.3914953034829701,team1_win
2016,2016-08-27,Leicester City,Swansea City,66.6,59.55,0.5351,0.2056,0.2593,2.0,1.0,7.049999999999997,team1_win,True,5-10,0.4408951781532785,team1_win
2016,2016-08-27,Southampton,Sunderland,68.93,54.48,0.5952,0.1609,0.2439,1.0,1.0,14.45000000000001,draw,False,10-15,0.9064801792196618,team1_win
2016,2016-08-27,Watford,Arsenal,59.03,81.56,0.1698,0.6133,0.2169,1.0,3.0,-22.53,team2_win,True,20+,-1.4201864882715318,team2_win
2016,2016-08-27,Everton,Stoke City,68.06,59.86,0.547,0.1954,0.2575,1.0,0.0,8.200000000000003,team1_win,True,5-10,0.5132496039946761,team1_win
2016,2016-08-27,Chelsea,Burnley,80.86,58.66,0.7139,0.0914,0.1947,3.0,0.0,22.200000000000003,team1_win,True,20+,1.3940860924986431,team1_win
2016,2016-08-27,Hull City,Manchester United,54.79,81.23,0.175,0.5752,0.2498,0.0,1.0,-26.440000000000005,team2_win,True,20+,-1.6661915361322828,team2_win
2016,2016-08-28,West Bromwich Albion,Middlesbrough,59.12,56.62,0.4596,0.2571,0.2833,0.0,0.0,2.5,draw,False,0-5,0.15462331938948934,team1_win
2016,2016-08-28,Manchester City,West Ham United,86.14,63.98,0.7687,0.078,0.1534,3.0,1.0,22.160000000000004,team1_win,True,20+,1.3915694168172033,team1_win
2016,2016-09-10,Manchester United,Manchester City,82.18,86.26,0.3845,0.3543,0.2612,1.0,2.0,-4.079999999999998,team2_win,True,0-5,-0.25936983020737503,team1_win
2016,2016-09-10,West Ham United,Watford,63.85,58.86,0.5151,0.2355,0.2494,2.0,4.0,4.990000000000002,team2_win,False,0-5,0.31128638055912367,team1_win
2016,2016-09-10,AFC Bournemouth,West Bromwich Albion,59.25,59.02,0.4607,0.2658,0.2735,1.0,0.0,0.22999999999999687,team1_win,True,0-5,0.011801974467774508,team1_win
2016,2016-09-10,Stoke City,Tottenham Hotspur,59.11,73.33,0.2932,0.4274,0.2794,0.0,4.0,-14.219999999999999,team2_win,True,10-15,-0.8973471154523912,team2_win
2016,2016-09-10,Burnley,Hull City,57.38,53.37,0.4633,0.2357,0.301,1.0,1.0,4.010000000000005,draw,False,0-5,0.24962782636384612,team1_win
2016,2016-09-10,Arsenal,Southampton,81.72,67.78,0.6503,0.1334,0.2163,2.0,1.0,13.939999999999998,team1_win,True,10-15,0.8743925642813023,team1_win
2016,2016-09-10,Middlesbrough,Crystal Palace,56.65,55.03,0.492,0.2184,0.2896,1.0,2.0,1.6199999999999974,team2_win,False,0-5,0.09925645439781126,team1_win
2016,2016-09-10,Liverpool,Leicester City,78.41,67.06,0.6145,0.1637,0.2218,4.0,1.0,11.349999999999994,team1_win,True,10-15,0.7114378139080682,team1_win
2016,2016-09-11,Swansea City,Chelsea,59.09,81.83,0.171,0.6033,0.2257,2.0,2.0,-22.739999999999995,draw,False,20+,-1.4333990355990909,team2_win
2016,2016-09-12,Sunderland,Everton,55.71,68.74,0.3385,0.3838,0.2777,0.0,3.0,-13.029999999999994,team2_win,True,10-15,-0.8224760139295536,team2_win
2016,2016-09-16,Chelsea,Liverpool,81.72,79.28,0.508,0.2532,0.2388,1.0,2.0,2.4399999999999977,team2_win,False,0-5,0.15084830586732936,team1_win
2016,2016-09-17,West Bromwich Albion,West Ham United,58.86,62.06,0.4235,0.3021,0.2744,4.0,2.0,-3.200000000000003,team1_win,False,0-5,-0.20400296521569738,team1_win
2016,2016-09-17,Manchester City,AFC Bournemouth,87.58,59.4,0.8085,0.06,0.1315,4.0,0.0,28.18,team1_win,True,20+,1.7703291068739087,team1_win
2016,2016-09-17,Leicester City,Burnley,67.38,56.94,0.5477,0.19,0.2623,3.0,0.0,10.439999999999998,team1_win,True,10-15,0.6541834421553105,team1_win
2016,2016-09-17,Hull City,Arsenal,53.8,81.95,0.1705,0.5894,0.2401,1.0,4.0,-28.150000000000006,team2_win,True,20+,-1.773779421513839,team2_win
2016,2016-09-17,Everton,Middlesbrough,70.76,54.92,0.5906,0.1605,0.2489,3.0,1.0,15.840000000000003,team1_win,True,15-20,0.9939346591496981,team1_win
2016,2016-09-18,Watford,Manchester United,60.75,81.64,0.2007,0.5667,0.2326,3.0,1.0,-20.89,team1_win,False,20+,-1.3170027853324957,team2_win
2016,2016-09-18,Southampton,Swansea City,67.66,59.36,0.5339,0.2071,0.2591,1.0,0.0,8.299999999999997,team1_win,True,5-10,0.5195412931982756,team1_win
2016,2016-09-18,Crystal Palace,Stoke City,56.79,57.23,0.4505,0.2622,0.2872,4.0,1.0,-0.4399999999999977,team1_win,False,0-5,-0.030352343196343574,team1_win
2016,2016-09-18,Tottenham Hotspur,Sunderland,74.38,53.51,0.656,0.1278,0.2161,1.0,0.0,20.869999999999997,team1_win,True,20+,1.3104066260907659,team1_win
2016,2016-09-24,Manchester United,Leicester City,80.26,68.73,0.6165,0.1536,0.2298,4.0,1.0,11.530000000000001,team1_win,True,10-15,0.7227628544745481,team1_win
2016,2016-09-24,Sunderland,Crystal Palace,53.32,58.2,0.4314,0.2844,0.2841,2.0,3.0,-4.880000000000003,team2_win,True,0-5,-0.3097033438361734,team1_win
2016,2016-09-24,Middlesbrough,Tottenham Hotspur,54.34,74.49,0.2622,0.4619,0.2759,1.0,2.0,-20.14999999999999,team2_win,True,20+,-1.2704442852258568,team2_win
2016,2016-09-24,Liverpool,Hull City,79.92,52.27,0.7404,0.0832,0.1765,5.0,1.0,27.65,team1_win,True,20+,1.73698315409483,team1_win
2016,2016-09-24,Swansea City,Manchester City,58.75,88.31,0.0688,0.7915,0.1397,1.0,3.0,-29.560000000000002,team2_win,True,20+,-1.8624922392845953,team2_win
2016,2016-09-24,AFC Bournemouth,Everton,58.1,71.31,0.306,0.425,0.269,1.0,0.0,-13.21,team1_win,False,10-15,-0.8338010544960337,team2_win
2016,2016-09-24,Stoke City,West Bromwich Albion,55.79,59.09,0.4198,0.2998,0.2804,1.0,1.0,-3.3000000000000043,draw,False,0-5,-0.21029465441929726,team1_win
2016,2016-09-24,Arsenal,Chelsea,83.19,81.1,0.4983,0.2563,0.2453,3.0,0.0,2.0900000000000034,team1_win,True,0-5,0.12882739365473053,team1_win
2016,2016-09-25,West Ham United,Southampton,61.9,68.19,0.39,0.3417,0.2683,0.0,3.0,-6.289999999999999,team2_win,True,5-10,-0.39841616160692983,team1_win
2016,2016-09-26,Burnley,Watford,55.51,62.74,0.3845,0.3389,0.2766,2.0,0.0,-7.230000000000004,team1_win,False,5-10,-0.45755804012076795,team1_win
2016,2016-09-30,Everton,Crystal Palace,70.91,59.01,0.5911,0.1656,0.2433,1.0,1.0,11.899999999999999,draw,False,10-15,0.7460421045278671,team1_win
2016,2016-10-01,Swansea City,Liverpool,58.64,81.61,0.1616,0.634,0.2044,1.0,2.0,-22.97,team2_win,True,20+,-1.4478699207673706,team2_win
2016,2016-10-01,Hull City,Chelsea,50.28,79.83,0.1539,0.6221,0.224,0.0,2.0,-29.549999999999997,team2_win,True,20+,-1.8618630703642352,team2_win
2016,2016-10-01,Sunderland,West Bromwich Albion,52.52,58.94,0.4174,0.3028,0.2798,1.0,1.0,-6.419999999999995,draw,False,5-10,-0.40659535757160925,team1_win
2016,2016-10-01,West Ham United,Middlesbrough,60.07,53.47,0.5018,0.2363,0.2619,1.0,1.0,6.600000000000001,draw,False,5-10,0.4125825767370798,team1_win
2016,2016-10-01,Watford,AFC Bournemouth,61.59,58.45,0.4891,0.2536,0.2573,2.0,2.0,3.1400000000000006,draw,False,0-5,0.19489013029252789,team1_win
2016,2016-10-02,Manchester United,Stoke City,81.13,55.95,0.73,0.0876,0.1823,1.0,1.0,25.179999999999993,draw,False,20+,1.5815784307659153,team1_win
2016,2016-10-02,Tottenham Hotspur,Manchester City,76.15,88.4,0.2359,0.5285,0.2356,2.0,0.0,-12.25,team1_win,False,10-15,-0.7734008381414759,team2_win
2016,2016-10-02,Leicester City,Southampton,67.87,69.83,0.4395,0.2821,0.2784,0.0,0.0,-1.9599999999999937,draw,False,0-5,-0.12598601909105975,team1_win
2016,2016-10-02,Burnley,Arsenal,56.6,84.61,0.1284,0.6628,0.2088,0.0,1.0,-28.009999999999998,team2_win,True,20+,-1.7649710566287988,team2_win
2016,2016-10-15,Chelsea,Leicester City,80.91,67.21,0.6441,0.1367,0.2192,3.0,0.0,13.700000000000003,team1_win,True,10-15,0.8592925101926632,team1_win
2016,2016-10-15,AFC Bournemouth,Hull City,58.62,48.76,0.5258,0.2039,0.2703,6.0,1.0,9.86,team1_win,True,5-10,0.6176916447744321,team1_win
2016,2016-10-15,West Bromwich Albion,Tottenham Hotspur,59.09,77.04,0.2427,0.4903,0.267,1.0,1.0,-17.950000000000003,draw,False,15-20,-1.1320271227466627,team2_win
2016,2016-10-15,Manchester City,Everton,87.7,70.14,0.7338,0.0949,0.1713,1.0,1.0,17.560000000000002,draw,False,15-20,1.102151713451614,team1_win
2016,2016-10-15,Arsenal,Swansea City,84.98,58.68,0.7816,0.0671,0.1513,3.0,2.0,26.300000000000004,team1_win,True,20+,1.6520453498462335,team1_win
2016,2016-10-15,Stoke City,Sunderland,56.52,52.36,0.4744,0.2525,0.2731,2.0,0.0,4.160000000000004,team1_win,True,0-5,0.2590653601692457,team1_win
2016,2016-10-15,Crystal Palace,West Ham United,59.84,59.91,0.4559,0.2806,0.2636,0.0,1.0,-0.06999999999999318,team2_win,True,0-5,-0.00707309314302416,team1_win
2016,2016-10-16,Middlesbrough,Watford,53.6,61.44,0.3999,0.3233,0.2769,0.0,1.0,-7.839999999999996,team2_win,True,5-10,-0.495937344262726,team1_win
2016,2016-10-16,Southampton,Burnley,70.29,55.96,0.5977,0.1424,0.2598,3.0,1.0,14.330000000000005,team1_win,True,10-15,0.8989301521753419,team1_win
2016,2016-10-17,Liverpool,Manchester United,81.6,80.72,0.4737,0.2815,0.2448,0.0,0.0,0.8799999999999955,draw,False,0-5,0.05269795429117288,team1_win
2016,2016-10-22,AFC Bournemouth,Tottenham Hotspur,61.54,76.73,0.2779,0.454,0.2681,0.0,0.0,-15.190000000000005,draw,False,15-20,-0.9583765007273093,team2_win
2016,2016-10-22,Hull City,Stoke City,45.85,57.95,0.3652,0.3459,0.2889,0.0,2.0,-12.100000000000001,team2_win,True,10-15,-0.7639633043360763,team1_win
2016,2016-10-22,Swansea City,Watford,60.2,61.85,0.4466,0.2948,0.2586,0.0,0.0,-1.6499999999999986,draw,False,0-5,-0.10648178255990078,team1_win
2016,2016-10-22,Leicester City,Crystal Palace,65.7,59.15,0.5129,0.2144,0.2728,3.0,1.0,6.550000000000004,team1_win,True,5-10,0.4094367321352801,team1_win
2016,2016-10-22,Burnley,Everton,54.77,69.66,0.2941,0.4196,0.2863,2.0,1.0,-14.889999999999993,team1_win,False,10-15,-0.9395014331165092,team2_win
2016,2016-10-22,West Ham United,Sunderland,60.58,50.91,0.5369,0.2142,0.249,1.0,0.0,9.670000000000002,team1_win,True,5-10,0.6057374352875926,team1_win
2016,2016-10-22,Arsenal,Middlesbrough,85.58,53.15,0.7914,0.0595,0.1491,0.0,0.0,32.43,draw,False,20+,2.037725898026899,team1_win
2016,2016-10-22,Liverpool,West Bromwich Albion,81.26,59.19,0.7223,0.0976,0.1801,2.0,1.0,22.070000000000007,team1_win,True,20+,1.3859068965339636,team1_win
2016,2016-10-23,Manchester City,Southampton,87.29,71.47,0.7119,0.1044,0.1837,1.0,1.0,15.820000000000007,draw,False,15-20,0.9926763213089784,team1_win
2016,2016-10-23,Chelsea,Manchester United,82.0,80.66,0.4996,0.2397,0.2607,4.0,0.0,1.3400000000000034,team1_win,True,0-5,0.0816397246277323,team1_win
2016,2016-10-29,Sunderland,Arsenal,50.59,84.67,0.088,0.7482,0.1638,1.0,4.0,-34.08,team2_win,True,20+,-2.1468765912873042,team2_win
2016,2016-10-29,Watford,Hull City,61.69,44.7,0.5964,0.162,0.2416,1.0,0.0,16.989999999999995,team1_win,True,15-20,1.0662890849910949,team1_win
2016,2016-10-29,Manchester United,Burnley,79.31,55.35,0.7153,0.0881,0.1966,0.0,0.0,23.96,draw,False,20+,1.5048198224819989,team1_win
2016,2016-10-29,West Bromwich Albion,Manchester City,59.65,86.91,0.1021,0.7235,0.1744,0.0,4.0,-27.259999999999998,team2_win,True,20+,-1.7177833876018005,team2_win
2016,2016-10-29,Middlesbrough,AFC Bournemouth,54.4,61.22,0.4137,0.2922,0.2941,2.0,0.0,-6.82,team1_win,False,5-10,-0.4317621143860087,team1_win
2016,2016-10-29,Tottenham Hotspur,Leicester City,76.81,65.5,0.5991,0.1528,0.248,1.0,1.0,11.310000000000002,draw,False,10-15,0.7089211382266287,team1_win
2016,2016-10-29,Crystal Palace,Liverpool,59.44,80.93,0.1835,0.5938,0.2227,2.0,4.0,-21.49000000000001,team2_win,True,20+,-1.3547529205540947,team2_win
2016,2016-10-30,Everton,West Ham United,69.14,60.89,0.5554,0.1985,0.2461,2.0,0.0,8.25,team1_win,True,5-10,0.5163954485964758,team1_win
2016,2016-10-30,Southampton,Chelsea,71.92,83.43,0.2835,0.4507,0.2658,0.0,2.0,-11.510000000000005,team2_win,True,10-15,-0.7268423380348379,team2_win
2016,2016-10-31,Stoke City,Swansea City,59.12,60.29,0.4453,0.2799,0.2749,3.0,1.0,-1.1700000000000017,team1_win,False,0-5,-0.07628167438262211,team1_win
2016,2016-11-05,AFC Bournemouth,Sunderland,60.66,49.65,0.543,0.2013,0.2558,1.0,2.0,11.009999999999998,team2_win,False,10-15,0.6900460706158292,team1_win
2016,2016-11-05,Manchester City,Middlesbrough,88.27,54.97,0.8142,0.0497,0.1361,1.0,1.0,33.3,draw,False,20+,2.092463594098217,team1_win
2016,2016-11-05,West Ham United,Stoke City,60.24,60.34,0.4635,0.2702,0.2663,1.0,1.0,-0.10000000000000142,draw,False,0-5,-0.008960599904104609,team1_win
2016,2016-11-05,Burnley,Crystal Palace,55.21,59.04,0.4177,0.2947,0.2876,3.0,2.0,-3.8299999999999983,team1_win,False,0-5,-0.24364060719837563,team1_win
2016,2016-11-05,Chelsea,Everton,84.17,69.71,0.6702,0.1221,0.2077,5.0,0.0,14.460000000000008,team1_win,True,10-15,0.9071093481400218,team1_win
2016,2016-11-06,Arsenal,Tottenham Hotspur,85.54,75.3,0.6239,0.1517,0.2244,1.0,1.0,10.240000000000009,draw,False,10-15,0.6416000637481117,team1_win
2016,2016-11-06,Liverpool,Watford,81.35,62.1,0.713,0.1086,0.1784,6.0,1.0,19.249999999999993,team1_win,True,15-20,1.2084812609924493,team1_win
2016,2016-11-06,Hull City,Southampton,44.3,70.81,0.2393,0.4825,0.2783,2.0,1.0,-26.510000000000005,team1_win,False,20+,-1.6705957185748026,team2_win
2016,2016-11-06,Swansea City,Manchester United,59.08,79.39,0.2158,0.5381,0.2462,1.0,3.0,-20.310000000000002,team2_win,True,20+,-1.2805109879516172,team2_win
2016,2016-11-06,Leicester City,West Bromwich Albion,65.67,58.1,0.5196,0.2111,0.2693,1.0,2.0,7.57,team2_win,False,5-10,0.47361196201199746,team1_win
2016,2016-11-19,Manchester United,Arsenal,80.0,84.92,0.3734,0.3657,0.2608,1.0,1.0,-4.920000000000002,draw,False,0-5,-0.31222001951761325,team1_win
2016,2016-11-19,Sunderland,Hull City,50.04,44.95,0.5026,0.2232,0.2742,3.0,0.0,5.089999999999996,team1_win,True,5-10,0.31757806976272307,team1_win
2016,2016-11-19,Stoke City,AFC Bournemouth,60.92,60.28,0.4648,0.2642,0.271,0.0,1.0,0.6400000000000006,team2_win,False,0-5,0.03759790020253377,team1_win
2016,2016-11-19,Southampton,Liverpool,70.26,82.88,0.2692,0.485,0.2458,0.0,0.0,-12.61999999999999,draw,False,10-15,-0.7966800881947944,team2_win
2016,2016-11-19,Everton,Swansea City,67.31,58.26,0.5585,0.1937,0.2478,1.0,1.0,9.050000000000004,draw,False,5-10,0.5667289622252742,team1_win
2016,2016-11-19,Crystal Palace,Manchester City,59.07,87.88,0.0759,0.78,0.1442,1.0,2.0,-28.809999999999995,team2_win,True,20+,-1.8153045702575967,team2_win
2016,2016-11-19,Watford,Leicester City,60.26,64.41,0.4124,0.3127,0.2749,2.0,1.0,-4.149999999999999,team1_win,False,0-5,-0.26377401264989486,team1_win
2016,2016-11-19,Tottenham Hotspur,West Ham United,75.98,59.61,0.6484,0.1249,0.2267,3.0,2.0,16.370000000000005,team1_win,True,15-20,1.027280611928777,team1_win
2016,2016-11-20,Middlesbrough,Chelsea,55.64,85.9,0.1203,0.6708,0.209,0.0,1.0,-30.260000000000005,team2_win,True,20+,-1.9065340637097938,team2_win
2016,2016-11-21,West Bromwich Albion,Burnley,59.41,55.17,0.4969,0.2256,0.2775,4.0,0.0,4.239999999999995,team1_win,True,0-5,0.26409871153212494,team1_win
2016,2016-11-26,Burnley,Manchester City,53.12,87.72,0.0601,0.8024,0.1375,1.0,2.0,-34.6,team2_win,True,20+,-2.1795933751460232,team2_win
2016,2016-11-26,Liverpool,Sunderland,83.39,50.95,0.7999,0.0627,0.1374,2.0,0.0,32.44,team1_win,True,20+,2.038355066947259,team1_win
2016,2016-11-26,Hull City,West Bromwich Albion,44.06,61.42,0.3238,0.3867,0.2895,1.0,1.0,-17.36,draw,False,15-20,-1.0949061564454239,team2_win
2016,2016-11-26,Leicester City,Middlesbrough,63.63,54.86,0.502,0.2108,0.2872,2.0,2.0,8.770000000000003,draw,False,5-10,0.5491122324551948,team1_win
2016,2016-11-26,Swansea City,Crystal Palace,58.79,59.18,0.4556,0.279,0.2654,5.0,4.0,-0.39000000000000057,team1_win,False,0-5,-0.02720649859454387,team1_win
2016,2016-11-26,Chelsea,Tottenham Hotspur,86.29,75.06,0.645,0.1322,0.2228,2.0,1.0,11.230000000000004,team1_win,True,10-15,0.7038877868637491,team1_win
2016,2016-11-27,Watford,Stoke City,60.54,60.33,0.4609,0.2675,0.2716,0.0,1.0,0.21000000000000085,team2_win,False,0-5,0.010543636627054804,team1_win
2016,2016-11-27,Arsenal,AFC Bournemouth,84.45,60.85,0.7524,0.0849,0.1627,3.0,1.0,23.6,team1_win,True,20+,1.4821697413490396,team1_win
2016,2016-11-27,Southampton,Everton,69.27,66.79,0.4661,0.251,0.283,1.0,0.0,2.4799999999999898,team1_win,True,0-5,0.15336498154876876,team1_win
2016,2016-11-27,Manchester United,West Ham United,80.0,60.37,0.6847,0.1145,0.2007,1.0,1.0,19.630000000000003,draw,False,15-20,1.2323896799661291,team1_win
2016,2016-12-03,Manchester City,Chelsea,87.48,86.11,0.4914,0.2601,0.2485,1.0,3.0,1.3700000000000045,team2_win,False,0-5,0.0835272313888123,team1_win
2016,2016-12-03,Tottenham Hotspur,Swansea City,75.27,59.23,0.6472,0.1337,0.2191,5.0,0.0,16.04,team1_win,True,15-20,1.0065180375568974,team1_win
2016,2016-12-03,Crystal Palace,Southampton,58.8,69.86,0.3352,0.3892,0.2756,3.0,0.0,-11.060000000000002,team1_win,False,10-15,-0.6985297366186388,team2_win
2016,2016-12-03,Sunderland,Leicester City,50.61,63.73,0.3477,0.3703,0.282,2.0,1.0,-13.119999999999997,team1_win,False,10-15,-0.8281385342127937,team2_win
2016,2016-12-03,West Bromwich Albion,Watford,61.63,59.6,0.4836,0.2466,0.2698,3.0,1.0,2.030000000000001,team1_win,True,0-5,0.12505238013257053,team1_win
2016,2016-12-03,Stoke City,Burnley,61.21,53.56,0.5254,0.2018,0.2727,2.0,0.0,7.649999999999999,team1_win,True,5-10,0.47864531337487715,team1_win
2016,2016-12-03,West Ham United,Arsenal,61.16,84.21,0.1416,0.6674,0.191,1.0,5.0,-23.049999999999997,team2_win,True,20+,-1.4529032721302504,team2_win
2016,2016-12-04,AFC Bournemouth,Liverpool,61.36,83.54,0.1533,0.6454,0.2013,4.0,3.0,-22.180000000000007,team1_win,False,20+,-1.398165576058933,team2_win
2016,2016-12-04,Everton,Manchester United,66.16,79.41,0.279,0.4456,0.2754,1.0,1.0,-13.25,draw,False,10-15,-0.8363177301774735,team2_win
2016,2016-12-05,Middlesbrough,Hull City,54.82,43.86,0.5485,0.1734,0.2781,1.0,0.0,10.96,team1_win,True,10-15,0.6869002260140294,team1_win
2016,2016-12-10,Watford,Everton,59.33,66.6,0.3809,0.3428,0.2763,3.0,2.0,-7.269999999999996,team1_win,False,5-10,-0.4600747158022073,team1_win
2016,2016-12-10,Swansea City,Sunderland,56.34,51.65,0.4898,0.2521,0.2581,3.0,0.0,4.690000000000005,team1_win,True,0-5,0.2924113129483245,team1_win
2016,2016-12-10,Burnley,AFC Bournemouth,53.2,63.65,0.3523,0.3741,0.2736,3.0,2.0,-10.449999999999996,team1_win,False,10-15,-0.6601504324766798,team2_win
2016,2016-12-10,Hull City,Crystal Palace,43.14,60.65,0.3002,0.428,0.2718,3.0,3.0,-17.509999999999998,draw,False,15-20,-1.1043436902508235,team2_win
2016,2016-12-10,Arsenal,Stoke City,85.46,61.56,0.7568,0.0798,0.1634,3.0,1.0,23.89999999999999,team1_win,True,20+,1.5010448089598383,team1_win
2016,2016-12-10,Leicester City,Manchester City,60.72,86.39,0.11,0.7096,0.1804,4.0,2.0,-25.67,team1_win,False,20+,-1.6177455292645644,team2_win
2016,2016-12-11,Chelsea,West Bromwich Albion,86.69,61.9,0.7776,0.0659,0.1565,1.0,0.0,24.79,team1_win,True,20+,1.5570408428718767,team1_win
2016,2016-12-11,Southampton,Middlesbrough,68.24,55.54,0.5399,0.1785,0.2816,1.0,0.0,12.699999999999996,team1_win,True,10-15,0.7963756181566651,team1_win
2016,2016-12-11,Manchester United,Tottenham Hotspur,79.01,78.12,0.4656,0.255,0.2793,1.0,0.0,0.8900000000000006,team1_win,True,0-5,0.053327123211533184,team1_win
2016,2016-12-11,Liverpool,West Ham United,82.14,59.9,0.7453,0.0959,0.1588,2.0,2.0,22.240000000000002,draw,False,20+,1.3966027681800828,team1_win
2016,2016-12-13,Everton,Arsenal,65.92,85.11,0.1743,0.6144,0.2112,2.0,1.0,-19.189999999999998,team1_win,False,15-20,-1.2100440688712994,team2_win
2016,2016-12-13,AFC Bournemouth,Leicester City,62.47,63.24,0.4549,0.2909,0.2542,1.0,0.0,-0.7700000000000031,team1_win,False,0-5,-0.05111491756822314,team1_win
2016,2016-12-14,Middlesbrough,Liverpool,55.14,81.74,0.1692,0.604,0.2268,0.0,3.0,-26.599999999999994,team2_win,True,20+,-1.6762582388580418,team2_win
2016,2016-12-14,Sunderland,Chelsea,49.97,86.3,0.0736,0.7687,0.1577,0.0,1.0,-36.33,team2_win,True,20+,-2.288439598368299,team2_win
2016,2016-12-14,West Ham United,Burnley,60.48,54.41,0.521,0.2248,0.2541,1.0,0.0,6.07,team1_win,True,5-10,0.379236623958001,team1_win
2016,2016-12-14,Crystal Palace,Manchester United,59.76,79.33,0.2144,0.5447,0.2409,1.0,2.0,-19.57,team2_win,True,15-20,-1.2339524878449788,team2_win
2016,2016-12-14,Stoke City,Southampton,62.19,68.57,0.3852,0.3158,0.2989,0.0,0.0,-6.3799999999999955,draw,False,5-10,-0.40407868189016943,team1_win
2016,2016-12-14,Tottenham Hotspur,Hull City,77.63,43.95,0.7545,0.0671,0.1783,3.0,0.0,33.67999999999999,team1_win,True,20+,2.1163720130718957,team1_win
2016,2016-12-14,West Bromwich Albion,Swansea City,62.24,58.06,0.4963,0.2414,0.2623,3.0,1.0,4.18,team1_win,True,0-5,0.2603236980099654,team1_win
2016,2016-12-14,Manchester City,Watford,85.04,60.14,0.7818,0.0742,0.144,2.0,0.0,24.900000000000006,team1_win,True,20+,1.5639617009958369,team1_win
2016,2016-12-17,Crystal Palace,Chelsea,59.3,86.27,0.1037,0.7218,0.1745,0.0,1.0,-26.97,team2_win,True,20+,-1.6995374889113612,team2_win
2016,2016-12-17,West Ham United,Hull City,60.78,43.51,0.6003,0.1633,0.2364,1.0,0.0,17.270000000000003,team1_win,True,15-20,1.0839058147611746,team1_win
2016,2016-12-17,Sunderland,Watford,49.82,59.87,0.3806,0.3425,0.2769,1.0,0.0,-10.049999999999997,team1_win,False,10-15,-0.6349836756622809,team1_win
2016,2016-12-17,Stoke City,Leicester City,61.26,63.64,0.4287,0.2884,0.2829,2.0,2.0,-2.3800000000000026,draw,False,0-5,-0.1524111137461793,team1_win
2016,2016-12-17,Middlesbrough,Swansea City,53.26,57.55,0.436,0.2815,0.2825,3.0,0.0,-4.289999999999999,team1_win,False,0-5,-0.2725823775349346,team1_win
2016,2016-12-17,West Bromwich Albion,Manchester United,62.74,79.64,0.2434,0.4799,0.2767,0.0,2.0,-16.9,team2_win,True,15-20,-1.065964386108865,team2_win
2016,2016-12-18,AFC Bournemouth,Southampton,62.01,69.32,0.3714,0.3446,0.284,1.0,3.0,-7.309999999999995,team2_win,True,5-10,-0.4625913914836472,team1_win
2016,2016-12-18,Manchester City,Arsenal,85.1,84.33,0.4823,0.2837,0.234,2.0,1.0,0.769999999999996,team1_win,True,0-5,0.04577709616721318,team1_win
2016,2016-12-18,Tottenham Hotspur,Burnley,78.01,54.1,0.7138,0.0882,0.198,2.0,1.0,23.910000000000004,team1_win,True,20+,1.501673977880199,team1_win
2016,2016-12-19,Everton,Liverpool,67.04,83.07,0.2254,0.5437,0.2309,0.0,1.0,-16.029999999999987,team2_win,True,15-20,-1.0112266900375462,team2_win
2016,2016-12-26,Watford,Crystal Palace,59.24,59.06,0.4597,0.2826,0.2577,1.0,1.0,0.17999999999999972,draw,False,0-5,0.008656129865974804,team1_win
2016,2016-12-26,Swansea City,West Ham United,56.09,60.53,0.4211,0.3226,0.2563,1.0,4.0,-4.439999999999998,team2_win,True,0-5,-0.2820199113403341,team1_win
2016,2016-12-26,Chelsea,AFC Bournemouth,86.26,60.71,0.7867,0.0625,0.1508,3.0,0.0,25.550000000000004,team1_win,True,20+,1.6048576808192352,team1_win
2016,2016-12-26,Burnley,Middlesbrough,55.14,54.62,0.4254,0.2733,0.3013,1.0,0.0,0.5200000000000031,team1_win,True,0-5,0.03004787315821422,team1_win
2016,2016-12-26,Manchester United,Sunderland,80.36,50.44,0.7464,0.0693,0.1842,3.0,1.0,29.92,team1_win,True,20+,1.8798044990165448,team1_win
2016,2016-12-26,Arsenal,West Bromwich Albion,83.88,61.69,0.7397,0.0887,0.1716,1.0,0.0,22.189999999999998,team1_win,True,20+,1.3934569235782828,team1_win
2016,2016-12-26,Leicester City,Everton,63.54,65.91,0.439,0.291,0.27,0.0,2.0,-2.3699999999999974,team2_win,True,0-5,-0.15178194482581903,team1_win
2016,2016-12-26,Hull City,Manchester City,43.77,85.43,0.0528,0.8176,0.1296,0.0,3.0,-41.660000000000004,team2_win,True,20+,-2.623786632920167,team2_win
2016,2016-12-27,Liverpool,Stoke City,83.73,61.42,0.7354,0.0897,0.1749,4.0,1.0,22.310000000000002,team1_win,True,20+,1.4010069506226028,team1_win
2016,2016-12-28,Southampton,Tottenham Hotspur,70.49,77.23,0.3688,0.3326,0.2986,1.0,4.0,-6.740000000000009,team2_win,True,5-10,-0.4267287630231294,team1_win
2016,2016-12-30,Hull City,Everton,42.97,67.22,0.2472,0.4747,0.2781,2.0,2.0,-24.25,draw,False,20+,-1.5284035425734477,team2_win
2016,2016-12-31,Leicester City,West Ham United,62.1,62.48,0.4563,0.2846,0.2591,1.0,0.0,-0.37999999999999545,team1_win,False,0-5,-0.026577329674183574,team1_win
2016,2016-12-31,Manchester United,Middlesbrough,80.39,54.45,0.6999,0.0821,0.218,2.0,1.0,25.939999999999998,team1_win,True,20+,1.629395268713274,team1_win
2016,2016-12-31,Burnley,Sunderland,55.3,50.51,0.4777,0.2429,0.2795,4.0,1.0,4.789999999999999,team1_win,True,0-5,0.2987030021519239,team1_win
2016,2016-12-31,Chelsea,Stoke City,86.47,60.92,0.7734,0.0593,0.1674,4.0,2.0,25.549999999999997,team1_win,True,20+,1.6048576808192347,team1_win
2016,2016-12-31,Swansea City,AFC Bournemouth,54.05,60.31,0.4049,0.3413,0.2538,0.0,3.0,-6.260000000000005,team2_win,True,5-10,-0.3965286548458503,team1_win
2016,2016-12-31,Southampton,West Bromwich Albion,68.47,61.09,0.5245,0.1952,0.2803,1.0,2.0,7.3799999999999955,team2_win,False,5-10,0.4616577525251576,team1_win
2016,2016-12-31,Liverpool,Manchester City,84.12,85.88,0.4176,0.3366,0.2458,1.0,0.0,-1.759999999999991,team1_win,False,0-5,-0.11340264068386004,team1_win
2016,2017-01-01,Watford,Tottenham Hotspur,58.89,79.12,0.2167,0.5312,0.2521,1.0,4.0,-20.230000000000004,team2_win,True,20+,-1.2754776365887375,team2_win
2016,2017-01-01,Arsenal,Crystal Palace,84.22,59.4,0.7769,0.0775,0.1456,2.0,0.0,24.82,team1_win,True,20+,1.5589283496329567,team1_win
2016,2017-01-02,Middlesbrough,Leicester City,54.25,61.85,0.4065,0.2991,0.2944,0.0,0.0,-7.600000000000001,draw,False,5-10,-0.48083729017408694,team1_win
2016,2017-01-02,West Bromwich Albion,Hull City,62.52,43.41,0.6011,0.1466,0.2524,3.0,1.0,19.110000000000007,team1_win,True,15-20,1.1996728961074106,team1_win
2016,2017-01-02,Everton,Southampton,66.81,67.11,0.4521,0.2605,0.2874,3.0,0.0,-0.29999999999999716,team1_win,False,0-5,-0.02154397831130387,team1_win
2016,2017-01-02,Manchester City,Burnley,85.57,57.33,0.7931,0.0588,0.1481,2.0,1.0,28.239999999999995,team1_win,True,20+,1.7741041203960684,team1_win
2016,2017-01-02,Sunderland,Liverpool,48.44,84.07,0.0829,0.7588,0.1584,2.0,2.0,-35.629999999999995,draw,False,20+,-2.2443977739431005,team2_win
2016,2017-01-02,West Ham United,Manchester United,62.69,80.7,0.2187,0.532,0.2493,0.0,2.0,-18.010000000000005,team2_win,True,15-20,-1.1358021362688226,team2_win
2016,2017-01-03,AFC Bournemouth,Arsenal,62.1,84.35,0.1508,0.6522,0.197,3.0,3.0,-22.249999999999993,draw,False,20+,-1.402569758501452,team2_win
2016,2017-01-03,Stoke City,Watford,61.86,57.53,0.5072,0.2302,0.2626,2.0,0.0,4.329999999999998,team1_win,True,0-5,0.269761231815365,team1_win
2016,2017-01-03,Crystal Palace,Swansea City,59.05,52.18,0.5192,0.2375,0.2433,1.0,2.0,6.869999999999997,team2_win,False,5-10,0.4295701375867989,team1_win
2016,2017-01-04,Tottenham Hotspur,Chelsea,80.23,86.13,0.342,0.383,0.275,2.0,0.0,-5.8999999999999915,team1_win,False,5-10,-0.3738785737128903,team2_win
2016,2017-01-14,Tottenham Hotspur,West Bromwich Albion,80.84,62.11,0.6849,0.1047,0.2103,4.0,0.0,18.730000000000004,team1_win,True,15-20,1.1757644771337312,team1_win
2016,2017-01-14,Sunderland,Stoke City,49.66,62.75,0.3505,0.3695,0.2801,1.0,3.0,-13.090000000000003,team2_win,True,10-15,-0.8262510274517141,team2_win
2016,2017-01-14,Watford,Middlesbrough,56.6,53.91,0.4509,0.2552,0.2939,0.0,0.0,2.690000000000005,draw,False,0-5,0.1665775288763292,team1_win
2016,2017-01-14,Swansea City,Arsenal,53.79,83.85,0.094,0.7527,0.1533,0.0,4.0,-30.059999999999995,team2_win,True,20+,-1.8939506853025938,team2_win
2016,2017-01-14,Hull City,AFC Bournemouth,43.82,63.06,0.2907,0.4448,0.2646,3.0,1.0,-19.240000000000002,team1_win,False,15-20,-1.2131899134730997,team2_win
2016,2017-01-14,Burnley,Southampton,58.81,65.41,0.3827,0.3253,0.292,1.0,0.0,-6.599999999999994,team1_win,False,5-10,-0.41792039813808884,team1_win
2016,2017-01-14,West Ham United,Crystal Palace,61.43,57.49,0.5014,0.2438,0.2547,3.0,0.0,3.9399999999999977,team1_win,True,0-5,0.2452236439213258,team1_win
2016,2017-01-14,Leicester City,Chelsea,62.13,85.52,0.1446,0.6365,0.2189,0.0,3.0,-23.389999999999993,team2_win,True,20+,-1.4742950154224894,team2_win
2016,2017-01-15,Everton,Manchester City,68.57,84.63,0.2179,0.5358,0.2463,4.0,0.0,-16.060000000000002,team1_win,False,15-20,-1.0131141967986272,team2_win
2016,2017-01-15,Manchester United,Liverpool,81.54,83.32,0.4366,0.2999,0.2635,1.0,1.0,-1.779999999999987,draw,False,0-5,-0.11466097852457974,team1_win
2016,2017-01-21,Liverpool,Swansea City,83.48,52.3,0.8041,0.063,0.1328,2.0,3.0,31.180000000000007,team2_win,False,20+,1.9590797829819022,team1_win
2016,2017-01-21,West Bromwich Albion,Sunderland,60.16,48.48,0.5438,0.1959,0.2603,2.0,0.0,11.68,team1_win,True,10-15,0.7322003882799477,team1_win
2016,2017-01-21,Stoke City,Manchester United,63.89,81.26,0.2306,0.5044,0.265,1.0,1.0,-17.370000000000005,draw,False,15-20,-1.0955353253657842,team2_win
2016,2017-01-21,AFC Bournemouth,Watford,61.52,56.46,0.518,0.2315,0.2506,2.0,2.0,5.060000000000002,draw,False,5-10,0.3156905630016435,team1_win
2016,2017-01-21,Crystal Palace,Everton,56.32,70.55,0.3026,0.4305,0.2669,0.0,1.0,-14.229999999999997,team2_win,True,10-15,-0.897976284372751,team2_win
2016,2017-01-21,Middlesbrough,West Ham United,54.02,62.55,0.4006,0.2974,0.302,1.0,3.0,-8.529999999999994,team2_win,True,5-10,-0.5393499997675643,team1_win
2016,2017-01-21,Manchester City,Tottenham Hotspur,83.25,82.3,0.4706,0.2669,0.2625,2.0,2.0,0.9500000000000028,draw,False,0-5,0.05710213673369318,team1_win
2016,2017-01-22,Southampton,Leicester City,65.35,60.74,0.5064,0.215,0.2787,3.0,0.0,4.609999999999992,team1_win,True,0-5,0.28737796158544393,team1_win
2016,2017-01-22,Arsenal,Burnley,84.75,58.83,0.7779,0.0702,0.1519,2.0,1.0,25.92,team1_win,True,20+,1.6281369308725542,team1_win
2016,2017-01-22,Chelsea,Hull City,86.28,45.35,0.8436,0.035,0.1214,2.0,0.0,40.93,team1_win,True,20+,2.572519480332879,team1_win
2016,2017-01-31,AFC Bournemouth,Crystal Palace,61.11,55.67,0.5224,0.2315,0.2461,0.0,2.0,5.439999999999998,team2_win,False,5-10,0.3395989819753223,team1_win
2016,2017-01-31,Burnley,Leicester City,59.59,58.99,0.4631,0.2602,0.2767,1.0,0.0,0.6000000000000014,team1_win,True,0-5,0.03508122452109392,team1_win
2016,2017-01-31,Sunderland,Tottenham Hotspur,47.87,82.0,0.1089,0.702,0.1892,0.0,0.0,-34.13,draw,False,20+,-2.1500224358891042,team2_win
2016,2017-01-31,Middlesbrough,West Bromwich Albion,52.68,60.74,0.4014,0.2879,0.3106,1.0,1.0,-8.060000000000002,draw,False,5-10,-0.5097790605106459,team1_win
2016,2017-01-31,Arsenal,Watford,84.32,56.87,0.7902,0.0675,0.1424,1.0,2.0,27.449999999999996,team2_win,False,20+,1.7243997756876301,team1_win
2016,2017-01-31,Swansea City,Southampton,55.29,67.0,0.3367,0.3884,0.2749,2.0,1.0,-11.71,team1_win,False,10-15,-0.7394257164420371,team2_win
2016,2017-01-31,Liverpool,Chelsea,81.57,85.85,0.3637,0.3722,0.264,1.0,1.0,-4.280000000000001,draw,False,0-5,-0.2719532086145747,team2_win
2016,2017-02-01,West Ham United,Manchester City,64.0,83.71,0.1786,0.6038,0.2176,0.0,4.0,-19.709999999999994,team2_win,True,15-20,-1.242760852730018,team2_win
2016,2017-02-01,Stoke City,Everton,63.01,71.06,0.3606,0.3573,0.2821,1.0,1.0,-8.050000000000004,draw,False,5-10,-0.509149891590286,team1_win
2016,2017-02-01,Manchester United,Hull City,81.87,45.97,0.7917,0.0518,0.1565,0.0,0.0,35.900000000000006,draw,False,20+,2.256047513391811,team1_win
2016,2017-02-04,Chelsea,Arsenal,85.58,83.05,0.5259,0.2273,0.2468,3.0,1.0,2.530000000000001,team1_win,True,0-5,0.15651082615056935,team1_win
2016,2017-02-04,Watford,Burnley,58.77,60.65,0.4376,0.284,0.2785,2.0,1.0,-1.8799999999999955,team1_win,False,0-5,-0.12095266772818004,team1_win
2016,2017-02-04,Southampton,West Ham United,66.49,61.89,0.5116,0.2203,0.2681,1.0,3.0,4.599999999999994,team2_win,False,0-5,0.2867487926650841,team1_win
2016,2017-02-04,Crystal Palace,Sunderland,57.63,47.94,0.5269,0.2113,0.2618,0.0,4.0,9.690000000000005,team2_win,False,5-10,0.6069957731283128,team1_win
2016,2017-02-04,Hull City,Liverpool,46.87,81.75,0.1021,0.7198,0.1781,2.0,0.0,-34.88,team1_win,False,20+,-2.1972101049161026,team2_win
2016,2017-02-04,West Bromwich Albion,Stoke City,60.96,63.43,0.4301,0.2847,0.2853,1.0,0.0,-2.469999999999999,team1_win,False,0-5,-0.15807363402941887,team1_win
2016,2017-02-04,Everton,AFC Bournemouth,70.65,59.13,0.5912,0.1739,0.2349,6.0,3.0,11.520000000000003,team1_win,True,10-15,0.7221336855541883,team1_win
2016,2017-02-04,Tottenham Hotspur,Middlesbrough,81.78,52.47,0.7366,0.069,0.1943,1.0,0.0,29.310000000000002,team1_win,True,20+,1.8414251948745863,team1_win
2016,2017-02-05,Manchester City,Swansea City,85.09,55.86,0.8052,0.0618,0.1331,2.0,1.0,29.230000000000004,team1_win,True,20+,1.8363918435117066,team1_win
2016,2017-02-05,Leicester City,Manchester United,57.91,81.17,0.1783,0.5709,0.2508,0.0,3.0,-23.260000000000005,team2_win,True,20+,-1.4661158194578103,team2_win
2016,2017-02-11,Arsenal,Hull City,82.75,48.7,0.8028,0.0597,0.1375,2.0,0.0,34.05,team1_win,True,20+,2.139651263125215,team1_win
2016,2017-02-11,West Ham United,West Bromwich Albion,63.19,61.38,0.4772,0.2536,0.2692,2.0,2.0,1.8099999999999952,draw,False,0-5,0.11121066388465067,team1_win
2016,2017-02-11,Sunderland,Southampton,50.23,65.3,0.3261,0.3834,0.2905,0.0,4.0,-15.07,team2_win,True,15-20,-0.9508264736829892,team2_win
2016,2017-02-11,Stoke City,Crystal Palace,63.0,55.33,0.5362,0.2063,0.2575,1.0,0.0,7.670000000000002,team1_win,True,5-10,0.4799036512155973,team1_win
2016,2017-02-11,Middlesbrough,Everton,52.7,70.75,0.2963,0.4121,0.2915,0.0,0.0,-18.049999999999997,draw,False,15-20,-1.138318811950262,team2_win
2016,2017-02-11,Manchester United,Watford,82.26,59.26,0.7307,0.0804,0.189,2.0,0.0,23.000000000000007,team1_win,True,20+,1.4444196061274415,team1_win
2016,2017-02-11,Liverpool,Tottenham Hotspur,80.38,81.58,0.4306,0.3068,0.2626,2.0,0.0,-1.2000000000000028,team1_win,False,0-5,-0.07816918114370211,team1_win
2016,2017-02-12,Burnley,Chelsea,60.17,85.94,0.1286,0.6546,0.2167,1.0,1.0,-25.769999999999996,draw,False,20+,-1.624037218468164,team2_win
2016,2017-02-12,Swansea City,Leicester City,55.91,56.34,0.4644,0.2734,0.2622,2.0,0.0,-0.4300000000000068,team1_win,False,0-5,-0.02972317427598417,team1_win
2016,2017-02-13,AFC Bournemouth,Manchester City,59.26,85.03,0.1165,0.7088,0.1747,0.0,2.0,-25.770000000000003,team2_win,True,20+,-1.6240372184681644,team2_win
2016,2017-02-25,Everton,Sunderland,70.58,47.53,0.6657,0.1208,0.2135,2.0,0.0,23.049999999999997,team1_win,True,20+,1.4475654507292406,team1_win
2016,2017-02-25,Crystal Palace,Middlesbrough,55.03,52.75,0.4437,0.2543,0.302,1.0,0.0,2.280000000000001,team1_win,True,0-5,0.14078160314156996,team1_win
2016,2017-02-25,Chelsea,Swansea City,85.46,56.59,0.7975,0.0575,0.145,3.0,1.0,28.86999999999999,team1_win,True,20+,1.8137417623787466,team1_win
2016,2017-02-25,West Bromwich Albion,AFC Bournemouth,61.41,58.2,0.4885,0.2515,0.2601,2.0,1.0,3.2099999999999937,team1_win,True,0-5,0.19929431273504727,team1_win
2016,2017-02-25,Hull City,Burnley,48.63,60.89,0.36,0.3483,0.2917,1.0,1.0,-12.259999999999998,draw,False,10-15,-0.7740300070618357,team1_win
2016,2017-02-25,Watford,West Ham United,58.64,63.18,0.4092,0.3242,0.2667,1.0,1.0,-4.539999999999999,draw,False,0-5,-0.28831160054393395,team1_win
2016,2017-02-26,Tottenham Hotspur,Stoke City,80.36,63.26,0.6668,0.1122,0.221,4.0,0.0,17.1,team1_win,True,15-20,1.073209943115055,team1_win
2016,2017-02-27,Leicester City,Liverpool,55.89,81.56,0.1481,0.6427,0.2092,3.0,1.0,-25.67,team1_win,False,20+,-1.6177455292645644,team2_win
2016,2017-03-04,Manchester United,AFC Bournemouth,82.68,58.48,0.7494,0.079,0.1716,1.0,1.0,24.20000000000001,draw,False,20+,1.5199198765706388,team1_win
2016,2017-03-04,Swansea City,Burnley,56.69,60.51,0.4248,0.3058,0.2694,3.0,2.0,-3.8200000000000003,team1_win,False,0-5,-0.24301143827801577,team1_win
2016,2017-03-04,Leicester City,Hull City,57.95,49.01,0.517,0.2108,0.2722,3.0,1.0,8.940000000000005,team1_win,True,5-10,0.5598081041013145,team1_win
2016,2017-03-04,Stoke City,Middlesbrough,61.73,52.33,0.5077,0.1974,0.2949,2.0,0.0,9.399999999999999,team1_win,True,5-10,0.5887498744378731,team1_win
2016,2017-03-04,Watford,Southampton,58.12,67.77,0.3484,0.3606,0.2911,3.0,4.0,-9.649999999999999,team2_win,True,5-10,-0.6098169188478819,team2_win
2016,2017-03-04,West Bromwich Albion,Crystal Palace,61.14,55.47,0.5132,0.2167,0.2701,0.0,2.0,5.670000000000002,team2_win,False,5-10,0.354069867143602,team1_win
2016,2017-03-04,Liverpool,Arsenal,80.11,82.04,0.4298,0.3348,0.2354,3.0,1.0,-1.9300000000000068,team1_win,False,0-5,-0.12409851232998063,team1_win
2016,2017-03-05,Tottenham Hotspur,Everton,81.56,70.86,0.6123,0.1505,0.2372,3.0,2.0,10.700000000000003,team1_win,True,10-15,0.6705418340846703,team1_win
2016,2017-03-05,Sunderland,Manchester City,47.18,85.75,0.0609,0.8008,0.1383,0.0,2.0,-38.57,team2_win,True,20+,-2.429373436528934,team2_win
2016,2017-03-06,West Ham United,Chelsea,63.66,85.42,0.1544,0.6242,0.2214,1.0,2.0,-21.760000000000005,team2_win,True,20+,-1.3717404814038139,team2_win
2016,2017-03-08,Manchester City,Stoke City,86.04,63.38,0.7566,0.0756,0.1677,0.0,0.0,22.660000000000004,draw,False,20+,1.423027862835202,team1_win
2016,2017-03-11,Hull City,Swansea City,48.24,57.63,0.3824,0.3467,0.271,2.0,1.0,-9.39,team1_win,False,5-10,-0.5934585269185226,team1_win
2016,2017-03-11,AFC Bournemouth,West Ham United,59.12,63.49,0.4177,0.3272,0.2552,3.0,2.0,-4.3700000000000045,team1_win,False,0-5,-0.2776157288978147,team1_win
2016,2017-03-11,Everton,West Bromwich Albion,71.32,58.87,0.5936,0.1608,0.2456,3.0,0.0,12.449999999999996,team1_win,True,10-15,0.7806463951476657,team1_win
2016,2017-03-12,Liverpool,Burnley,81.2,59.63,0.7262,0.0971,0.1766,2.0,1.0,21.57,team1_win,True,20+,1.3544484505159644,team1_win
2016,2017-03-18,West Bromwich Albion,Arsenal,57.34,79.87,0.1799,0.601,0.2191,3.0,1.0,-22.53,team1_win,False,20+,-1.4201864882715318,team2_win
2016,2017-03-18,West Ham United,Leicester City,62.25,59.7,0.4896,0.2519,0.2586,2.0,3.0,2.549999999999997,team2_win,False,0-5,0.15776916399128907,team1_win
2016,2017-03-18,Sunderland,Burnley,46.6,60.46,0.3471,0.3664,0.2865,0.0,0.0,-13.86,draw,False,10-15,-0.874697034319432,team2_win
2016,2017-03-18,Stoke City,Chelsea,64.0,85.5,0.1704,0.5806,0.2491,1.0,2.0,-21.5,team2_win,True,20+,-1.3553820894744542,team2_win
2016,2017-03-18,Everton,Hull City,72.68,48.71,0.6775,0.1108,0.2117,4.0,0.0,23.970000000000006,team1_win,True,20+,1.505448991402359,team1_win
2016,2017-03-18,Crystal Palace,Watford,57.8,58.21,0.453,0.2763,0.2706,1.0,0.0,-0.4100000000000037,team1_win,False,0-5,-0.02846483643526402,team1_win
2016,2017-03-18,AFC Bournemouth,Swansea City,60.47,57.15,0.5023,0.2604,0.2372,2.0,0.0,3.3200000000000003,team1_win,True,0-5,0.20621517085900745,team1_win
2016,2017-03-19,Middlesbrough,Manchester United,50.7,82.23,0.1506,0.5876,0.2618,1.0,3.0,-31.53,team2_win,True,20+,-1.9864385165955105,team2_win
2016,2017-03-19,Tottenham Hotspur,Southampton,81.32,67.83,0.639,0.1327,0.2283,2.0,1.0,13.489999999999995,team1_win,True,10-15,0.8460799628651031,team1_win
2016,2017-03-19,Manchester City,Liverpool,84.96,80.54,0.5552,0.2117,0.2331,1.0,1.0,4.4199999999999875,draw,False,0-5,0.2754237520986041,team1_win
2016,2017-04-01,Liverpool,Everton,80.87,73.99,0.5686,0.2007,0.2307,3.0,1.0,6.88000000000001,team1_win,True,5-10,0.43019930650715965,team1_win
2016,2017-04-01,Watford,Sunderland,58.0,46.36,0.544,0.1961,0.2599,1.0,0.0,11.64,team1_win,True,10-15,0.7296837125985078,team1_win
2016,2017-04-01,Burnley,Tottenham Hotspur,60.7,81.15,0.2021,0.5428,0.2551,0.0,2.0,-20.450000000000003,team2_win,True,20+,-1.2893193528366569,team2_win
2016,2017-04-01,Chelsea,Crystal Palace,85.66,57.99,0.7807,0.057,0.1623,1.0,2.0,27.669999999999995,team2_win,False,20+,1.7382414919355496,team1_win
2016,2017-04-01,Hull City,West Ham United,47.21,61.64,0.3341,0.396,0.2699,2.0,1.0,-14.43,team1_win,False,10-15,-0.9105596627799507,team2_win
2016,2017-04-01,Manchester United,West Bromwich Albion,81.95,59.46,0.7198,0.0833,0.1969,0.0,0.0,22.490000000000002,draw,False,20+,1.4123319911890824,team1_win
2016,2017-04-01,Leicester City,Stoke City,60.35,63.8,0.4179,0.2994,0.2828,2.0,0.0,-3.4499999999999957,team1_win,False,0-5,-0.21973218822469637,team1_win
2016,2017-04-01,Southampton,AFC Bournemouth,68.07,61.09,0.54,0.2137,0.2463,0.0,0.0,6.97999999999999,draw,False,5-10,0.43649099571075817,team1_win
2016,2017-04-02,Swansea City,Middlesbrough,56.51,51.32,0.484,0.2379,0.2781,0.0,0.0,5.189999999999998,draw,False,5-10,0.3238697589663229,team1_win
2016,2017-04-02,Arsenal,Manchester City,78.22,84.76,0.329,0.4288,0.2422,2.0,2.0,-6.540000000000006,draw,False,5-10,-0.4141453846159297,team2_win
2016,2017-04-04,Leicester City,Sunderland,61.03,45.81,0.5779,0.1712,0.2509,2.0,0.0,15.219999999999999,team1_win,True,15-20,0.9549261860873793,team1_win
2016,2017-04-04,Burnley,Stoke City,59.7,63.15,0.4178,0.2888,0.2934,1.0,0.0,-3.4499999999999957,team1_win,False,0-5,-0.21973218822469637,team1_win
2016,2017-04-04,Watford,West Bromwich Albion,58.57,59.97,0.4399,0.274,0.2861,2.0,0.0,-1.3999999999999986,team1_win,False,0-5,-0.09075255955090136,team1_win
2016,2017-04-04,Manchester United,Everton,81.43,74.15,0.5707,0.1744,0.255,1.0,1.0,7.280000000000001,draw,False,5-10,0.4553660633215582,team1_win
2016,2017-04-05,Swansea City,Tottenham Hotspur,56.01,81.84,0.1469,0.6395,0.2136,1.0,3.0,-25.830000000000005,team2_win,True,20+,-1.6278122319903243,team2_win
2016,2017-04-05,Arsenal,West Ham United,78.17,61.41,0.6847,0.1346,0.1807,3.0,0.0,16.760000000000005,team1_win,True,15-20,1.051818199822816,team1_win
2016,2017-04-05,Hull City,Middlesbrough,47.44,51.78,0.4072,0.2809,0.3119,4.0,2.0,-4.340000000000003,team1_win,False,0-5,-0.2757282221367347,team1_win
2016,2017-04-05,Southampton,Crystal Palace,67.27,59.95,0.5375,0.1976,0.2649,3.0,1.0,7.319999999999993,team1_win,True,5-10,0.4578827390029976,team1_win
2016,2017-04-05,Liverpool,AFC Bournemouth,80.73,61.84,0.7112,0.1138,0.1749,2.0,2.0,18.89,draw,False,15-20,1.1858311798594907,team1_win
2016,2017-04-05,Chelsea,Manchester City,84.62,84.8,0.4585,0.275,0.2665,2.0,1.0,-0.1799999999999926,team1_win,False,0-5,-0.013993951266983865,team1_win
2016,2017-04-08,Tottenham Hotspur,Watford,82.35,58.78,0.7389,0.0808,0.1803,4.0,0.0,23.569999999999993,team1_win,True,20+,1.4802822345879592,team1_win
2016,2017-04-08,Manchester City,Hull City,84.87,48.81,0.8208,0.0488,0.1304,3.0,1.0,36.06,team1_win,True,20+,2.2661142161175705,team1_win
2016,2017-04-08,West Bromwich Albion,Southampton,59.76,68.24,0.3632,0.3425,0.2943,0.0,1.0,-8.479999999999997,team2_win,True,5-10,-0.5362041551657646,team1_win
2016,2017-04-08,West Ham United,Swansea City,60.11,55.29,0.5119,0.2417,0.2463,1.0,0.0,4.82,team1_win,True,0-5,0.30059050891300393,team1_win
2016,2017-04-08,Middlesbrough,Burnley,50.44,59.59,0.3898,0.3015,0.3086,0.0,0.0,-9.150000000000006,draw,False,5-10,-0.5783584728298835,team1_win
2016,2017-04-08,Stoke City,Liverpool,63.22,80.18,0.2381,0.5129,0.2491,1.0,2.0,-16.960000000000008,team2_win,True,15-20,-1.0697393996310254,team2_win
2016,2017-04-08,AFC Bournemouth,Chelsea,62.59,84.64,0.1524,0.6389,0.2087,1.0,3.0,-22.049999999999997,team2_win,True,20+,-1.3899863800942527,team2_win
2016,2017-04-09,Sunderland,Manchester United,45.28,81.73,0.1091,0.6785,0.2125,0.0,3.0,-36.45,team2_win,True,20+,-2.295989625412619,team2_win
2016,2017-04-09,Everton,Leicester City,73.84,61.57,0.6057,0.1609,0.2334,4.0,2.0,12.270000000000003,team1_win,True,10-15,0.7693213545811866,team1_win
2016,2017-04-10,Crystal Palace,Arsenal,59.03,79.12,0.1982,0.5854,0.2164,3.0,0.0,-20.090000000000003,team1_win,False,20+,-1.2666692717036978,team2_win
2016,2017-04-15,Tottenham Hotspur,AFC Bournemouth,83.15,61.75,0.7359,0.0891,0.1749,4.0,0.0,21.400000000000006,team1_win,True,20+,1.343752578869845,team1_win
2016,2017-04-15,Everton,Burnley,74.65,59.94,0.622,0.1431,0.2349,3.0,1.0,14.710000000000008,team1_win,True,10-15,0.9228385711490211,team1_win
2016,2017-04-15,Stoke City,Hull City,63.38,49.0,0.5719,0.172,0.256,3.0,1.0,14.380000000000003,team1_win,True,10-15,0.9020759967771416,team1_win
2016,2017-04-15,Watford,Swansea City,57.62,54.99,0.483,0.2526,0.2644,1.0,0.0,2.6299999999999955,team1_win,True,0-5,0.16280251535416876,team1_win
2016,2017-04-15,Sunderland,West Ham United,44.86,60.4,0.329,0.3916,0.2794,2.0,2.0,-15.54,draw,False,15-20,-0.980397412939908,team2_win
2016,2017-04-15,Crystal Palace,Leicester City,61.58,60.75,0.4686,0.2662,0.2652,2.0,2.0,0.8299999999999983,draw,False,0-5,0.04955210968937318,team1_win
2016,2017-04-15,Southampton,Manchester City,68.32,84.78,0.2159,0.5359,0.2482,0.0,3.0,-16.460000000000008,team2_win,True,15-20,-1.0382809536130266,team2_win
2016,2017-04-16,West Bromwich Albion,Liverpool,59.65,80.05,0.2053,0.5551,0.2396,0.0,1.0,-20.4,team2_win,True,20+,-1.2861735082348567,team2_win
2016,2017-04-16,Manchester United,Chelsea,82.04,85.17,0.4029,0.311,0.2861,2.0,0.0,-3.1299999999999955,team1_win,False,0-5,-0.1995987827731771,team1_win
2016,2017-04-17,Middlesbrough,Arsenal,50.08,77.05,0.186,0.5809,0.2331,1.0,2.0,-26.97,team2_win,True,20+,-1.6995374889113612,team2_win
2016,2017-04-22,Hull City,Watford,48.69,57.62,0.3972,0.3238,0.279,2.0,0.0,-8.93,team1_win,False,5-10,-0.5645167565819637,team1_win
2016,2017-04-22,AFC Bournemouth,Middlesbrough,60.25,50.56,0.5278,0.2062,0.2659,4.0,0.0,9.689999999999998,team1_win,True,5-10,0.6069957731283123,team1_win
2016,2017-04-22,Swansea City,Stoke City,54.99,63.69,0.3671,0.3491,0.2837,2.0,0.0,-8.699999999999996,team1_win,False,5-10,-0.550045871413684,team1_win
2016,2017-04-22,West Ham United,Everton,59.79,74.99,0.2709,0.4813,0.2478,0.0,0.0,-15.199999999999996,draw,False,15-20,-0.9590056696476686,team2_win
2016,2017-04-23,Burnley,Manchester United,59.66,82.74,0.1771,0.5625,0.2604,0.0,2.0,-23.08,team2_win,True,20+,-1.4547907788913303,team2_win
2016,2017-04-23,Liverpool,Crystal Palace,80.53,61.87,0.7023,0.1131,0.1846,1.0,2.0,18.660000000000004,team2_win,False,15-20,1.1713602946912114,team1_win
2016,2017-04-25,Chelsea,Southampton,84.36,66.67,0.6965,0.0996,0.2039,4.0,2.0,17.689999999999998,team1_win,True,15-20,1.1103309094162934,team1_win
2016,2017-04-26,Arsenal,Leicester City,76.65,61.54,0.658,0.1455,0.1965,1.0,0.0,15.110000000000007,team1_win,True,15-20,0.9480053279634201,team1_win
2016,2017-04-26,Middlesbrough,Sunderland,47.95,45.45,0.473,0.2307,0.2964,1.0,0.0,2.5,team1_win,True,0-5,0.15462331938948934,team1_win
2016,2017-04-26,Crystal Palace,Tottenham Hotspur,63.47,84.14,0.173,0.5978,0.2292,0.0,1.0,-20.67,team2_win,True,20+,-1.3031610690845763,team2_win
2016,2017-04-27,Manchester City,Manchester United,85.88,83.39,0.4958,0.2335,0.2706,0.0,0.0,2.489999999999995,draw,False,0-5,0.15399415046912907,team1_win
2016,2017-04-29,West Bromwich Albion,Leicester City,58.86,61.22,0.4328,0.2758,0.2914,0.0,1.0,-2.3599999999999994,team2_win,True,0-5,-0.15115277590545917,team1_win
2016,2017-04-29,Sunderland,AFC Bournemouth,45.76,62.97,0.3067,0.4243,0.269,0.0,1.0,-17.21,team2_win,True,15-20,-1.0854686226400243,team2_win
2016,2017-04-29,Stoke City,West Ham United,63.14,60.11,0.4906,0.2376,0.2718,0.0,0.0,3.030000000000001,draw,False,0-5,0.18796927216856818,team1_win
2016,2017-04-29,Southampton,Hull City,66.94,49.42,0.6113,0.1554,0.2334,0.0,0.0,17.519999999999996,draw,False,15-20,1.0996350377701736,team1_win
2016,2017-04-29,Crystal Palace,Burnley,62.78,58.68,0.4973,0.2286,0.2741,0.0,2.0,4.100000000000001,team2_win,False,0-5,0.2552903466470857,team1_win
2016,2017-04-30,Manchester United,Swansea City,82.95,55.57,0.7623,0.0631,0.1746,1.0,1.0,27.380000000000003,draw,False,20+,1.7199955932451108,team1_win
2016,2017-04-30,Middlesbrough,Manchester City,47.67,86.02,0.0759,0.7484,0.1757,2.0,2.0,-38.349999999999994,draw,False,20+,-2.415531720281014,team2_win
2016,2017-04-30,Everton,Chelsea,74.52,84.44,0.2917,0.4465,0.2618,0.0,3.0,-9.920000000000002,team2_win,True,5-10,-0.6268044796976014,team2_win
2016,2017-04-30,Tottenham Hotspur,Arsenal,84.44,76.77,0.6063,0.1712,0.2224,2.0,0.0,7.670000000000002,team1_win,True,5-10,0.4799036512155973,team1_win
2016,2017-05-01,Watford,Liverpool,56.91,79.29,0.1865,0.5859,0.2276,0.0,1.0,-22.38000000000001,team2_win,True,20+,-1.4107489544661327,team2_win
2016,2017-05-05,West Ham United,Tottenham Hotspur,60.08,85.12,0.1359,0.6472,0.2169,1.0,0.0,-25.040000000000006,team1_win,False,20+,-1.5781078872818863,team2_win
2016,2017-05-06,Manchester City,Crystal Palace,85.35,61.04,0.7702,0.0722,0.1576,5.0,0.0,24.309999999999995,team1_win,True,20+,1.5268407346945976,team1_win
2016,2017-05-06,Leicester City,Watford,61.5,56.43,0.5066,0.2198,0.2737,3.0,0.0,5.07,team1_win,True,5-10,0.31631973192200336,team1_win
2016,2017-05-06,AFC Bournemouth,Stoke City,63.33,63.12,0.459,0.2696,0.2714,2.0,2.0,0.21000000000000085,draw,False,0-5,0.010543636627054804,team1_win
2016,2017-05-06,Hull City,Sunderland,50.07,45.4,0.4979,0.2241,0.278,0.0,2.0,4.670000000000002,team2_win,False,0-5,0.29115297510760435,team1_win
2016,2017-05-06,Burnley,West Bromwich Albion,60.4,58.55,0.4666,0.2328,0.3006,2.0,2.0,1.8500000000000014,draw,False,0-5,0.11372733956609098,team1_win
2016,2017-05-06,Swansea City,Everton,57.29,72.66,0.2803,0.4571,0.2626,1.0,0.0,-15.369999999999997,team1_win,False,15-20,-0.9697015412937884,team2_win
2016,2017-05-07,Liverpool,Southampton,79.5,66.28,0.6337,0.1452,0.2211,0.0,0.0,13.219999999999999,draw,False,10-15,0.829092402015384,team1_win
2016,2017-05-07,Arsenal,Manchester United,75.81,81.82,0.3462,0.3831,0.2708,2.0,0.0,-6.009999999999991,team1_win,False,5-10,-0.38079943183685,team2_win
2016,2017-05-08,Chelsea,Middlesbrough,85.75,48.96,0.817,0.043,0.14,3.0,0.0,36.79,team1_win,True,20+,2.3120435473038485,team1_win
2016,2017-05-10,Southampton,Arsenal,66.29,76.97,0.3204,0.4172,0.2624,0.0,2.0,-10.679999999999993,team2_win,True,10-15,-0.6746213176449591,team2_win
2016,2017-05-12,Everton,Watford,71.65,55.49,0.6285,0.1379,0.2336,1.0,0.0,16.160000000000004,team1_win,True,15-20,1.0140680646012172,team1_win
2016,2017-05-12,West Bromwich Albion,Chelsea,58.64,86.15,0.1202,0.6679,0.2119,0.0,1.0,-27.510000000000005,team2_win,True,20+,-1.7335126106108003,team2_win
2016,2017-05-13,Manchester City,Leicester City,86.44,62.43,0.7725,0.0697,0.1579,2.0,1.0,24.009999999999998,team1_win,True,20+,1.5079656670837984,team1_win
2016,2017-05-13,AFC Bournemouth,Burnley,62.64,60.35,0.4867,0.2517,0.2616,2.0,1.0,2.289999999999999,team1_win,True,0-5,0.14141077206192978,team1_win
2016,2017-05-13,Middlesbrough,Southampton,48.3,65.16,0.3141,0.3829,0.3031,1.0,2.0,-16.86,team2_win,True,15-20,-1.0634477104274251,team2_win
2016,2017-05-13,Sunderland,Swansea City,47.4,58.37,0.3736,0.3382,0.2881,0.0,2.0,-10.969999999999999,team2_win,True,10-15,-0.6928672163353988,team1_win
2016,2017-05-13,Stoke City,Arsenal,63.82,77.93,0.2782,0.4634,0.2584,1.0,4.0,-14.110000000000007,team2_win,True,10-15,-0.890426257328432,team2_win
2016,2017-05-14,Crystal Palace,Hull City,59.35,48.01,0.5448,0.2015,0.2537,4.0,0.0,11.340000000000003,team1_win,True,10-15,0.7108086449877088,team1_win
2016,2017-05-14,West Ham United,Liverpool,61.78,79.28,0.2331,0.5154,0.2515,0.0,4.0,-17.5,team2_win,True,15-20,-1.1037145213304635,team2_win
2016,2017-05-14,Tottenham Hotspur,Manchester United,83.94,80.76,0.4992,0.2104,0.2904,2.0,1.0,3.1799999999999926,team1_win,True,0-5,0.1974068059739673,team1_win
2016,2017-05-15,Chelsea,Watford,86.71,56.16,0.8064,0.0485,0.1451,4.0,3.0,30.549999999999997,team1_win,True,20+,1.919442140999223,team1_win
2016,2017-05-16,Arsenal,Sunderland,78.99,46.51,0.7723,0.0716,0.156,2.0,0.0,32.48,team1_win,True,20+,2.0408717426286986,team1_win
2016,2017-05-16,Manchester City,West Bromwich Albion,85.93,57.63,0.7865,0.0579,0.1557,3.0,1.0,28.300000000000004,team1_win,True,20+,1.7778791339182287,team1_win
2016,2017-05-17,Southampton,Manchester United,65.03,80.42,0.2548,0.4562,0.289,0.0,0.0,-15.39,draw,False,15-20,-0.9709598791345085,team2_win
2016,2017-05-18,Leicester City,Tottenham Hotspur,63.31,84.39,0.1741,0.5848,0.2411,1.0,6.0,-21.08,team2_win,True,20+,-1.3289569948193352,team2_win
2016,2017-05-21,Chelsea,Sunderland,85.9,45.14,0.8429,0.0371,0.12,5.0,1.0,40.760000000000005,team1_win,True,20+,2.5618236086867596,team1_win
2016,2017-05-21,Burnley,West Ham United,60.17,59.28,0.4661,0.2562,0.2777,1.0,2.0,0.8900000000000006,team2_win,False,0-5,0.053327123211533184,team1_win
2016,2017-05-21,Arsenal,Everton,80.08,71.02,0.595,0.1824,0.2225,3.0,1.0,9.060000000000002,team1_win,True,5-10,0.567358131145634,team1_win
2016,2017-05-21,Hull City,Tottenham Hotspur,46.14,85.8,0.062,0.7893,0.1486,1.0,7.0,-39.66,team2_win,True,20+,-2.497952848848171,team2_win
2016,2017-05-21,Manchester United,Crystal Palace,79.8,61.19,0.6816,0.102,0.2164,2.0,0.0,18.61,team1_win,True,15-20,1.1682144500894114,team1_win
2016,2017-05-21,Leicester City,AFC Bournemouth,61.39,62.83,0.4424,0.3,0.2576,1.0,1.0,-1.4399999999999977,draw,False,0-5,-0.09326923523234122,team1_win
2016,2017-05-21,Southampton,Stoke City,65.66,62.71,0.4866,0.2287,0.2848,0.0,1.0,2.9499999999999957,team2_win,False,0-5,0.18293592080568802,team1_win
2016,2017-05-21,Swansea City,West Bromwich Albion,59.28,57.65,0.469,0.2456,0.2855,2.0,1.0,1.6300000000000026,team1_win,True,0-5,0.09988562331817157,team1_win
2016,2017-05-21,Liverpool,Middlesbrough,81.24,48.46,0.7728,0.0632,0.164,3.0,0.0,32.779999999999994,team1_win,True,20+,2.059746810239498,team1_win
2016,2017-05-21,Watford,Manchester City,57.88,85.99,0.1029,0.7178,0.1793,0.0,5.0,-28.109999999999992,team2_win,True,20+,-1.7712627458323982,team2_win
2017,2017-08-11,Arsenal,Leicester City,78.18,61.77,0.643,0.1563,0.2007,4.0,3.0,16.410000000000004,team1_win,True,15-20,1.0297972876102168,team1_win
2017,2017-08-12,Watford,Liverpool,54.25,77.15,0.2193,0.5384,0.2423,3.0,3.0,-22.900000000000006,draw,False,20+,-1.4434657383248513,team2_win
2017,2017-08-12,West Bromwich Albion,AFC Bournemouth,56.21,58.25,0.4246,0.3019,0.2735,1.0,0.0,-2.039999999999999,team1_win,False,0-5,-0.1310193704539399,team1_win
2017,2017-08-12,Crystal Palace,Huddersfield Town,59.47,44.57,0.6,0.1606,0.2393,0.0,3.0,14.899999999999999,team2_win,False,10-15,0.93479278063586,team1_win
2017,2017-08-12,Chelsea,Burnley,82.76,59.76,0.7184,0.1011,0.1805,2.0,3.0,23.000000000000007,team2_win,False,20+,1.4444196061274415,team1_win
2017,2017-08-12,Southampton,Swansea City,63.35,57.72,0.5044,0.2296,0.266,0.0,0.0,5.630000000000003,draw,False,5-10,0.3515531914621622,team1_win
2017,2017-08-12,Everton,Stoke City,67.06,60.8,0.5129,0.2283,0.2588,1.0,0.0,6.260000000000005,team1_win,True,5-10,0.39119083344484085,team1_win
2017,2017-08-12,Brighton and Hove Albion,Manchester City,47.43,84.21,0.1143,0.6987,0.1871,0.0,2.0,-36.779999999999994,team2_win,True,20+,-2.3167521997844975,team2_win
2017,2017-08-13,Newcastle,Tottenham Hotspur,52.0,80.29,0.1731,0.6044,0.2226,0.0,2.0,-28.290000000000006,team2_win,True,20+,-1.7825877863988786,team2_win
2017,2017-08-13,Manchester United,West Ham United,82.16,60.38,0.7051,0.0992,0.1957,4.0,0.0,21.779999999999994,team1_win,True,20+,1.3676609978435235,team1_win
2017,2017-08-19,Swansea City,Manchester United,56.94,82.92,0.1782,0.5796,0.2423,0.0,4.0,-25.980000000000004,team2_win,True,20+,-1.637249765795724,team2_win
2017,2017-08-19,Burnley,West Bromwich Albion,61.62,56.78,0.4893,0.2304,0.2803,0.0,1.0,4.839999999999996,team2_win,False,0-5,0.30184884675372364,team1_win
2017,2017-08-19,AFC Bournemouth,Watford,57.66,55.28,0.471,0.2673,0.2617,0.0,2.0,2.3799999999999955,team2_win,False,0-5,0.14707329234516936,team1_win
2017,2017-08-19,Leicester City,Brighton and Hove Albion,62.15,46.4,0.6063,0.1526,0.2411,2.0,0.0,15.75,team1_win,True,15-20,0.9882721388664581,team1_win
2017,2017-08-19,Liverpool,Crystal Palace,76.45,56.81,0.6679,0.1321,0.2,1.0,0.0,19.64,team1_win,True,15-20,1.2330188488864888,team1_win
2017,2017-08-19,Southampton,West Ham United,64.07,59.35,0.4937,0.2359,0.2704,3.0,2.0,4.719999999999992,team1_win,True,0-5,0.29429881970940364,team1_win
2017,2017-08-19,Stoke City,Arsenal,60.68,78.07,0.2681,0.4873,0.2446,1.0,0.0,-17.389999999999993,team1_win,False,15-20,-1.0967936632065034,team2_win
2017,2017-08-20,Huddersfield Town,Newcastle,47.19,50.91,0.4021,0.3064,0.2915,1.0,0.0,-3.719999999999999,team1_win,False,0-5,-0.23671974907441592,team1_win
2017,2017-08-20,Tottenham Hotspur,Chelsea,81.03,81.51,0.4481,0.2988,0.2531,1.0,2.0,-0.480000000000004,team2_win,True,0-5,-0.03286901887778388,team1_win
2017,2017-08-21,Manchester City,Everton,84.84,67.1,0.6746,0.1256,0.1998,1.0,1.0,17.74000000000001,draw,False,15-20,1.1134767540180939,team1_win
2017,2017-08-26,AFC Bournemouth,Manchester City,55.41,84.47,0.1546,0.6423,0.2031,1.0,2.0,-29.060000000000002,team2_win,True,20+,-1.8310337932665965,team2_win
2017,2017-08-26,Watford,Brighton and Hove Albion,57.52,45.65,0.5617,0.1719,0.2664,0.0,0.0,11.870000000000005,draw,False,10-15,0.7441545977667876,team1_win
2017,2017-08-26,Newcastle,West Ham United,51.16,59.54,0.3593,0.364,0.2767,3.0,0.0,-8.380000000000003,team1_win,False,5-10,-0.5299124659621651,team2_win
2017,2017-08-26,Huddersfield Town,Southampton,47.04,63.96,0.2768,0.4364,0.2868,0.0,0.0,-16.92,draw,False,15-20,-1.067222723949585,team2_win
2017,2017-08-26,Crystal Palace,Swansea City,56.61,54.83,0.4617,0.2655,0.2728,0.0,2.0,1.7800000000000011,team2_win,False,0-5,0.10932315712357112,team1_win
2017,2017-08-26,Manchester United,Leicester City,84.32,62.94,0.7527,0.0744,0.1729,2.0,0.0,21.379999999999995,team1_win,True,20+,1.3424942410291245,team1_win
2017,2017-08-27,West Bromwich Albion,Stoke City,57.54,60.7,0.4028,0.2886,0.3086,1.0,1.0,-3.1600000000000037,draw,False,0-5,-0.20148628953425754,team1_win
2017,2017-08-27,Chelsea,Everton,82.05,67.56,0.6274,0.1564,0.2162,2.0,0.0,14.489999999999995,team1_win,True,10-15,0.9089968549011008,team1_win
2017,2017-08-27,Tottenham Hotspur,Burnley,80.4,60.84,0.6729,0.1188,0.2083,1.0,1.0,19.560000000000002,draw,False,15-20,1.2279854975236093,team1_win
2017,2017-08-27,Liverpool,Arsenal,76.53,77.97,0.44,0.3215,0.2386,4.0,0.0,-1.4399999999999977,team1_win,False,0-5,-0.09326923523234122,team1_win
2017,2017-09-09,Manchester City,Liverpool,84.62,78.47,0.5436,0.2212,0.2352,5.0,0.0,6.150000000000006,team1_win,True,5-10,0.38426997532088114,team1_win
2017,2017-09-09,Everton,Tottenham Hotspur,67.03,79.94,0.297,0.4333,0.2697,0.0,3.0,-12.909999999999997,team2_win,True,10-15,-0.8149259868852341,team2_win
2017,2017-09-09,Leicester City,Chelsea,62.37,82.35,0.2283,0.5379,0.2339,1.0,2.0,-19.979999999999997,team2_win,True,15-20,-1.2597484135797377,team2_win
2017,2017-09-09,Arsenal,AFC Bournemouth,76.02,55.13,0.7223,0.1073,0.1705,3.0,0.0,20.889999999999993,team1_win,True,20+,1.3116649639314855,team1_win
2017,2017-09-09,Southampton,Watford,63.2,56.08,0.5149,0.212,0.2731,0.0,2.0,7.1200000000000045,team2_win,False,5-10,0.4452993605957988,team1_win
2017,2017-09-09,Brighton and Hove Albion,West Bromwich Albion,47.12,56.85,0.3357,0.3388,0.3255,3.0,1.0,-9.730000000000004,team1_win,False,5-10,-0.6148502702107621,team2_win
2017,2017-09-09,Stoke City,Manchester United,61.39,84.68,0.1919,0.5488,0.2593,2.0,2.0,-23.290000000000006,draw,False,20+,-1.4680033262188903,team2_win
2017,2017-09-10,Burnley,Crystal Palace,61.45,55.37,0.5067,0.2276,0.2658,1.0,0.0,6.080000000000005,team1_win,True,5-10,0.3798657928783613,team1_win
2017,2017-09-10,Swansea City,Newcastle,56.09,53.67,0.4649,0.252,0.2831,0.0,1.0,2.4200000000000017,team2_win,False,0-5,0.14958996802660965,team1_win
2017,2017-09-11,West Ham United,Huddersfield Town,56.97,47.84,0.5392,0.2017,0.2591,2.0,0.0,9.129999999999995,team1_win,True,5-10,0.5717623135881534,team1_win
2017,2017-09-15,AFC Bournemouth,Brighton and Hove Albion,54.27,48.21,0.5031,0.2168,0.28,2.0,1.0,6.060000000000002,team1_win,True,5-10,0.37860745503764115,team1_win
2017,2017-09-16,Crystal Palace,Southampton,56.47,61.22,0.391,0.316,0.293,0.0,1.0,-4.75,team2_win,True,0-5,-0.30152414787149356,team1_win
2017,2017-09-16,Huddersfield Town,Leicester City,46.92,62.46,0.2897,0.4276,0.2827,1.0,1.0,-15.54,draw,False,15-20,-0.980397412939908,team2_win
2017,2017-09-16,West Bromwich Albion,West Ham United,55.69,57.97,0.419,0.3002,0.2809,0.0,0.0,-2.280000000000001,draw,False,0-5,-0.14611942454257945,team1_win
2017,2017-09-16,Liverpool,Burnley,76.9,60.37,0.6339,0.1497,0.2163,1.0,1.0,16.53000000000001,draw,False,15-20,1.0373473146545367,team1_win
2017,2017-09-16,Newcastle,Stoke City,54.64,62.46,0.3605,0.344,0.2955,2.0,1.0,-7.82,team1_win,False,5-10,-0.4946790064220063,team1_win
2017,2017-09-16,Watford,Manchester City,58.11,86.94,0.1484,0.6394,0.2122,0.0,6.0,-28.83,team2_win,True,20+,-1.8165629080983168,team2_win
2017,2017-09-16,Tottenham Hotspur,Swansea City,81.77,55.13,0.7824,0.0598,0.1578,0.0,0.0,26.639999999999993,draw,False,20+,1.6734370931384719,team1_win
2017,2017-09-17,Chelsea,Arsenal,83.38,77.11,0.5506,0.229,0.2204,0.0,0.0,6.269999999999996,draw,False,5-10,0.39182000236520026,team1_win
2017,2017-09-17,Manchester United,Everton,84.49,64.09,0.6978,0.1031,0.1991,4.0,0.0,20.39999999999999,team1_win,True,20+,1.2808356868338466,team1_win
2017,2017-09-23,West Ham United,Tottenham Hotspur,58.1,81.4,0.2028,0.556,0.2412,2.0,3.0,-23.300000000000004,team2_win,True,20+,-1.4686324951392502,team2_win
2017,2017-09-23,Manchester City,Crystal Palace,88.5,56.07,0.8554,0.0333,0.1113,5.0,0.0,32.43,team1_win,True,20+,2.037725898026899,team1_win
2017,2017-09-23,Burnley,Huddersfield Town,60.3,47.25,0.572,0.1629,0.2651,0.0,0.0,13.049999999999997,draw,False,10-15,0.8183965303692643,team1_win
2017,2017-09-23,Stoke City,Chelsea,61.26,82.63,0.2171,0.5397,0.2432,0.0,4.0,-21.369999999999997,team2_win,True,20+,-1.3472028935097744,team2_win
2017,2017-09-23,Southampton,Manchester United,61.6,85.13,0.1903,0.5579,0.2517,0.0,1.0,-23.529999999999994,team2_win,True,20+,-1.483103380307529,team2_win
2017,2017-09-23,Swansea City,Watford,55.46,55.51,0.4391,0.2733,0.2876,1.0,2.0,-0.04999999999999716,team2_win,True,0-5,-0.005814755302304457,team1_win
2017,2017-09-23,Everton,AFC Bournemouth,63.19,54.55,0.537,0.2122,0.2508,2.0,1.0,8.64,team1_win,True,5-10,0.5409330364905149,team1_win
2017,2017-09-23,Leicester City,Liverpool,62.12,76.92,0.2882,0.4617,0.25,2.0,3.0,-14.800000000000004,team2_win,True,10-15,-0.9338389128332701,team2_win
2017,2017-09-24,Brighton and Hove Albion,Newcastle,47.92,55.87,0.3562,0.3351,0.3087,1.0,0.0,-7.949999999999996,team1_win,False,5-10,-0.5028582023866858,team1_win
2017,2017-09-25,Arsenal,West Bromwich Albion,77.63,55.57,0.6835,0.1126,0.2039,2.0,0.0,22.059999999999995,team1_win,True,20+,1.3852777276136028,team1_win
2017,2017-09-30,Huddersfield Town,Tottenham Hotspur,47.99,81.97,0.1336,0.6407,0.2257,0.0,4.0,-33.98,team2_win,True,20+,-2.140584902083704,team2_win
2017,2017-09-30,Manchester United,Crystal Palace,86.55,54.33,0.8448,0.0345,0.1207,4.0,0.0,32.22,team1_win,True,20+,2.0245133506993396,team1_win
2017,2017-09-30,Stoke City,Southampton,59.85,61.68,0.4189,0.2864,0.2948,2.0,1.0,-1.8299999999999983,team1_win,False,0-5,-0.11780682312638034,team1_win
2017,2017-09-30,West Bromwich Albion,Watford,54.88,56.37,0.4213,0.2789,0.2998,2.0,2.0,-1.4899999999999949,draw,False,0-5,-0.09641507983414092,team1_win
2017,2017-09-30,West Ham United,Swansea City,58.5,54.6,0.4835,0.246,0.2705,1.0,0.0,3.8999999999999986,team1_win,True,0-5,0.24270696823988597,team1_win
2017,2017-09-30,AFC Bournemouth,Leicester City,54.1,62.17,0.3648,0.372,0.2632,0.0,0.0,-8.07,draw,False,5-10,-0.5104082294310057,team2_win
2017,2017-09-30,Chelsea,Manchester City,84.68,89.65,0.3615,0.3843,0.2542,0.0,1.0,-4.969999999999999,team2_win,True,0-5,-0.315365864119413,team2_win
2017,2017-10-01,Arsenal,Brighton and Hove Albion,78.92,48.08,0.8061,0.0522,0.1417,2.0,0.0,30.840000000000003,team1_win,True,20+,1.9376880396896627,team1_win
2017,2017-10-01,Everton,Burnley,62.48,59.63,0.471,0.2529,0.2761,0.0,1.0,2.8499999999999943,team2_win,False,0-5,0.17664423160208817,team1_win
2017,2017-10-01,Newcastle,Liverpool,55.73,77.55,0.2278,0.5251,0.2471,1.0,1.0,-21.82,draw,False,20+,-1.3755154949259734,team2_win
2017,2017-10-14,Liverpool,Manchester United,77.8,86.94,0.3102,0.4339,0.2559,0.0,0.0,-9.14,draw,False,5-10,-0.5777293039095233,team2_win
2017,2017-10-14,Crystal Palace,Chelsea,53.72,83.93,0.1498,0.6394,0.2108,2.0,1.0,-30.210000000000008,team1_win,False,20+,-1.9033882191079943,team2_win
2017,2017-10-14,Tottenham Hotspur,AFC Bournemouth,83.28,54.65,0.806,0.0515,0.1425,1.0,0.0,28.630000000000003,team1_win,True,20+,1.7986417082901078,team1_win
2017,2017-10-14,Manchester City,Stoke City,90.03,60.16,0.8492,0.0362,0.1146,7.0,2.0,29.870000000000005,team1_win,True,20+,1.876658654414745,team1_win
2017,2017-10-14,Burnley,West Ham United,59.78,59.02,0.4492,0.268,0.2828,1.0,1.0,0.759999999999998,draw,False,0-5,0.04514792724685333,team1_win
2017,2017-10-14,Swansea City,Huddersfield Town,54.09,46.13,0.5134,0.1876,0.299,2.0,0.0,7.960000000000001,team1_win,True,5-10,0.49814954990603655,team1_win
2017,2017-10-14,Watford,Arsenal,56.95,79.1,0.2227,0.5521,0.2252,2.0,1.0,-22.14999999999999,team1_win,False,20+,-1.396278069297852,team2_win
2017,2017-10-15,Brighton and Hove Albion,Everton,47.85,62.31,0.2978,0.4087,0.2936,1.0,1.0,-14.46,draw,False,10-15,-0.9124471695410307,team2_win
2017,2017-10-15,Southampton,Newcastle,61.43,55.36,0.4999,0.2146,0.2854,2.0,2.0,6.07,draw,False,5-10,0.379236623958001,team1_win
2017,2017-10-16,Leicester City,West Bromwich Albion,61.62,54.29,0.5163,0.2118,0.272,1.0,1.0,7.329999999999998,draw,False,5-10,0.4585119079233579,team1_win
2017,2017-10-20,West Ham United,Brighton and Hove Albion,59.17,47.98,0.5538,0.1763,0.27,0.0,3.0,11.190000000000005,team2_win,False,10-15,0.7013711111823092,team1_win
2017,2017-10-21,Chelsea,Watford,82.15,58.23,0.7637,0.0756,0.1607,4.0,2.0,23.92000000000001,team1_win,True,20+,1.5023031468005594,team1_win
2017,2017-10-21,Swansea City,Leicester City,54.99,61.37,0.3762,0.3337,0.2901,1.0,2.0,-6.3799999999999955,team2_win,True,5-10,-0.40407868189016943,team1_win
2017,2017-10-21,Stoke City,AFC Bournemouth,59.67,54.6,0.4984,0.2416,0.26,1.0,2.0,5.07,team2_win,False,5-10,0.31631973192200336,team1_win
2017,2017-10-21,Huddersfield Town,Manchester United,45.27,86.08,0.0884,0.7162,0.1954,2.0,1.0,-40.809999999999995,team1_win,False,20+,-2.570307274689568,team2_win
2017,2017-10-21,Manchester City,Burnley,90.45,59.63,0.8536,0.0334,0.113,3.0,0.0,30.82,team1_win,True,20+,1.9364297018489425,team1_win
2017,2017-10-21,Newcastle,Crystal Palace,55.86,55.99,0.44,0.2784,0.2816,1.0,0.0,-0.13000000000000256,team1_win,False,0-5,-0.010848106665184609,team1_win
2017,2017-10-21,Southampton,West Bromwich Albion,60.97,54.54,0.5021,0.2096,0.2883,1.0,0.0,6.43,team1_win,True,5-10,0.4018867050909601,team1_win
2017,2017-10-22,Everton,Arsenal,62.09,77.9,0.2793,0.4754,0.2452,2.0,5.0,-15.810000000000002,team2_win,True,15-20,-0.9973849737896276,team2_win
2017,2017-10-22,Tottenham Hotspur,Liverpool,83.42,81.11,0.4903,0.2566,0.253,4.0,1.0,2.3100000000000023,team1_win,True,0-5,0.14266910990264994,team1_win
2017,2017-10-28,Manchester United,Tottenham Hotspur,84.39,84.51,0.4432,0.2852,0.2717,1.0,0.0,-0.12000000000000455,team1_win,False,0-5,-0.010218937744824757,team1_win
2017,2017-10-28,Liverpool,Huddersfield Town,80.02,48.01,0.8162,0.0439,0.1399,3.0,0.0,32.01,team1_win,True,20+,2.0113008033717796,team1_win
2017,2017-10-28,Arsenal,Swansea City,79.42,53.96,0.7642,0.0748,0.161,2.0,1.0,25.46,team1_win,True,20+,1.5991951605359953,team1_win
2017,2017-10-28,West Bromwich Albion,Manchester City,53.6,90.78,0.0899,0.7388,0.1713,2.0,3.0,-37.18,team2_win,True,20+,-2.341918956598897,team2_win
2017,2017-10-28,Watford,Stoke City,59.82,59.07,0.4556,0.2864,0.258,0.0,1.0,0.75,team2_win,False,0-5,0.04451875832649348,team1_win
2017,2017-10-28,Crystal Palace,West Ham United,55.88,56.05,0.4416,0.2835,0.2749,2.0,2.0,-0.1699999999999946,draw,False,0-5,-0.013364782346624013,team1_win
2017,2017-10-28,AFC Bournemouth,Chelsea,55.19,81.18,0.1876,0.5907,0.2217,0.0,1.0,-25.99000000000001,team2_win,True,20+,-1.6378789347160843,team2_win
2017,2017-10-29,Brighton and Hove Albion,Southampton,50.99,61.89,0.3287,0.364,0.3074,1.0,1.0,-10.899999999999999,draw,False,10-15,-0.688463033892879,team2_win
2017,2017-10-29,Leicester City,Everton,62.41,60.41,0.4678,0.2707,0.2615,2.0,0.0,2.0,team1_win,True,0-5,0.12316487337149053,team1_win
2017,2017-10-30,Burnley,Newcastle,58.94,55.98,0.4666,0.2387,0.2947,1.0,0.0,2.960000000000001,team1_win,True,0-5,0.18356508972604832,team1_win
2017,2017-11-04,Stoke City,Leicester City,59.25,63.02,0.4056,0.3231,0.2713,2.0,2.0,-3.770000000000003,draw,False,0-5,-0.23986559367621607,team1_win
2017,2017-11-04,Huddersfield Town,West Bromwich Albion,46.99,54.83,0.3537,0.3222,0.3241,1.0,0.0,-7.839999999999996,team1_win,False,5-10,-0.495937344262726,team1_win
2017,2017-11-04,Newcastle,AFC Bournemouth,55.7,54.43,0.4507,0.2578,0.2915,0.0,1.0,1.2700000000000031,team2_win,False,0-5,0.07723554218521245,team1_win
2017,2017-11-04,Swansea City,Brighton and Hove Albion,54.19,51.7,0.459,0.2361,0.3049,0.0,1.0,2.489999999999995,team2_win,False,0-5,0.15399415046912907,team1_win
2017,2017-11-04,Southampton,Burnley,61.2,59.21,0.4567,0.2472,0.2961,0.0,1.0,1.990000000000002,team2_win,False,0-5,0.12253570445113068,team1_win
2017,2017-11-04,West Ham United,Liverpool,55.69,81.21,0.1897,0.5933,0.217,1.0,4.0,-25.519999999999996,team2_win,True,20+,-1.6083079954591644,team2_win
2017,2017-11-05,Tottenham Hotspur,Crystal Palace,84.88,56.23,0.8118,0.0472,0.141,1.0,0.0,28.65,team1_win,True,20+,1.7999000461308277,team1_win
2017,2017-11-05,Manchester City,Arsenal,90.78,78.33,0.667,0.1481,0.185,3.0,1.0,12.450000000000003,team1_win,True,10-15,0.7806463951476661,team1_win
2017,2017-11-05,Chelsea,Manchester United,81.07,84.54,0.3863,0.3489,0.2648,1.0,0.0,-3.470000000000013,team1_win,False,0-5,-0.22099052606541741,team1_win
2017,2017-11-05,Everton,Watford,59.07,59.62,0.4398,0.2922,0.268,3.0,2.0,-0.5499999999999972,team1_win,False,0-5,-0.03727320132030328,team1_win
2017,2017-11-18,Arsenal,Tottenham Hotspur,78.05,84.3,0.3497,0.3913,0.259,2.0,0.0,-6.25,team1_win,False,5-10,-0.39589948592549,team2_win
2017,2017-11-18,Crystal Palace,Everton,56.99,59.41,0.4198,0.3073,0.273,2.0,2.0,-2.4199999999999946,draw,False,0-5,-0.15492778942761873,team1_win
2017,2017-11-18,Burnley,Swansea City,59.79,53.54,0.4973,0.2057,0.2971,2.0,0.0,6.25,team1_win,True,5-10,0.39056166452448055,team1_win
2017,2017-11-18,AFC Bournemouth,Huddersfield Town,55.89,47.23,0.5231,0.1857,0.2913,4.0,0.0,8.660000000000004,team1_win,True,5-10,0.5421913743312351,team1_win
2017,2017-11-18,Leicester City,Manchester City,63.07,90.88,0.1343,0.6819,0.1837,0.0,2.0,-27.809999999999995,team2_win,True,20+,-1.752387678221599,team2_win
2017,2017-11-18,West Bromwich Albion,Chelsea,54.66,81.62,0.1806,0.5782,0.2412,0.0,4.0,-26.960000000000008,team2_win,True,20+,-1.6989083199910018,team2_win
2017,2017-11-18,Liverpool,Southampton,81.77,60.58,0.6894,0.1124,0.1983,3.0,0.0,21.189999999999998,team1_win,True,20+,1.330540031542285,team1_win
2017,2017-11-18,Manchester United,Newcastle,83.93,54.28,0.8095,0.0385,0.1521,4.0,1.0,29.650000000000006,team1_win,True,20+,1.8628169381668256,team1_win
2017,2017-11-19,Watford,West Ham United,59.31,54.97,0.4937,0.2547,0.2517,2.0,0.0,4.340000000000003,team1_win,True,0-5,0.27039040073572523,team1_win
2017,2017-11-20,Brighton and Hove Albion,Stoke City,52.36,59.22,0.3703,0.3364,0.2933,2.0,2.0,-6.859999999999999,draw,False,5-10,-0.4342787900674485,team1_win
2017,2017-11-24,West Ham United,Leicester City,54.45,61.92,0.3688,0.3581,0.2731,1.0,1.0,-7.469999999999999,draw,False,5-10,-0.4726580942094071,team1_win
2017,2017-11-25,Swansea City,AFC Bournemouth,52.37,57.02,0.3918,0.3135,0.2947,0.0,0.0,-4.650000000000006,draw,False,0-5,-0.2952324586678941,team1_win
2017,2017-11-25,Manchester United,Brighton and Hove Albion,83.67,52.02,0.8228,0.034,0.1432,1.0,0.0,31.65,team1_win,True,20+,1.9886507222388206,team1_win
2017,2017-11-25,Tottenham Hotspur,West Bromwich Albion,83.88,52.93,0.8178,0.0343,0.1479,1.0,1.0,30.949999999999996,draw,False,20+,1.944608897813622,team1_win
2017,2017-11-25,Crystal Palace,Stoke City,57.19,59.56,0.4215,0.3105,0.268,2.0,1.0,-2.3700000000000045,team1_win,False,0-5,-0.15178194482581947,team1_win
2017,2017-11-25,Newcastle,Watford,54.47,59.81,0.3888,0.3317,0.2795,0.0,3.0,-5.340000000000003,team2_win,True,5-10,-0.33864511417273235,team1_win
2017,2017-11-25,Liverpool,Chelsea,82.48,84.01,0.4251,0.3324,0.2425,1.0,1.0,-1.5300000000000011,draw,False,0-5,-0.09893175551558123,team1_win
2017,2017-11-26,Southampton,Everton,59.69,57.44,0.4673,0.2608,0.2718,4.0,1.0,2.25,team1_win,True,0-5,0.13889409638048994,team1_win
2017,2017-11-26,Burnley,Arsenal,60.94,79.26,0.2548,0.4819,0.2633,0.0,1.0,-18.320000000000007,team2_win,True,15-20,-1.1553063727999822,team2_win
2017,2017-11-26,Huddersfield Town,Manchester City,46.05,90.79,0.0605,0.7995,0.14,1.0,2.0,-44.74000000000001,team2_win,True,20+,-2.81757066039104,team2_win
2017,2017-11-28,Brighton and Hove Albion,Crystal Palace,52.86,57.74,0.3881,0.3117,0.3002,0.0,0.0,-4.880000000000003,draw,False,0-5,-0.3097033438361734,team1_win
2017,2017-11-28,Leicester City,Tottenham Hotspur,61.65,83.21,0.2104,0.5352,0.2544,2.0,1.0,-21.559999999999995,team1_win,False,20+,-1.3591571029966136,team2_win
2017,2017-11-28,West Bromwich Albion,Newcastle,53.94,52.42,0.4498,0.2491,0.3011,2.0,2.0,1.519999999999996,draw,False,0-5,0.09296476519421142,team1_win
2017,2017-11-28,Watford,Manchester United,61.87,83.06,0.2119,0.5462,0.2419,2.0,4.0,-21.190000000000005,team2_win,True,20+,-1.3358778529432953,team2_win
2017,2017-11-29,Arsenal,Huddersfield Town,80.11,46.69,0.8266,0.038,0.1354,5.0,0.0,33.42,team1_win,True,20+,2.1000136211425366,team1_win
2017,2017-11-29,Chelsea,Swansea City,84.0,52.24,0.8256,0.0393,0.1351,1.0,0.0,31.759999999999998,team1_win,True,20+,1.9955715803627803,team1_win
2017,2017-11-29,AFC Bournemouth,Burnley,57.19,59.75,0.4088,0.2842,0.307,1.0,2.0,-2.5600000000000023,team2_win,True,0-5,-0.16373615431265887,team1_win
2017,2017-11-29,Manchester City,Southampton,90.49,61.73,0.8402,0.0386,0.1213,2.0,1.0,28.759999999999998,team1_win,True,20+,1.8068209042547874,team1_win
2017,2017-11-29,Stoke City,Liverpool,59.0,82.36,0.2023,0.5803,0.2174,0.0,3.0,-23.36,team2_win,True,20+,-1.4724075086614097,team2_win
2017,2017-11-29,Everton,West Ham United,55.28,54.73,0.4545,0.2893,0.2562,4.0,0.0,0.5500000000000043,team1_win,True,0-5,0.03193537991929422,team1_win
2017,2017-12-02,Chelsea,Newcastle,83.79,53.22,0.8207,0.0458,0.1334,3.0,1.0,30.570000000000007,team1_win,True,20+,1.9207004788399435,team1_win
2017,2017-12-02,Stoke City,Swansea City,57.76,52.42,0.495,0.2247,0.2802,2.0,1.0,5.339999999999996,team1_win,True,5-10,0.33330729277172244,team1_win
2017,2017-12-02,Everton,Huddersfield Town,57.16,44.99,0.5725,0.178,0.2495,2.0,0.0,12.169999999999995,team1_win,True,10-15,0.7630296653775862,team1_win
2017,2017-12-02,Brighton and Hove Albion,Liverpool,52.54,83.18,0.1533,0.6202,0.2265,1.0,5.0,-30.640000000000008,team2_win,True,20+,-1.9304424826834732,team2_win
2017,2017-12-02,Leicester City,Burnley,62.21,60.57,0.453,0.2528,0.2942,1.0,0.0,1.6400000000000006,team1_win,True,0-5,0.10051479223853141,team1_win
2017,2017-12-02,West Bromwich Albion,Crystal Palace,53.11,58.09,0.387,0.3115,0.3015,0.0,0.0,-4.980000000000004,draw,False,0-5,-0.3159950330397732,team1_win
2017,2017-12-02,Watford,Tottenham Hotspur,62.27,82.89,0.2167,0.5458,0.2374,1.0,1.0,-20.619999999999997,draw,False,20+,-1.300015224482776,team2_win
2017,2017-12-02,Arsenal,Manchester United,81.46,82.94,0.4194,0.3221,0.2585,1.0,3.0,-1.480000000000004,team2_win,True,0-5,-0.09578591091378152,team1_win
2017,2017-12-03,AFC Bournemouth,Southampton,56.35,63.25,0.3701,0.3392,0.2907,1.0,1.0,-6.899999999999999,draw,False,5-10,-0.4367954657488884,team1_win
2017,2017-12-03,Manchester City,West Ham United,89.8,52.86,0.8932,0.0243,0.0824,2.0,1.0,36.94,team1_win,True,20+,2.321481081109248,team1_win
2017,2017-12-09,West Ham United,Chelsea,53.61,84.31,0.1454,0.6575,0.1971,1.0,0.0,-30.700000000000003,team1_win,False,20+,-1.9342174962056327,team2_win
2017,2017-12-09,Crystal Palace,AFC Bournemouth,57.79,56.09,0.4571,0.2572,0.2857,2.0,2.0,1.6999999999999957,draw,False,0-5,0.10428980576069097,team1_win
2017,2017-12-09,Burnley,Watford,60.6,62.77,0.4206,0.293,0.2864,1.0,0.0,-2.1700000000000017,team1_win,False,0-5,-0.13919856641861975,team1_win
2017,2017-12-09,Huddersfield Town,Brighton and Hove Albion,44.44,51.9,0.3562,0.314,0.3298,2.0,0.0,-7.460000000000001,team1_win,False,5-10,-0.4720289252890472,team1_win
2017,2017-12-09,Tottenham Hotspur,Stoke City,82.78,58.26,0.7731,0.0668,0.1601,5.0,1.0,24.520000000000003,team1_win,True,20+,1.5400532820221575,team1_win
2017,2017-12-09,Swansea City,West Bromwich Albion,51.93,53.41,0.4153,0.2633,0.3214,1.0,0.0,-1.4799999999999969,team1_win,False,0-5,-0.09578591091378108,team1_win
2017,2017-12-09,Newcastle,Leicester City,52.95,62.15,0.3498,0.3669,0.2833,2.0,3.0,-9.199999999999996,team2_win,True,5-10,-0.5815043174316827,team2_win
2017,2017-12-10,Southampton,Arsenal,63.49,83.74,0.2283,0.5376,0.2341,1.0,1.0,-20.249999999999993,draw,False,20+,-1.2767359744294566,team2_win
2017,2017-12-10,Liverpool,Everton,85.45,58.88,0.8039,0.0659,0.1302,1.0,1.0,26.57,draw,False,20+,1.6690329106959525,team1_win
2017,2017-12-10,Manchester United,Manchester City,82.58,89.17,0.3433,0.409,0.2477,1.0,2.0,-6.590000000000003,team2_win,True,5-10,-0.41729122921772943,team2_win
2017,2017-12-12,Burnley,Stoke City,60.54,57.43,0.4735,0.2451,0.2814,1.0,0.0,3.1099999999999994,team1_win,True,0-5,0.19300262353144787,team1_win
2017,2017-12-12,Huddersfield Town,Chelsea,46.7,83.85,0.1127,0.6868,0.2005,1.0,3.0,-37.14999999999999,team2_win,True,20+,-2.3400314498378165,team2_win
2017,2017-12-12,Crystal Palace,Watford,58.57,62.8,0.4017,0.3265,0.2718,2.0,1.0,-4.229999999999997,team1_win,False,0-5,-0.26880736401277455,team1_win
2017,2017-12-13,Newcastle,Everton,52.53,59.46,0.3758,0.3571,0.2671,0.0,1.0,-6.93,team2_win,True,5-10,-0.4386829725099684,team1_win
2017,2017-12-13,Swansea City,Manchester City,52.61,89.57,0.097,0.7219,0.1811,0.0,4.0,-36.959999999999994,team2_win,True,20+,-2.3280772403509773,team2_win
2017,2017-12-13,Southampton,Leicester City,63.34,62.55,0.4502,0.2679,0.2819,1.0,4.0,0.7900000000000063,team2_win,False,0-5,0.04703543400793377,team1_win
2017,2017-12-13,Tottenham Hotspur,Brighton and Hove Albion,83.47,49.58,0.8382,0.0297,0.1321,2.0,0.0,33.89,team1_win,True,20+,2.1295845603994557,team1_win
2017,2017-12-13,West Ham United,Arsenal,54.15,83.8,0.1556,0.6497,0.1947,0.0,0.0,-29.65,draw,False,20+,-1.868154759567835,team2_win
2017,2017-12-13,Liverpool,West Bromwich Albion,85.0,52.77,0.8327,0.0404,0.1269,0.0,0.0,32.23,draw,False,20+,2.025142519619699,team1_win
2017,2017-12-13,Manchester United,AFC Bournemouth,82.0,55.3,0.7863,0.0635,0.1502,1.0,0.0,26.700000000000003,team1_win,True,20+,1.6772121066606325,team1_win
2017,2017-12-16,Leicester City,Crystal Palace,64.91,58.91,0.5076,0.2302,0.2623,0.0,3.0,6.0,team2_win,False,5-10,0.3748324415154811,team1_win
2017,2017-12-16,Arsenal,Newcastle,83.9,51.79,0.8335,0.0457,0.1209,1.0,0.0,32.11000000000001,team1_win,True,20+,2.01759249257538,team1_win
2017,2017-12-16,Watford,Huddersfield Town,62.45,46.6,0.6052,0.1488,0.2461,1.0,4.0,15.850000000000001,team2_win,False,15-20,0.994563828070058,team1_win
2017,2017-12-16,Stoke City,West Ham United,57.64,53.81,0.4854,0.2523,0.2622,0.0,3.0,3.8299999999999983,team2_win,False,0-5,0.2383027857973661,team1_win
2017,2017-12-16,Chelsea,Southampton,83.94,61.07,0.7586,0.0743,0.1671,1.0,0.0,22.869999999999997,team1_win,True,20+,1.436240410162761,team1_win
2017,2017-12-16,Brighton and Hove Albion,Burnley,49.79,60.33,0.3261,0.3388,0.3351,0.0,0.0,-10.54,draw,False,10-15,-0.6658129527599198,team2_win
2017,2017-12-16,Manchester City,Tottenham Hotspur,90.4,83.3,0.5701,0.1985,0.2314,4.0,1.0,7.1000000000000085,team1_win,True,5-10,0.44404102275507906,team1_win
2017,2017-12-17,West Bromwich Albion,Manchester United,53.5,81.4,0.1737,0.5774,0.2488,1.0,2.0,-27.900000000000006,team2_win,True,20+,-1.7580501985048396,team2_win
2017,2017-12-17,AFC Bournemouth,Liverpool,56.02,84.38,0.1619,0.6303,0.2078,0.0,4.0,-28.359999999999992,team2_win,True,20+,-1.7869919688413975,team2_win
2017,2017-12-18,Everton,Swansea City,60.22,51.0,0.5342,0.1924,0.2734,3.0,1.0,9.219999999999999,team1_win,True,5-10,0.5774248338713934,team1_win
2017,2017-12-22,Arsenal,Liverpool,83.86,85.7,0.4218,0.3374,0.2408,3.0,3.0,-1.8400000000000034,draw,False,0-5,-0.11843599204674064,team1_win
2017,2017-12-23,Everton,Chelsea,61.04,83.82,0.1995,0.5742,0.2263,0.0,0.0,-22.779999999999994,draw,False,20+,-1.4359157112805307,team2_win
2017,2017-12-23,Manchester City,AFC Bournemouth,91.23,53.98,0.9011,0.0205,0.0784,4.0,0.0,37.25000000000001,team1_win,True,20+,2.340985317640408,team1_win
2017,2017-12-23,West Ham United,Newcastle,56.24,51.76,0.488,0.2382,0.2738,2.0,3.0,4.480000000000004,team2_win,False,0-5,0.27919876562076495,team1_win
2017,2017-12-23,Southampton,Huddersfield Town,61.11,50.18,0.55,0.1779,0.272,1.0,1.0,10.93,draw,False,10-15,0.6850127192529495,team1_win
2017,2017-12-23,Swansea City,Crystal Palace,50.19,61.56,0.3246,0.3705,0.3049,1.0,1.0,-11.370000000000005,draw,False,10-15,-0.7180339731497982,team2_win
2017,2017-12-23,Brighton and Hove Albion,Watford,49.82,58.74,0.3503,0.3602,0.2895,1.0,0.0,-8.920000000000002,team1_win,False,5-10,-0.5638875876616039,team2_win
2017,2017-12-23,Stoke City,West Bromwich Albion,55.17,54.13,0.4517,0.2617,0.2866,3.0,1.0,1.0399999999999991,team1_win,True,0-5,0.06276465701693273,team1_win
2017,2017-12-23,Burnley,Tottenham Hotspur,60.32,82.23,0.2144,0.5073,0.2783,0.0,3.0,-21.910000000000004,team2_win,True,20+,-1.3811780152092135,team2_win
2017,2017-12-23,Leicester City,Manchester United,62.3,80.93,0.2429,0.5111,0.246,2.0,2.0,-18.63000000000001,draw,False,15-20,-1.1748106093311415,team2_win
2017,2017-12-26,Tottenham Hotspur,Southampton,83.79,60.58,0.7602,0.0691,0.1707,5.0,2.0,23.210000000000008,team1_win,True,20+,1.457632153455001,team1_win
2017,2017-12-26,West Bromwich Albion,Everton,54.15,60.34,0.3769,0.3282,0.295,0.0,0.0,-6.190000000000005,draw,False,5-10,-0.3921244724033304,team1_win
2017,2017-12-26,Huddersfield Town,Stoke City,50.71,55.1,0.3971,0.3253,0.2776,1.0,1.0,-4.390000000000001,draw,False,0-5,-0.27887406673853443,team1_win
2017,2017-12-26,Chelsea,Brighton and Hove Albion,84.11,50.95,0.8335,0.0293,0.1371,2.0,0.0,33.16,team1_win,True,20+,2.083655229213177,team1_win
2017,2017-12-26,AFC Bournemouth,West Ham United,53.76,55.43,0.4264,0.2985,0.2752,3.0,3.0,-1.6700000000000017,draw,False,0-5,-0.10774012040062093,team1_win
2017,2017-12-26,Manchester United,Burnley,80.6,58.19,0.6868,0.0983,0.2149,2.0,2.0,22.409999999999997,draw,False,20+,1.4072986398262022,team1_win
2017,2017-12-26,Watford,Leicester City,57.56,62.86,0.3927,0.3475,0.2597,2.0,1.0,-5.299999999999997,team1_win,False,5-10,-0.33612843849129204,team1_win
2017,2017-12-26,Liverpool,Swansea City,86.14,49.71,0.8649,0.0273,0.1078,5.0,0.0,36.43,team1_win,True,20+,2.2893934661708895,team1_win
2017,2017-12-27,Newcastle,Manchester City,52.51,91.28,0.0777,0.7801,0.1422,0.0,1.0,-38.77,team2_win,True,20+,-2.4419568149361335,team2_win
2017,2017-12-28,Crystal Palace,Arsenal,62.04,83.64,0.2152,0.5563,0.2286,2.0,3.0,-21.6,team2_win,True,20+,-1.361673778678054,team2_win
2017,2017-12-30,AFC Bournemouth,Everton,54.28,60.05,0.386,0.3403,0.2736,2.0,1.0,-5.769999999999996,team1_win,False,5-10,-0.3656993777482109,team1_win
2017,2017-12-30,Newcastle,Brighton and Hove Albion,51.93,50.65,0.4489,0.2462,0.3049,0.0,0.0,1.2800000000000011,draw,False,0-5,0.0778647111055723,team1_win
2017,2017-12-30,Chelsea,Stoke City,84.32,55.25,0.8182,0.0517,0.1301,5.0,0.0,29.069999999999993,team1_win,True,20+,1.8263251407859462,team1_win
2017,2017-12-30,Huddersfield Town,Burnley,50.58,59.21,0.3472,0.33,0.3227,0.0,0.0,-8.630000000000003,draw,False,5-10,-0.5456416889711646,team1_win
2017,2017-12-30,Watford,Swansea City,57.88,48.76,0.5372,0.1977,0.2651,1.0,2.0,9.120000000000005,team2_win,False,5-10,0.5711331446677941,team1_win
2017,2017-12-30,Liverpool,Leicester City,86.8,62.56,0.7889,0.0711,0.1401,2.0,1.0,24.239999999999995,team1_win,True,20+,1.5224365522520777,team1_win
2017,2017-12-30,Manchester United,Southampton,79.94,60.58,0.6731,0.128,0.1989,0.0,0.0,19.36,draw,False,15-20,1.2154021191164095,team1_win
2017,2017-12-31,Crystal Palace,Manchester City,62.21,91.43,0.1216,0.6947,0.1836,0.0,0.0,-29.220000000000006,draw,False,20+,-1.8411004959923565,team2_win
2017,2017-12-31,West Bromwich Albion,Arsenal,54.44,83.65,0.1629,0.6149,0.2222,1.0,1.0,-29.210000000000008,draw,False,20+,-1.8404713270719966,team2_win
2017,2018-01-01,Brighton and Hove Albion,AFC Bournemouth,51.13,55.54,0.3902,0.3058,0.304,2.0,2.0,-4.409999999999997,draw,False,0-5,-0.28013240457925415,team1_win
2017,2018-01-01,Burnley,Liverpool,60.12,86.48,0.1736,0.5934,0.233,1.0,2.0,-26.360000000000007,team2_win,True,20+,-1.6611581847694032,team2_win
2017,2018-01-01,Leicester City,Huddersfield Town,63.07,49.67,0.5801,0.1664,0.2536,3.0,0.0,13.399999999999999,team1_win,True,10-15,0.8404174425818636,team1_win
2017,2018-01-01,Stoke City,Newcastle,53.59,51.53,0.4679,0.2652,0.2669,0.0,1.0,2.0600000000000023,team2_win,False,0-5,0.12693988689365054,team1_win
2017,2018-01-01,Everton,Manchester United,58.82,79.49,0.2309,0.5257,0.2434,0.0,2.0,-20.669999999999995,team2_win,True,20+,-1.3031610690845759,team2_win
2017,2018-01-02,Swansea City,Tottenham Hotspur,50.13,84.06,0.1299,0.658,0.2121,0.0,2.0,-33.93,team2_win,True,20+,-2.1374390574819047,team2_win
2017,2018-01-02,West Ham United,West Bromwich Albion,54.82,55.31,0.4364,0.2763,0.2874,2.0,1.0,-0.490000000000002,team1_win,False,0-5,-0.03349818779814373,team1_win
2017,2018-01-02,Southampton,Crystal Palace,60.97,62.85,0.4225,0.2965,0.281,1.0,2.0,-1.8800000000000026,team2_win,True,0-5,-0.12095266772818049,team1_win
2017,2018-01-02,Manchester City,Watford,91.0,56.42,0.89,0.0252,0.0848,3.0,1.0,34.58,team1_win,True,20+,2.1729972159042936,team1_win
2017,2018-01-03,Arsenal,Chelsea,83.02,85.34,0.4013,0.35,0.2487,2.0,2.0,-2.3200000000000074,draw,False,0-5,-0.14863610022401977,team1_win
2017,2018-01-04,Tottenham Hotspur,West Ham United,84.44,55.62,0.8166,0.0537,0.1297,1.0,1.0,28.82,draw,False,20+,1.8105959177769473,team1_win
2017,2018-01-13,Crystal Palace,Burnley,64.1,60.47,0.4705,0.23,0.2995,1.0,0.0,3.6299999999999955,team1_win,True,0-5,0.2257194073901664,team1_win
2017,2018-01-13,West Bromwich Albion,Brighton and Hove Albion,54.56,51.04,0.462,0.2139,0.3241,2.0,0.0,3.520000000000003,team1_win,True,0-5,0.21879854926620715,team1_win
2017,2018-01-13,Huddersfield Town,West Ham United,48.44,56.55,0.3581,0.3543,0.2876,1.0,4.0,-8.11,team2_win,True,5-10,-0.5129249051124456,team1_win
2017,2018-01-13,Chelsea,Leicester City,85.6,64.31,0.7571,0.0779,0.1651,0.0,0.0,21.289999999999992,draw,False,20+,1.3368317207458844,team1_win
2017,2018-01-13,Watford,Southampton,57.42,59.7,0.4227,0.3128,0.2645,2.0,2.0,-2.280000000000001,draw,False,0-5,-0.14611942454257945,team1_win
2017,2018-01-13,Newcastle,Swansea City,52.78,49.47,0.4668,0.2258,0.3074,1.0,1.0,3.3100000000000023,draw,False,0-5,0.2055860019386476,team1_win
2017,2018-01-13,Tottenham Hotspur,Everton,83.8,58.39,0.7813,0.0633,0.1554,4.0,0.0,25.409999999999997,team1_win,True,20+,1.596049315934195,team1_win
2017,2018-01-14,AFC Bournemouth,Arsenal,55.56,82.93,0.1723,0.6335,0.1941,2.0,1.0,-27.370000000000005,team1_win,False,20+,-1.7247042457257606,team2_win
2017,2018-01-14,Liverpool,Manchester City,86.29,90.58,0.3596,0.3981,0.2424,4.0,3.0,-4.289999999999992,team1_win,False,0-5,-0.27258237753493414,team2_win
2017,2018-01-15,Manchester United,Stoke City,79.76,52.31,0.7891,0.0661,0.1448,3.0,0.0,27.450000000000003,team1_win,True,20+,1.7243997756876306,team1_win
2017,2018-01-20,Brighton and Hove Albion,Chelsea,50.02,84.59,0.1238,0.6575,0.2187,0.0,4.0,-34.57,team2_win,True,20+,-2.177705868384943,team2_win
2017,2018-01-20,Everton,West Bromwich Albion,56.9,55.56,0.4505,0.2526,0.2969,1.0,1.0,1.3399999999999963,draw,False,0-5,0.08163972462773185,team1_win
2017,2018-01-20,Arsenal,Crystal Palace,81.81,64.12,0.6599,0.1418,0.1983,4.0,1.0,17.689999999999998,team1_win,True,15-20,1.1103309094162934,team1_win
2017,2018-01-20,Burnley,Manchester United,60.44,79.71,0.2437,0.4763,0.28,0.0,1.0,-19.269999999999996,team2_win,True,15-20,-1.2150774202341792,team2_win
2017,2018-01-20,West Ham United,AFC Bournemouth,58.33,57.1,0.4625,0.2869,0.2507,1.0,1.0,1.2299999999999969,draw,False,0-5,0.07471886650377214,team1_win
2017,2018-01-20,Leicester City,Watford,65.63,57.93,0.5334,0.2253,0.2413,2.0,0.0,7.699999999999996,team1_win,True,5-10,0.4817911579766769,team1_win
2017,2018-01-20,Stoke City,Huddersfield Town,52.39,46.71,0.5043,0.2256,0.2701,2.0,0.0,5.68,team1_win,True,5-10,0.35469903606396186,team1_win
2017,2018-01-20,Manchester City,Newcastle,90.38,52.25,0.8981,0.018,0.0838,3.0,1.0,38.129999999999995,team1_win,True,20+,2.3963521826320853,team1_win
2017,2018-01-21,Southampton,Tottenham Hotspur,59.22,84.81,0.177,0.5988,0.2242,1.0,1.0,-25.590000000000003,draw,False,20+,-1.6127121779016849,team2_win
2017,2018-01-22,Swansea City,Liverpool,49.97,86.79,0.1086,0.7119,0.1795,1.0,0.0,-36.82000000000001,team1_win,False,20+,-2.3192688754659385,team2_win
2017,2018-01-30,West Ham United,Crystal Palace,58.2,63.1,0.3948,0.3383,0.2669,1.0,1.0,-4.899999999999999,draw,False,0-5,-0.3109616816768931,team1_win
2017,2018-01-30,Swansea City,Arsenal,50.42,82.71,0.1458,0.6473,0.2069,3.0,1.0,-32.28999999999999,team1_win,False,20+,-2.034255354542868,team2_win
2017,2018-01-30,Huddersfield Town,Liverpool,45.81,86.44,0.0906,0.7456,0.1638,0.0,3.0,-40.629999999999995,team2_win,True,20+,-2.558982234123089,team2_win
2017,2018-01-31,Everton,Leicester City,56.48,66.05,0.3458,0.3776,0.2766,2.0,1.0,-9.57,team1_win,False,5-10,-0.6047835674850022,team2_win
2017,2018-01-31,Southampton,Brighton and Hove Albion,59.56,49.47,0.5415,0.1834,0.275,1.0,1.0,10.090000000000003,draw,False,10-15,0.6321625299427117,team1_win
2017,2018-01-31,Newcastle,Burnley,52.98,60.33,0.3592,0.3189,0.3219,1.0,1.0,-7.350000000000001,draw,False,5-10,-0.4651080671650875,team1_win
2017,2018-01-31,Chelsea,AFC Bournemouth,84.98,57.23,0.8084,0.0532,0.1385,0.0,3.0,27.750000000000007,team2_win,False,20+,1.7432748432984302,team1_win
2017,2018-01-31,Tottenham Hotspur,Manchester United,84.56,79.71,0.5206,0.2313,0.248,2.0,0.0,4.8500000000000085,team1_win,True,0-5,0.3024780156740844,team1_win
2017,2018-01-31,Stoke City,Watford,53.41,57.44,0.4076,0.337,0.2555,0.0,0.0,-4.030000000000001,draw,False,0-5,-0.2562239856055753,team1_win
2017,2018-01-31,Manchester City,West Bromwich Albion,90.09,55.97,0.8688,0.0243,0.1069,3.0,0.0,34.120000000000005,team1_win,True,20+,2.1440554455677354,team1_win
2017,2018-02-03,Burnley,Manchester City,59.84,90.45,0.1259,0.6629,0.2112,1.0,1.0,-30.61,draw,False,20+,-1.9285549759223928,team2_win
2017,2018-02-03,West Bromwich Albion,Southampton,55.2,59.11,0.3966,0.2985,0.3049,2.0,3.0,-3.9099999999999966,team2_win,True,0-5,-0.24867395856125532,team1_win
2017,2018-02-03,AFC Bournemouth,Stoke City,60.64,52.98,0.5279,0.2246,0.2475,2.0,1.0,7.660000000000004,team1_win,True,5-10,0.47927448229523745,team1_win
2017,2018-02-03,Brighton and Hove Albion,West Ham United,49.9,58.16,0.3565,0.3521,0.2914,3.0,1.0,-8.259999999999998,team1_win,False,5-10,-0.5223624389178452,team1_win
2017,2018-02-03,Manchester United,Huddersfield Town,78.85,44.87,0.8268,0.033,0.1402,2.0,0.0,33.98,team1_win,True,20+,2.1352470806826953,team1_win
2017,2018-02-03,Leicester City,Swansea City,65.52,52.9,0.5693,0.1671,0.2636,1.0,1.0,12.619999999999997,draw,False,10-15,0.7913422667937854,team1_win
2017,2018-02-03,Arsenal,Everton,80.92,57.06,0.7596,0.0885,0.1518,5.0,1.0,23.86,team1_win,True,20+,1.4985281332783988,team1_win
2017,2018-02-04,Crystal Palace,Newcastle,63.12,53.5,0.5425,0.1968,0.2607,1.0,1.0,9.619999999999997,draw,False,5-10,0.6025915906857925,team1_win
2017,2018-02-04,Liverpool,Tottenham Hotspur,86.98,85.16,0.4718,0.2843,0.2439,2.0,2.0,1.8200000000000074,draw,False,0-5,0.11183983280501142,team1_win
2017,2018-02-05,Watford,Chelsea,57.9,82.8,0.1872,0.5899,0.2229,4.0,1.0,-24.9,team1_win,False,20+,-1.569299522396846,team2_win
2017,2018-02-10,Tottenham Hotspur,Arsenal,85.66,81.41,0.5416,0.238,0.2204,1.0,0.0,4.25,team1_win,True,0-5,0.26472788045248524,team1_win
2017,2018-02-10,Everton,Crystal Palace,56.54,62.98,0.3785,0.3483,0.2733,3.0,1.0,-6.439999999999998,team1_win,False,5-10,-0.4078536954123294,team1_win
2017,2018-02-10,West Ham United,Watford,56.36,61.39,0.3973,0.3487,0.254,2.0,0.0,-5.030000000000001,team1_win,False,5-10,-0.31914087764157295,team1_win
2017,2018-02-10,Stoke City,Brighton and Hove Albion,52.95,51.6,0.4555,0.2589,0.2856,1.0,1.0,1.3500000000000014,draw,False,0-5,0.08226889354809215,team1_win
2017,2018-02-10,Swansea City,Burnley,53.35,60.57,0.3563,0.3073,0.3364,1.0,0.0,-7.219999999999999,team1_win,False,5-10,-0.45692887120040765,team1_win
2017,2018-02-10,Manchester City,Leicester City,90.09,65.07,0.8136,0.0541,0.1323,5.0,1.0,25.02000000000001,team1_win,True,20+,1.571511728040157,team1_win
2017,2018-02-11,Huddersfield Town,AFC Bournemouth,44.49,60.67,0.2822,0.4315,0.2863,4.0,1.0,-16.18,team1_win,False,15-20,-1.0206642238429466,team2_win
2017,2018-02-11,Newcastle,Manchester United,53.66,79.14,0.194,0.5646,0.2414,1.0,0.0,-25.480000000000004,team1_win,False,20+,-1.6057913197777252,team2_win
2017,2018-02-11,Southampton,Liverpool,59.95,86.56,0.1652,0.6356,0.1992,0.0,2.0,-26.61,team2_win,True,20+,-1.6768874077784022,team2_win
2017,2018-02-12,Chelsea,West Bromwich Albion,80.44,54.39,0.7685,0.0614,0.1701,3.0,0.0,26.049999999999997,team1_win,True,20+,1.6363161268372337,team1_win
2017,2018-02-24,Leicester City,Stoke City,64.35,52.18,0.5745,0.1857,0.2398,1.0,1.0,12.169999999999995,draw,False,10-15,0.7630296653775862,team1_win
2017,2018-02-24,Brighton and Hove Albion,Swansea City,52.35,54.4,0.4098,0.267,0.3231,4.0,1.0,-2.049999999999997,team1_win,False,0-5,-0.13164853937429974,team1_win
2017,2018-02-24,Liverpool,West Ham United,88.57,57.23,0.8544,0.0423,0.1034,4.0,1.0,31.339999999999996,team1_win,True,20+,1.969146485707661,team1_win
2017,2018-02-24,West Bromwich Albion,Huddersfield Town,53.73,47.46,0.4949,0.2016,0.3035,1.0,2.0,6.269999999999996,team2_win,False,5-10,0.39182000236520026,team1_win
2017,2018-02-24,Burnley,Southampton,59.55,59.34,0.439,0.2598,0.3012,1.0,1.0,0.20999999999999375,draw,False,0-5,0.010543636627054358,team1_win
2017,2018-02-24,AFC Bournemouth,Newcastle,57.47,54.34,0.4791,0.2601,0.2609,2.0,2.0,3.1299999999999955,draw,False,0-5,0.19426096137216758,team1_win
2017,2018-02-24,Watford,Everton,60.52,57.58,0.4798,0.2686,0.2517,1.0,0.0,2.940000000000005,team1_win,True,0-5,0.18230675188532863,team1_win
2017,2018-02-25,Crystal Palace,Tottenham Hotspur,62.0,86.46,0.1772,0.5989,0.2239,0.0,1.0,-24.459999999999994,team2_win,True,20+,-1.5416160899010067,team2_win
2017,2018-02-25,Manchester United,Chelsea,78.4,81.04,0.4138,0.318,0.2682,2.0,1.0,-2.6400000000000006,team1_win,False,0-5,-0.16876950567553858,team1_win
2017,2018-03-01,Arsenal,Manchester City,80.23,91.2,0.2606,0.5247,0.2147,0.0,3.0,-10.969999999999999,team2_win,True,10-15,-0.6928672163353988,team2_win
2017,2018-03-03,Burnley,Everton,59.34,57.53,0.456,0.2486,0.2955,2.0,1.0,1.8100000000000023,team1_win,True,0-5,0.11121066388465112,team1_win
2017,2018-03-03,Watford,West Bromwich Albion,60.55,52.39,0.5265,0.2073,0.2662,1.0,0.0,8.159999999999997,team1_win,True,5-10,0.5107329283132358,team1_win
2017,2018-03-03,Leicester City,AFC Bournemouth,63.89,56.59,0.5278,0.2288,0.2435,1.0,1.0,7.299999999999997,draw,False,5-10,0.45662440116227787,team1_win
2017,2018-03-03,Swansea City,West Ham United,51.86,56.89,0.3904,0.3273,0.2822,4.0,1.0,-5.030000000000001,team1_win,False,5-10,-0.31914087764157295,team1_win
2017,2018-03-03,Tottenham Hotspur,Huddersfield Town,86.87,48.75,0.8793,0.0177,0.103,2.0,0.0,38.120000000000005,team1_win,True,20+,2.395723013711726,team1_win
2017,2018-03-03,Southampton,Stoke City,59.57,52.65,0.5167,0.2247,0.2585,0.0,0.0,6.920000000000002,draw,False,5-10,0.4327159821885991,team1_win
2017,2018-03-03,Liverpool,Newcastle,88.79,55.18,0.8653,0.0343,0.1004,2.0,0.0,33.61000000000001,team1_win,True,20+,2.1119678306293768,team1_win
2017,2018-03-04,Brighton and Hove Albion,Arsenal,54.82,79.44,0.2053,0.5699,0.2249,2.0,1.0,-24.619999999999997,team1_win,False,20+,-1.5516827926267667,team2_win
2017,2018-03-04,Manchester City,Chelsea,91.52,80.94,0.6392,0.1551,0.2056,1.0,0.0,10.579999999999998,team1_win,True,10-15,0.6629918070403502,team1_win
2017,2018-03-05,Crystal Palace,Manchester United,61.06,78.58,0.2569,0.4786,0.2645,2.0,3.0,-17.519999999999996,team2_win,True,15-20,-1.1049728591711834,team2_win
2017,2018-03-10,Manchester United,Liverpool,78.99,88.25,0.3149,0.4337,0.2514,2.0,1.0,-9.260000000000005,team1_win,False,5-10,-0.5852793309538432,team2_win
2017,2018-03-10,Huddersfield Town,Swansea City,48.81,53.87,0.3829,0.3031,0.314,0.0,0.0,-5.059999999999995,draw,False,5-10,-0.3210283844026525,team1_win
2017,2018-03-10,Newcastle,Southampton,55.28,59.27,0.4006,0.313,0.2864,3.0,0.0,-3.990000000000002,team1_win,False,0-5,-0.2537073099241354,team1_win
2017,2018-03-10,Everton,Brighton and Hove Albion,56.98,56.12,0.4522,0.2731,0.2747,2.0,0.0,0.8599999999999994,team1_win,True,0-5,0.05143961645045318,team1_win
2017,2018-03-10,West Bromwich Albion,Leicester City,52.42,63.8,0.3262,0.3778,0.296,1.0,4.0,-11.379999999999995,team2_win,True,10-15,-0.7186631420701576,team2_win
2017,2018-03-10,West Ham United,Burnley,54.76,59.87,0.3896,0.3244,0.286,0.0,3.0,-5.109999999999999,team2_win,True,5-10,-0.32417422900445264,team1_win
2017,2018-03-10,Chelsea,Crystal Palace,80.56,60.69,0.6792,0.1189,0.2019,2.0,1.0,19.870000000000005,team1_win,True,15-20,1.2474897340547686,team1_win
2017,2018-03-11,Arsenal,Watford,79.32,60.53,0.6694,0.1419,0.1887,3.0,0.0,18.789999999999992,team1_win,True,15-20,1.1795394906558905,team1_win
2017,2018-03-11,AFC Bournemouth,Tottenham Hotspur,56.69,86.83,0.1355,0.6751,0.1894,1.0,4.0,-30.14,team2_win,True,20+,-1.8989840366654738,team2_win
2017,2018-03-12,Stoke City,Manchester City,52.97,90.64,0.0854,0.7581,0.1565,0.0,2.0,-37.67,team2_win,True,20+,-2.372748233696536,team2_win
2017,2018-03-17,AFC Bournemouth,West Bromwich Albion,56.31,50.44,0.5084,0.2332,0.2584,2.0,1.0,5.8700000000000045,team1_win,True,5-10,0.36665324555080175,team1_win
2017,2018-03-17,Huddersfield Town,Crystal Palace,49.91,60.51,0.3338,0.3717,0.2946,0.0,2.0,-10.600000000000001,team2_win,True,10-15,-0.6695879662820798,team2_win
2017,2018-03-17,Stoke City,Everton,52.37,58.34,0.3828,0.3387,0.2785,1.0,2.0,-5.970000000000006,team2_win,True,5-10,-0.378282756155411,team1_win
2017,2018-03-17,Liverpool,Watford,88.03,60.08,0.8244,0.0509,0.1247,5.0,0.0,27.950000000000003,team1_win,True,20+,1.7558582217056296,team1_win
2017,2018-03-31,Crystal Palace,Liverpool,62.98,88.76,0.1587,0.6407,0.2006,1.0,2.0,-25.78000000000001,team2_win,True,20+,-1.6246663873885245,team2_win
2017,2018-03-31,Newcastle,Huddersfield Town,57.12,47.48,0.5341,0.1813,0.2846,1.0,0.0,9.64,team1_win,True,5-10,0.6038499285265126,team1_win
2017,2018-03-31,Brighton and Hove Albion,Leicester City,54.79,65.74,0.3318,0.3825,0.2857,0.0,2.0,-10.949999999999996,team2_win,True,10-15,-0.6916088784946787,team2_win
2017,2018-03-31,Watford,AFC Bournemouth,58.75,55.9,0.4797,0.2723,0.248,2.0,2.0,2.8500000000000014,draw,False,0-5,0.1766442316020886,team1_win
2017,2018-03-31,West Bromwich Albion,Burnley,50.82,61.68,0.3263,0.3532,0.3205,1.0,2.0,-10.86,team2_win,True,10-15,-0.6859463582114391,team2_win
2017,2018-03-31,Manchester United,Swansea City,78.47,52.82,0.761,0.0636,0.1754,2.0,0.0,25.65,team1_win,True,20+,1.6111493700228345,team1_win
2017,2018-03-31,West Ham United,Southampton,52.78,57.43,0.4002,0.3351,0.2647,3.0,0.0,-4.649999999999999,team1_win,False,0-5,-0.29523245866789366,team1_win
2017,2018-03-31,Everton,Manchester City,59.77,90.81,0.113,0.7118,0.1752,1.0,3.0,-31.04,team2_win,True,20+,-1.9556092394978717,team2_win
2017,2018-04-01,Arsenal,Stoke City,80.25,50.94,0.8017,0.0631,0.1352,3.0,0.0,29.310000000000002,team1_win,True,20+,1.8414251948745863,team1_win
2017,2018-04-01,Chelsea,Tottenham Hotspur,80.79,87.1,0.3469,0.3888,0.2643,1.0,3.0,-6.309999999999988,team2_win,True,5-10,-0.3996744994476491,team2_win
2017,2018-04-07,Everton,Liverpool,59.82,89.26,0.1317,0.6872,0.1811,0.0,0.0,-29.440000000000005,draw,False,20+,-1.854942212240276,team2_win
2017,2018-04-07,Leicester City,Newcastle,66.61,57.9,0.5344,0.2032,0.2624,1.0,2.0,8.71,team2_win,False,5-10,0.5453372189330348,team1_win
2017,2018-04-07,AFC Bournemouth,Crystal Palace,56.64,63.23,0.3805,0.3672,0.2523,2.0,2.0,-6.589999999999996,draw,False,5-10,-0.417291229217729,team1_win
2017,2018-04-07,West Bromwich Albion,Swansea City,50.14,52.25,0.4137,0.2777,0.3086,1.0,1.0,-2.1099999999999994,draw,False,0-5,-0.13542355289645974,team1_win
2017,2018-04-07,Brighton and Hove Albion,Huddersfield Town,53.87,46.76,0.5039,0.1927,0.3034,1.0,1.0,7.109999999999999,draw,False,5-10,0.4446701916754385,team1_win
2017,2018-04-07,Stoke City,Tottenham Hotspur,50.3,87.64,0.0991,0.7225,0.1784,1.0,2.0,-37.34,team2_win,True,20+,-2.3519856593246566,team2_win
2017,2018-04-07,Watford,Burnley,58.04,62.32,0.3941,0.3121,0.2937,1.0,2.0,-4.280000000000001,team2_win,True,0-5,-0.2719532086145747,team1_win
2017,2018-04-07,Manchester City,Manchester United,90.2,78.9,0.6337,0.1497,0.2166,2.0,3.0,11.299999999999997,team2_win,False,10-15,0.7082919693062685,team1_win
2017,2018-04-08,Arsenal,Southampton,81.8,55.89,0.7782,0.0764,0.1453,3.0,2.0,25.909999999999997,team1_win,True,20+,1.6275077619521938,team1_win
2017,2018-04-08,Chelsea,West Ham United,80.21,54.39,0.7784,0.0732,0.1484,1.0,1.0,25.819999999999993,draw,False,20+,1.621845241668954,team1_win
2017,2018-04-14,Southampton,Chelsea,57.7,80.0,0.2164,0.5434,0.2402,2.0,3.0,-22.299999999999997,team2_win,True,20+,-1.405715603103252,team2_win
2017,2018-04-14,Crystal Palace,Brighton and Hove Albion,62.7,53.15,0.5425,0.1996,0.2579,3.0,2.0,9.550000000000004,team1_win,True,5-10,0.598187408243273,team1_win
2017,2018-04-14,Burnley,Leicester City,62.84,65.71,0.4104,0.2931,0.2965,2.0,1.0,-2.8699999999999903,team1_win,False,0-5,-0.18324039084381738,team1_win
2017,2018-04-14,Swansea City,Everton,51.96,60.11,0.3583,0.35,0.2917,1.0,1.0,-8.149999999999999,draw,False,5-10,-0.5154415807938855,team1_win
2017,2018-04-14,Huddersfield Town,Watford,47.41,57.49,0.3376,0.3666,0.2958,1.0,0.0,-10.080000000000005,team1_win,False,10-15,-0.6368711824233613,team2_win
2017,2018-04-14,Liverpool,AFC Bournemouth,89.16,57.22,0.8668,0.037,0.0962,3.0,0.0,31.939999999999998,team1_win,True,20+,2.00689662092926,team1_win
2017,2018-04-14,Tottenham Hotspur,Manchester City,86.93,89.53,0.4029,0.3384,0.2587,1.0,3.0,-2.5999999999999943,team2_win,True,0-5,-0.16625282999409827,team1_win
2017,2018-04-15,Newcastle,Arsenal,58.83,80.46,0.2283,0.5473,0.2244,2.0,1.0,-21.629999999999995,team1_win,False,20+,-1.3635612854391337,team2_win
2017,2018-04-15,Manchester United,West Bromwich Albion,79.93,50.44,0.7981,0.0514,0.1505,0.0,1.0,29.49000000000001,team2_win,False,20+,1.8527502354410663,team1_win
2017,2018-04-16,West Ham United,Stoke City,54.63,51.58,0.479,0.2598,0.2612,1.0,1.0,3.0500000000000043,draw,False,0-5,0.18922761000928834,team1_win
2017,2018-04-17,Brighton and Hove Albion,Tottenham Hotspur,53.3,85.93,0.1297,0.6681,0.2022,1.0,1.0,-32.63000000000001,draw,False,20+,-2.0556470978351085,team2_win
2017,2018-04-18,AFC Bournemouth,Manchester United,56.89,78.5,0.2227,0.5527,0.2246,0.0,2.0,-21.61,team2_win,True,20+,-1.3623029475984139,team2_win
2017,2018-04-19,Leicester City,Southampton,65.97,58.14,0.53,0.2177,0.2523,0.0,0.0,7.829999999999998,draw,False,5-10,0.48997035394135674,team1_win
2017,2018-04-19,Burnley,Chelsea,62.62,79.75,0.2627,0.4661,0.2712,1.0,2.0,-17.130000000000003,team2_win,True,15-20,-1.0804352712771446,team2_win
2017,2018-04-21,West Bromwich Albion,Liverpool,52.23,89.26,0.0956,0.7268,0.1776,2.0,2.0,-37.03000000000001,draw,False,20+,-2.332481422793498,team2_win
2017,2018-04-21,Watford,Crystal Palace,56.57,62.57,0.3858,0.3517,0.2625,0.0,0.0,-6.0,draw,False,5-10,-0.3801702629164906,team1_win
2017,2018-04-22,Arsenal,West Ham United,79.85,54.32,0.776,0.0854,0.1386,4.0,1.0,25.529999999999994,team1_win,True,20+,1.6035993429785147,team1_win
2017,2018-04-22,Stoke City,Burnley,51.89,61.77,0.3391,0.3566,0.3043,1.0,1.0,-9.880000000000003,draw,False,5-10,-0.6242878040161616,team2_win
2017,2018-04-22,Manchester City,Swansea City,90.46,52.2,0.8978,0.0168,0.0854,5.0,0.0,38.25999999999999,team1_win,True,20+,2.4045313785967646,team1_win
2017,2018-04-23,Everton,Newcastle,59.86,59.56,0.445,0.2771,0.2779,1.0,0.0,0.29999999999999716,team1_win,True,0-5,0.01620615691029436,team1_win
2017,2018-04-28,Liverpool,Stoke City,88.84,51.67,0.8861,0.0246,0.0893,0.0,0.0,37.17,draw,False,20+,2.335951966277528,team1_win
2017,2018-04-28,Burnley,Brighton and Hove Albion,61.98,53.95,0.518,0.1949,0.2871,0.0,0.0,8.029999999999994,draw,False,5-10,0.5025537323485559,team1_win
2017,2018-04-28,Huddersfield Town,Everton,48.33,60.07,0.3209,0.3756,0.3035,0.0,2.0,-11.740000000000002,team2_win,True,10-15,-0.7413132232031172,team2_win
2017,2018-04-28,Southampton,AFC Bournemouth,58.58,56.3,0.472,0.2732,0.2548,2.0,1.0,2.280000000000001,team1_win,True,0-5,0.14078160314156996,team1_win
2017,2018-04-28,Newcastle,West Bromwich Albion,59.33,54.47,0.487,0.2247,0.2883,0.0,1.0,4.859999999999999,team2_win,False,0-5,0.3031071845944438,team1_win
2017,2018-04-28,Crystal Palace,Leicester City,62.7,65.47,0.4139,0.3128,0.2733,5.0,0.0,-2.769999999999996,team1_win,False,0-5,-0.17694870164021798,team1_win
2017,2018-04-28,Swansea City,Chelsea,50.95,80.41,0.1655,0.605,0.2295,0.0,1.0,-29.459999999999994,team2_win,True,20+,-1.856200550080995,team2_win
2017,2018-04-29,West Ham United,Manchester City,53.92,91.08,0.0822,0.7793,0.1384,1.0,4.0,-37.16,team2_win,True,20+,-2.340660618758177,team2_win
2017,2018-04-29,Manchester United,Arsenal,78.86,81.18,0.4371,0.3279,0.235,2.0,1.0,-2.3200000000000074,team1_win,False,0-5,-0.14863610022401977,team1_win
2017,2018-04-30,Tottenham Hotspur,Watford,85.49,56.39,0.8171,0.0467,0.1361,2.0,0.0,29.099999999999994,team1_win,True,20+,1.8282126475470262,team1_win
2017,2018-05-04,Brighton and Hove Albion,Manchester United,54.11,79.39,0.1951,0.5533,0.2516,1.0,0.0,-25.28,team1_win,False,20+,-1.5932079413705253,team2_win
2017,2018-05-05,Stoke City,Crystal Palace,52.52,65.5,0.3145,0.4095,0.2761,1.0,2.0,-12.979999999999997,team2_win,True,10-15,-0.8193301693277539,team2_win
2017,2018-05-05,Watford,Newcastle,56.99,58.9,0.4193,0.2878,0.2929,2.0,1.0,-1.9099999999999966,team1_win,False,0-5,-0.12284017448926005,team1_win
2017,2018-05-05,West Bromwich Albion,Tottenham Hotspur,54.9,85.09,0.1471,0.6336,0.2193,1.0,0.0,-30.190000000000005,team1_win,False,20+,-1.902129881267274,team2_win
2017,2018-05-05,Leicester City,West Ham United,62.77,53.38,0.5476,0.2113,0.2412,0.0,2.0,9.39,team2_win,False,5-10,0.5881207055175132,team1_win
2017,2018-05-05,AFC Bournemouth,Swansea City,56.28,50.48,0.5064,0.231,0.2626,1.0,0.0,5.800000000000004,team1_win,True,5-10,0.36224906310828187,team1_win
2017,2018-05-05,Everton,Southampton,61.47,58.6,0.4732,0.2552,0.2717,1.0,1.0,2.8699999999999974,draw,False,0-5,0.17790256944280833,team1_win
2017,2018-05-06,Manchester City,Huddersfield Town,91.33,46.98,0.9151,0.0116,0.0733,0.0,0.0,44.35,draw,False,20+,2.787695251095991,team1_win
2017,2018-05-06,Arsenal,Burnley,80.32,61.81,0.6531,0.1386,0.2084,5.0,0.0,18.50999999999999,team1_win,True,15-20,1.161922760885811,team1_win
2017,2018-05-06,Chelsea,Liverpool,80.7,87.61,0.3484,0.404,0.2476,1.0,0.0,-6.909999999999997,team1_win,False,5-10,-0.43742463466924825,team2_win
2017,2018-05-08,Swansea City,Southampton,50.63,58.99,0.3534,0.342,0.3046,0.0,1.0,-8.36,team2_win,True,5-10,-0.528654128121445,team1_win
2017,2018-05-09,Chelsea,Huddersfield Town,80.98,48.54,0.8171,0.0326,0.1503,1.0,1.0,32.440000000000005,draw,False,20+,2.0383550669472594,team1_win
2017,2018-05-09,Leicester City,Arsenal,60.43,82.09,0.2225,0.5599,0.2176,3.0,1.0,-21.660000000000004,team1_win,False,20+,-1.365448792200214,team2_win
2017,2018-05-09,Tottenham Hotspur,Newcastle,84.32,58.06,0.7864,0.0552,0.1584,1.0,0.0,26.25999999999999,team1_win,True,20+,1.6495286741647928,team1_win
2017,2018-05-09,Manchester City,Brighton and Hove Albion,90.49,55.03,0.8822,0.0208,0.097,3.0,1.0,35.459999999999994,team1_win,True,20+,2.2283640808959713,team1_win
2017,2018-05-10,West Ham United,Manchester United,55.85,78.61,0.2134,0.5507,0.2358,0.0,0.0,-22.759999999999998,draw,False,20+,-1.4346573734398111,team2_win
2017,2018-05-13,Newcastle,Chelsea,58.98,80.83,0.2189,0.5251,0.256,3.0,0.0,-21.85,team1_win,False,20+,-1.3774030016870535,team2_win
2017,2018-05-13,West Ham United,Everton,56.06,61.06,0.3934,0.3341,0.2725,3.0,1.0,-5.0,team1_win,False,0-5,-0.31725337088049294,team1_win
2017,2018-05-13,Southampton,Manchester City,60.42,90.05,0.1295,0.675,0.1955,0.0,1.0,-29.629999999999995,team2_win,True,20+,-1.8668964217271147,team2_win
2017,2018-05-13,Swansea City,Stoke City,49.23,52.03,0.4044,0.2833,0.3123,1.0,2.0,-2.8000000000000043,team2_win,True,0-5,-0.17883620840129844,team1_win
2017,2018-05-13,Tottenham Hotspur,Leicester City,83.63,62.1,0.7473,0.0778,0.1749,5.0,4.0,21.529999999999994,team1_win,True,20+,1.351931774834524,team1_win
2017,2018-05-13,Crystal Palace,West Bromwich Albion,65.97,56.01,0.5477,0.1964,0.2559,2.0,0.0,9.96,team1_win,True,5-10,0.6239833339780319,team1_win
2017,2018-05-13,Burnley,AFC Bournemouth,59.71,56.15,0.48,0.2476,0.2724,1.0,2.0,3.5600000000000023,team2_win,False,0-5,0.221315224947647,team1_win
2017,2018-05-13,Huddersfield Town,Arsenal,48.81,80.86,0.152,0.6412,0.2068,0.0,1.0,-32.05,team2_win,True,20+,-2.019155300454229,team2_win
2017,2018-05-13,Liverpool,Brighton and Hove Albion,87.19,56.04,0.8365,0.0398,0.1238,4.0,0.0,31.15,team1_win,True,20+,1.9571922762208216,team1_win
2017,2018-05-13,Manchester United,Watford,78.32,57.86,0.6745,0.1133,0.2122,1.0,0.0,20.459999999999994,team1_win,True,20+,1.2846107003560066,team1_win
2018,2018-08-10,Manchester United,Leicester City,82.66,69.64,0.64,0.1385,0.2215,2.0,1.0,13.019999999999996,team1_win,True,10-15,0.8165090236081843,team1_win
2018,2018-08-11,Newcastle,Tottenham Hotspur,67.21,85.75,0.201,0.5565,0.2425,1.0,2.0,-18.540000000000006,team2_win,True,15-20,-1.1691480890479016,team2_win
2018,2018-08-11,Fulham,Crystal Palace,64.41,70.2,0.3881,0.3341,0.2778,0.0,2.0,-5.790000000000006,team2_win,True,5-10,-0.3669577155889315,team1_win
2018,2018-08-11,AFC Bournemouth,Cardiff City,62.75,59.47,0.4886,0.2451,0.2664,2.0,0.0,3.280000000000001,team1_win,True,0-5,0.20369849517756758,team1_win
2018,2018-08-11,Watford,Brighton and Hove Albion,66.07,63.08,0.4693,0.247,0.2837,2.0,0.0,2.989999999999995,team1_win,True,0-5,0.18545259648712786,team1_win
2018,2018-08-11,Huddersfield Town,Chelsea,60.2,84.39,0.1644,0.5945,0.2411,0.0,3.0,-24.189999999999998,team2_win,True,20+,-1.5246285290512878,team2_win
2018,2018-08-11,Wolverhampton,Everton,62.92,67.49,0.3991,0.317,0.2839,2.0,2.0,-4.569999999999993,draw,False,0-5,-0.2901991073050135,team1_win
2018,2018-08-12,Southampton,Burnley,68.01,64.97,0.4677,0.242,0.2902,0.0,0.0,3.0400000000000063,draw,False,0-5,0.18859844108892848,team1_win
2018,2018-08-12,Liverpool,West Ham United,88.86,64.54,0.8203,0.0505,0.1292,4.0,0.0,24.319999999999993,team1_win,True,20+,1.5274699036149575,team1_win
2018,2018-08-12,Arsenal,Manchester City,81.57,92.13,0.2765,0.4894,0.2341,0.0,2.0,-10.560000000000002,team2_win,True,10-15,-0.66707129060064,team2_win
2018,2018-08-18,Cardiff City,Newcastle,58.62,67.27,0.3643,0.342,0.2936,0.0,0.0,-8.649999999999999,draw,False,5-10,-0.5469000268118842,team1_win
2018,2018-08-18,Tottenham Hotspur,Fulham,85.65,63.69,0.7806,0.0627,0.1567,3.0,1.0,21.960000000000008,team1_win,True,20+,1.378986038410004,team1_win
2018,2018-08-18,West Ham United,AFC Bournemouth,63.44,63.61,0.4434,0.2945,0.2621,1.0,2.0,-0.1700000000000017,team2_win,True,0-5,-0.01336478234662446,team1_win
2018,2018-08-18,Everton,Southampton,67.91,67.33,0.4463,0.2687,0.285,2.0,1.0,0.5799999999999983,team1_win,True,0-5,0.03382288668037377,team1_win
2018,2018-08-18,Leicester City,Wolverhampton,70.92,62.66,0.5266,0.2119,0.2616,2.0,0.0,8.260000000000005,team1_win,True,5-10,0.5170246175168361,team1_win
2018,2018-08-18,Chelsea,Arsenal,85.12,81.05,0.5039,0.2599,0.2362,3.0,2.0,4.070000000000007,team1_win,True,0-5,0.25340283988600615,team1_win
2018,2018-08-19,Manchester City,Huddersfield Town,92.53,59.29,0.8927,0.0146,0.0927,6.0,1.0,33.24,team1_win,True,20+,2.0886885805760573,team1_win
2018,2018-08-19,Burnley,Watford,65.91,67.29,0.4229,0.2812,0.2959,1.0,3.0,-1.3800000000000097,team2_win,True,0-5,-0.08949422171018212,team1_win
2018,2018-08-19,Brighton and Hove Albion,Manchester United,61.87,81.59,0.2142,0.5265,0.2593,3.0,2.0,-19.720000000000006,team1_win,False,15-20,-1.2433900216503788,team2_win
2018,2018-08-20,Crystal Palace,Liverpool,71.17,89.48,0.1953,0.5778,0.2269,0.0,2.0,-18.310000000000002,team2_win,True,15-20,-1.1546772038796218,team2_win
2018,2018-08-25,Wolverhampton,Manchester City,63.22,92.69,0.0943,0.7304,0.1753,1.0,1.0,-29.47,draw,False,20+,-1.8568297190013554,team2_win
2018,2018-08-25,Southampton,Leicester City,66.99,70.72,0.4039,0.3114,0.2847,1.0,2.0,-3.730000000000004,team2_win,True,0-5,-0.23734891799477623,team1_win
2018,2018-08-25,AFC Bournemouth,Everton,64.75,68.0,0.4224,0.3099,0.2677,2.0,2.0,-3.25,draw,False,0-5,-0.2071488098174971,team1_win
2018,2018-08-25,Arsenal,West Ham United,81.27,62.33,0.7271,0.1035,0.1695,3.0,1.0,18.939999999999998,team1_win,True,15-20,1.1889770244612905,team1_win
2018,2018-08-25,Huddersfield Town,Cardiff City,58.14,58.6,0.4283,0.2663,0.3053,0.0,0.0,-0.46000000000000085,draw,False,0-5,-0.03161068103706373,team1_win
2018,2018-08-25,Liverpool,Brighton and Hove Albion,90.23,62.9,0.8582,0.031,0.1108,1.0,0.0,27.330000000000005,team1_win,True,20+,1.7168497486433112,team1_win
2018,2018-08-26,Watford,Crystal Palace,68.97,70.02,0.4293,0.2919,0.2788,2.0,1.0,-1.0499999999999972,team1_win,False,0-5,-0.0687316473383021,team1_win
2018,2018-08-26,Newcastle,Chelsea,67.72,84.78,0.2152,0.5349,0.2499,1.0,2.0,-17.060000000000002,team2_win,True,15-20,-1.0760310888346247,team2_win
2018,2018-08-26,Fulham,Burnley,63.54,63.93,0.4437,0.2676,0.2887,4.0,2.0,-0.39000000000000057,team1_win,False,0-5,-0.02720649859454387,team1_win
2018,2018-08-27,Manchester United,Tottenham Hotspur,80.53,85.5,0.3669,0.3739,0.2591,0.0,3.0,-4.969999999999999,team2_win,True,0-5,-0.315365864119413,team2_win
2018,2018-09-01,Leicester City,Liverpool,71.11,90.02,0.1818,0.5907,0.2275,1.0,2.0,-18.909999999999997,team2_win,True,15-20,-1.1924273391012201,team2_win
2018,2018-09-01,West Ham United,Wolverhampton,63.22,63.83,0.4482,0.2735,0.2783,0.0,1.0,-0.6099999999999994,team2_win,True,0-5,-0.041048214842463286,team1_win
2018,2018-09-01,Brighton and Hove Albion,Fulham,63.49,63.49,0.4307,0.2881,0.2812,2.0,2.0,0.0,draw,False,,-0.002668910700504754,team1_win
2018,2018-09-01,Chelsea,AFC Bournemouth,85.37,65.29,0.7545,0.0829,0.1626,2.0,0.0,20.08,team1_win,True,20+,1.2607022813823276,team1_win
2018,2018-09-01,Everton,Huddersfield Town,67.21,57.45,0.5368,0.191,0.2722,1.0,1.0,9.759999999999991,draw,False,5-10,0.6113999555708317,team1_win
2018,2018-09-01,Crystal Palace,Southampton,69.81,66.83,0.4676,0.253,0.2794,0.0,2.0,2.980000000000004,team2_win,False,0-5,0.18482342756676848,team1_win
2018,2018-09-01,Manchester City,Newcastle,92.43,67.01,0.8643,0.0264,0.1093,2.0,1.0,25.42,team1_win,True,20+,1.5966784848545554,team1_win
2018,2018-09-02,Cardiff City,Arsenal,59.99,80.5,0.2056,0.5613,0.2331,2.0,3.0,-20.509999999999998,team2_win,True,20+,-1.2930943663588164,team2_win
2018,2018-09-02,Watford,Tottenham Hotspur,69.16,85.94,0.2182,0.5406,0.2412,2.0,1.0,-16.78,team1_win,False,15-20,-1.0584143590645454,team2_win
2018,2018-09-02,Burnley,Manchester United,63.22,80.01,0.2532,0.4815,0.2653,0.0,2.0,-16.790000000000006,team2_win,True,15-20,-1.0590435279849058,team2_win
2018,2018-09-15,Tottenham Hotspur,Liverpool,85.53,89.88,0.3621,0.3835,0.2544,1.0,2.0,-4.349999999999994,team2_win,True,0-5,-0.2763573910570941,team2_win
2018,2018-09-15,Chelsea,Cardiff City,85.31,59.99,0.8049,0.0473,0.1478,4.0,1.0,25.32,team1_win,True,20+,1.5903867956509554,team1_win
2018,2018-09-15,AFC Bournemouth,Leicester City,65.52,71.42,0.3917,0.3377,0.2705,4.0,2.0,-5.900000000000006,team1_win,False,5-10,-0.3738785737128912,team1_win
2018,2018-09-15,Manchester City,Fulham,92.22,62.99,0.8748,0.0282,0.097,3.0,0.0,29.229999999999997,team1_win,True,20+,1.8363918435117061,team1_win
2018,2018-09-15,Huddersfield Town,Crystal Palace,58.31,68.29,0.339,0.3641,0.2969,0.0,1.0,-9.980000000000004,team2_win,True,5-10,-0.6305794932197615,team2_win
2018,2018-09-15,Newcastle,Arsenal,67.42,80.31,0.2583,0.4982,0.2435,1.0,2.0,-12.89,team2_win,True,10-15,-0.8136676490445144,team2_win
2018,2018-09-15,Watford,Manchester United,69.83,80.97,0.292,0.4378,0.2702,1.0,2.0,-11.14,team2_win,True,10-15,-0.7035630879815186,team2_win
2018,2018-09-16,Wolverhampton,Burnley,64.52,61.86,0.4538,0.2567,0.2895,1.0,0.0,2.6599999999999966,team1_win,True,0-5,0.16469002211524877,team1_win
2018,2018-09-16,Everton,West Ham United,66.55,62.8,0.4701,0.2623,0.2676,1.0,3.0,3.75,team2_win,False,0-5,0.23326943443448642,team1_win
2018,2018-09-17,Southampton,Brighton and Hove Albion,68.0,63.56,0.4805,0.2395,0.28,2.0,2.0,4.439999999999998,draw,False,0-5,0.2766820899393247,team1_win
2018,2018-09-22,Fulham,Watford,61.89,69.59,0.3858,0.3389,0.2753,1.0,1.0,-7.700000000000003,draw,False,5-10,-0.4871289793776868,team1_win
2018,2018-09-22,Leicester City,Huddersfield Town,70.9,58.85,0.5592,0.1723,0.2685,3.0,1.0,12.050000000000004,team1_win,True,10-15,0.7554796383332671,team1_win
2018,2018-09-22,Cardiff City,Manchester City,59.83,92.29,0.0886,0.7432,0.1682,0.0,5.0,-32.46000000000001,team2_win,True,20+,-2.0449512261889886,team2_win
2018,2018-09-22,Manchester United,Wolverhampton,82.0,66.04,0.6779,0.1107,0.2115,1.0,1.0,15.959999999999994,draw,False,15-20,1.0014846861940172,team1_win
2018,2018-09-22,Burnley,AFC Bournemouth,60.33,65.65,0.3985,0.3309,0.2706,4.0,0.0,-5.320000000000007,team1_win,False,5-10,-0.33738677633201264,team1_win
2018,2018-09-22,Crystal Palace,Newcastle,68.03,67.19,0.4498,0.2665,0.2837,0.0,0.0,0.8400000000000034,draw,False,0-5,0.050181278609733475,team1_win
2018,2018-09-22,Liverpool,Southampton,90.63,67.03,0.8346,0.0408,0.1246,3.0,0.0,23.599999999999994,team1_win,True,20+,1.4821697413490391,team1_win
2018,2018-09-22,Brighton and Hove Albion,Tottenham Hotspur,63.96,84.48,0.1931,0.5758,0.2311,1.0,2.0,-20.520000000000003,team2_win,True,20+,-1.2937235352791767,team2_win
2018,2018-09-23,West Ham United,Chelsea,63.86,86.27,0.1801,0.5973,0.2226,0.0,0.0,-22.409999999999997,draw,False,20+,-1.4126364612272118,team2_win
2018,2018-09-23,Arsenal,Everton,80.83,65.31,0.6784,0.1336,0.188,2.0,0.0,15.519999999999996,team1_win,True,15-20,0.9738012536981785,team1_win
2018,2018-09-29,West Ham United,Manchester United,63.69,81.11,0.2436,0.5027,0.2538,3.0,1.0,-17.42,team1_win,False,15-20,-1.0986811699675838,team2_win
2018,2018-09-29,Manchester City,Brighton and Hove Albion,93.2,63.83,0.8899,0.0212,0.0889,2.0,0.0,29.370000000000005,team1_win,True,20+,1.8452002083967463,team1_win
2018,2018-09-29,Newcastle,Leicester City,67.41,70.92,0.405,0.3036,0.2913,0.0,2.0,-3.510000000000005,team2_win,True,0-5,-0.22350720174685682,team1_win
2018,2018-09-29,Arsenal,Watford,80.92,69.42,0.6463,0.1488,0.205,2.0,0.0,11.5,team1_win,True,10-15,0.7208753477134682,team1_win
2018,2018-09-29,Everton,Fulham,65.5,62.06,0.4716,0.2634,0.265,3.0,0.0,3.4399999999999977,team1_win,True,0-5,0.213765197903327,team1_win
2018,2018-09-29,Huddersfield Town,Tottenham Hotspur,58.58,84.67,0.155,0.6133,0.2318,0.0,2.0,-26.090000000000003,team2_win,True,20+,-1.6441706239196836,team2_win
2018,2018-09-29,Wolverhampton,Southampton,67.15,66.8,0.4313,0.2778,0.2909,2.0,0.0,0.3500000000000085,team1_win,True,0-5,0.019352001512094957,team1_win
2018,2018-09-29,Chelsea,Liverpool,86.65,90.83,0.3488,0.3906,0.2606,1.0,1.0,-4.179999999999993,draw,False,0-5,-0.26566151941097443,team2_win
2018,2018-09-30,Cardiff City,Burnley,57.81,61.71,0.3982,0.3073,0.2946,1.0,2.0,-3.8999999999999986,team2_win,True,0-5,-0.2480447896408955,team1_win
2018,2018-10-01,AFC Bournemouth,Crystal Palace,63.97,68.41,0.4151,0.3194,0.2656,2.0,1.0,-4.439999999999998,team1_win,False,0-5,-0.2820199113403341,team1_win
2018,2018-10-05,Brighton and Hove Albion,West Ham United,63.15,65.3,0.4251,0.2967,0.2782,1.0,0.0,-2.1499999999999986,team1_win,False,0-5,-0.13794022857789962,team1_win
2018,2018-10-06,Tottenham Hotspur,Cardiff City,84.5,58.45,0.8024,0.0507,0.1469,1.0,0.0,26.049999999999997,team1_win,True,20+,1.6363161268372337,team1_win
2018,2018-10-06,Crystal Palace,Wolverhampton,67.86,67.85,0.4564,0.2559,0.2876,0.0,1.0,0.010000000000005116,team2_win,False,0-5,-0.0020397417801444554,team1_win
2018,2018-10-06,Leicester City,Everton,72.61,66.7,0.5103,0.2263,0.2634,1.0,2.0,5.909999999999997,team2_win,False,5-10,0.3691699212322411,team1_win
2018,2018-10-06,Burnley,Huddersfield Town,60.87,58.22,0.4782,0.2259,0.2959,1.0,1.0,2.6499999999999986,draw,False,0-5,0.16406085319488892,team1_win
2018,2018-10-06,Watford,AFC Bournemouth,70.01,64.58,0.4912,0.2519,0.2569,0.0,4.0,5.430000000000007,team2_win,False,5-10,0.33896981305496293,team1_win
2018,2018-10-06,Manchester United,Newcastle,79.78,65.93,0.6156,0.1427,0.2417,3.0,2.0,13.849999999999994,team1_win,True,10-15,0.8687300439980623,team1_win
2018,2018-10-07,Fulham,Arsenal,60.93,80.9,0.2131,0.5684,0.2185,1.0,5.0,-19.970000000000006,team2_win,True,15-20,-1.2591192446593782,team2_win
2018,2018-10-07,Southampton,Chelsea,66.17,85.84,0.1972,0.5615,0.2413,0.0,3.0,-19.67,team2_win,True,15-20,-1.2402441770485786,team2_win
2018,2018-10-07,Liverpool,Manchester City,90.64,93.72,0.3758,0.3658,0.2583,0.0,0.0,-3.0799999999999983,draw,False,0-5,-0.1964529381713774,team1_win
2018,2018-10-20,Chelsea,Manchester United,86.66,79.39,0.564,0.2033,0.2327,2.0,2.0,7.269999999999996,draw,False,5-10,0.4547368944011979,team1_win
2018,2018-10-20,Manchester City,Burnley,93.78,59.88,0.9113,0.0132,0.0755,5.0,0.0,33.9,team1_win,True,20+,2.1302137293198156,team1_win
2018,2018-10-20,Cardiff City,Fulham,58.96,60.57,0.4154,0.3016,0.2831,4.0,2.0,-1.6099999999999994,team1_win,False,0-5,-0.10396510687846093,team1_win
2018,2018-10-20,Wolverhampton,Watford,68.16,67.18,0.4383,0.2713,0.2904,0.0,2.0,0.9799999999999898,team2_win,False,0-5,0.05898964349477229,team1_win
2018,2018-10-20,West Ham United,Tottenham Hotspur,65.96,84.23,0.2062,0.5534,0.2404,0.0,1.0,-18.27000000000001,team2_win,True,15-20,-1.1521605281981824,team2_win
2018,2018-10-20,AFC Bournemouth,Southampton,67.28,64.81,0.4675,0.2741,0.2585,0.0,0.0,2.469999999999999,draw,False,0-5,0.15273581262840935,team1_win
2018,2018-10-20,Newcastle,Brighton and Hove Albion,65.6,62.64,0.4764,0.2391,0.2846,0.0,1.0,2.9599999999999937,team2_win,False,0-5,0.18356508972604788,team1_win
2018,2018-10-20,Huddersfield Town,Liverpool,59.37,90.56,0.1054,0.6881,0.2065,0.0,1.0,-31.190000000000005,team2_win,True,20+,-1.9650467733032717,team2_win
2018,2018-10-21,Everton,Crystal Palace,67.88,67.82,0.4332,0.2845,0.2824,2.0,0.0,0.060000000000002274,team1_win,True,0-5,0.0011061028216552478,team1_win
2018,2018-10-22,Arsenal,Leicester City,81.19,71.52,0.6268,0.1638,0.2094,3.0,1.0,9.670000000000002,team1_win,True,5-10,0.6057374352875926,team1_win
2018,2018-10-27,Liverpool,Cardiff City,91.03,59.7,0.874,0.0236,0.1024,4.0,1.0,31.33,team1_win,True,20+,1.9685173167873011,team1_win
2018,2018-10-27,Fulham,AFC Bournemouth,59.11,67.25,0.3902,0.3531,0.2567,0.0,3.0,-8.14,team2_win,True,5-10,-0.5148124118735256,team1_win
2018,2018-10-27,Watford,Huddersfield Town,68.38,60.01,0.5018,0.2057,0.2924,3.0,0.0,8.369999999999997,team1_win,True,5-10,0.5239454756407954,team1_win
2018,2018-10-27,Brighton and Hove Albion,Wolverhampton,62.63,67.12,0.4133,0.2893,0.2974,1.0,0.0,-4.490000000000002,team1_win,False,0-5,-0.2851657559421343,team1_win
2018,2018-10-27,Southampton,Newcastle,65.44,65.7,0.4355,0.2686,0.2959,0.0,0.0,-0.2600000000000051,draw,False,0-5,-0.019027302629864462,team1_win
2018,2018-10-27,Leicester City,West Ham United,70.77,66.47,0.4794,0.2506,0.2701,1.0,1.0,4.299999999999997,draw,False,0-5,0.267873725054285,team1_win
2018,2018-10-28,Burnley,Chelsea,58.73,86.53,0.1467,0.6467,0.2067,0.0,4.0,-27.800000000000004,team2_win,True,20+,-1.7517585093012396,team2_win
2018,2018-10-28,Crystal Palace,Arsenal,67.11,82.03,0.2388,0.5206,0.2406,2.0,2.0,-14.920000000000002,draw,False,10-15,-0.9413889398775896,team2_win
2018,2018-10-28,Manchester United,Everton,78.88,68.69,0.5959,0.1709,0.2332,2.0,1.0,10.189999999999998,team1_win,True,10-15,0.6384542191463112,team1_win
2018,2018-10-29,Tottenham Hotspur,Manchester City,84.81,94.35,0.2415,0.5145,0.2441,0.0,1.0,-9.539999999999992,team2_win,True,5-10,-0.6028960607239218,team2_win
2018,2018-11-03,AFC Bournemouth,Manchester United,69.06,78.57,0.3222,0.4237,0.2542,1.0,2.0,-9.509999999999991,team2_win,True,5-10,-0.6010085539628417,team2_win
2018,2018-11-03,Newcastle,Watford,65.53,69.12,0.4203,0.2862,0.2934,1.0,0.0,-3.5900000000000034,team1_win,False,0-5,-0.2285405531097365,team1_win
2018,2018-11-03,Everton,Brighton and Hove Albion,68.93,62.09,0.5108,0.2206,0.2686,3.0,1.0,6.840000000000003,team1_win,True,5-10,0.4276826308257194,team1_win
2018,2018-11-03,Cardiff City,Leicester City,59.49,70.51,0.3514,0.3675,0.2811,0.0,1.0,-11.020000000000003,team2_win,True,10-15,-0.696013060937199,team2_win
2018,2018-11-03,West Ham United,Burnley,66.63,57.26,0.5262,0.2096,0.2642,4.0,2.0,9.369999999999997,team1_win,True,5-10,0.586862367676793,team1_win
2018,2018-11-03,Arsenal,Liverpool,81.23,91.06,0.2952,0.4648,0.24,1.0,1.0,-9.829999999999998,draw,False,5-10,-0.6211419594143615,team2_win
2018,2018-11-03,Wolverhampton,Tottenham Hotspur,67.75,84.12,0.2056,0.5312,0.2632,2.0,3.0,-16.370000000000005,team2_win,True,15-20,-1.0326184333297865,team2_win
2018,2018-11-04,Manchester City,Southampton,94.33,66.09,0.9039,0.013,0.0831,6.0,1.0,28.239999999999995,team1_win,True,20+,1.7741041203960684,team1_win
2018,2018-11-04,Chelsea,Crystal Palace,87.58,68.12,0.755,0.0746,0.1704,3.0,1.0,19.459999999999994,team1_win,True,15-20,1.2216938083200088,team1_win
2018,2018-11-05,Huddersfield Town,Fulham,59.0,57.48,0.4252,0.2804,0.2945,1.0,0.0,1.5200000000000031,team1_win,True,0-5,0.09296476519421186,team1_win
2018,2018-11-10,Cardiff City,Brighton and Hove Albion,58.75,60.8,0.4402,0.2751,0.2847,2.0,1.0,-2.049999999999997,team1_win,False,0-5,-0.13164853937429974,team1_win
2018,2018-11-10,Leicester City,Burnley,71.22,56.31,0.5695,0.1852,0.2454,0.0,0.0,14.909999999999997,draw,False,10-15,0.9354219495562199,team1_win
2018,2018-11-10,Southampton,Watford,66.22,69.88,0.4233,0.2961,0.2806,1.0,1.0,-3.6599999999999966,draw,False,0-5,-0.23294473555225592,team1_win
2018,2018-11-10,Newcastle,AFC Bournemouth,64.74,68.67,0.4045,0.316,0.2795,2.0,1.0,-3.930000000000007,team1_win,False,0-5,-0.24993229640197592,team1_win
2018,2018-11-10,Huddersfield Town,West Ham United,59.58,66.99,0.3694,0.323,0.3077,1.0,1.0,-7.409999999999997,draw,False,5-10,-0.46888308068724704,team1_win
2018,2018-11-10,Crystal Palace,Tottenham Hotspur,68.02,84.21,0.225,0.5235,0.2514,0.0,1.0,-16.189999999999998,team2_win,True,15-20,-1.0212933927633066,team2_win
2018,2018-11-11,Liverpool,Fulham,90.54,57.5,0.8604,0.0331,0.1065,2.0,0.0,33.040000000000006,team1_win,True,20+,2.0761052021688577,team1_win
2018,2018-11-11,Chelsea,Everton,87.28,69.96,0.7113,0.1001,0.1886,0.0,0.0,17.320000000000007,draw,False,15-20,1.0870516593629749,team1_win
2018,2018-11-11,Manchester City,Manchester United,95.0,79.05,0.8018,0.0635,0.1347,3.0,1.0,15.950000000000003,team1_win,True,15-20,1.000855517273658,team1_win
2018,2018-11-11,Arsenal,Wolverhampton,81.5,68.34,0.6711,0.1234,0.2056,1.0,1.0,13.159999999999997,draw,False,10-15,0.825317388493224,team1_win
2018,2018-11-24,West Ham United,Manchester City,67.25,94.85,0.0866,0.7579,0.1555,0.0,4.0,-27.599999999999994,team2_win,True,20+,-1.7391751308940395,team2_win
2018,2018-11-24,Fulham,Southampton,57.7,66.08,0.3709,0.3483,0.2808,3.0,2.0,-8.379999999999995,team1_win,False,5-10,-0.5299124659621647,team1_win
2018,2018-11-24,Watford,Liverpool,70.13,90.57,0.1638,0.6098,0.2264,0.0,3.0,-20.439999999999998,team2_win,True,20+,-1.2886901839162965,team2_win
2018,2018-11-24,Everton,Cardiff City,70.6,59.38,0.5264,0.2055,0.268,1.0,0.0,11.219999999999992,team1_win,True,10-15,0.7032586179433883,team1_win
2018,2018-11-24,Manchester United,Crystal Palace,79.4,67.84,0.609,0.1607,0.2304,0.0,0.0,11.560000000000002,draw,False,10-15,0.7246503612356282,team1_win
2018,2018-11-24,Brighton and Hove Albion,Leicester City,60.25,71.43,0.3442,0.3721,0.2837,1.0,1.0,-11.180000000000007,draw,False,10-15,-0.7060797636629588,team2_win
2018,2018-11-24,Tottenham Hotspur,Chelsea,84.6,87.15,0.4193,0.3155,0.2653,3.0,1.0,-2.5500000000000114,team1_win,False,0-5,-0.16310698539229945,team1_win
2018,2018-11-25,AFC Bournemouth,Arsenal,68.01,80.26,0.2694,0.4963,0.2343,1.0,2.0,-12.25,team2_win,True,10-15,-0.7734008381414759,team2_win
2018,2018-11-25,Wolverhampton,Huddersfield Town,69.82,59.27,0.5121,0.1878,0.3,0.0,2.0,10.54999999999999,team2_win,False,10-15,0.6611043002792698,team1_win
2018,2018-11-26,Burnley,Newcastle,56.63,65.13,0.3725,0.3301,0.2974,1.0,2.0,-8.499999999999993,team2_win,True,5-10,-0.5374624930064843,team1_win
2018,2018-11-30,Cardiff City,Wolverhampton,58.84,68.06,0.3806,0.3224,0.297,2.0,1.0,-9.219999999999999,team1_win,False,5-10,-0.5827626552724029,team1_win
2018,2018-12-01,Crystal Palace,Burnley,68.47,56.04,0.5508,0.1835,0.2656,2.0,0.0,12.43,team1_win,True,10-15,0.7793880573069459,team1_win
2018,2018-12-01,Manchester City,AFC Bournemouth,94.66,67.41,0.905,0.0203,0.0747,3.0,1.0,27.25,team1_win,True,20+,1.711816397280431,team1_win
2018,2018-12-01,Leicester City,Watford,71.63,69.43,0.4673,0.2549,0.2778,2.0,0.0,2.1999999999999886,team1_win,True,0-5,0.13574825177868935,team1_win
2018,2018-12-01,Newcastle,West Ham United,65.41,66.82,0.4281,0.2852,0.2866,0.0,3.0,-1.4099999999999966,team2_win,True,0-5,-0.09138172847126122,team1_win
2018,2018-12-01,Huddersfield Town,Brighton and Hove Albion,61.19,60.28,0.4421,0.2457,0.3122,1.0,2.0,0.9099999999999966,team2_win,False,0-5,0.054585461052252884,team1_win
2018,2018-12-01,Southampton,Manchester United,65.81,79.29,0.2965,0.4406,0.2629,2.0,2.0,-13.480000000000004,draw,False,10-15,-0.8507886153457532,team2_win
2018,2018-12-02,Chelsea,Fulham,86.63,57.38,0.8333,0.0437,0.123,2.0,0.0,29.249999999999993,team1_win,True,20+,1.8376501813524257,team1_win
2018,2018-12-02,Arsenal,Tottenham Hotspur,81.13,85.73,0.4006,0.3487,0.2507,4.0,2.0,-4.6000000000000085,team1_win,False,0-5,-0.29208661406609443,team1_win
2018,2018-12-02,Liverpool,Everton,90.99,71.06,0.7993,0.0506,0.1501,1.0,0.0,19.929999999999993,team1_win,True,15-20,1.2512647475769276,team1_win
2018,2018-12-04,Brighton and Hove Albion,Crystal Palace,61.8,69.38,0.3602,0.3398,0.3,3.0,1.0,-7.579999999999998,team1_win,False,5-10,-0.4795789523333668,team1_win
2018,2018-12-04,West Ham United,Cardiff City,68.23,59.18,0.5167,0.2197,0.2636,3.0,1.0,9.050000000000004,team1_win,True,5-10,0.5667289622252742,team1_win
2018,2018-12-04,AFC Bournemouth,Huddersfield Town,67.86,59.74,0.516,0.2101,0.2739,2.0,1.0,8.119999999999997,team1_win,True,5-10,0.5082162526317959,team1_win
2018,2018-12-04,Watford,Manchester City,69.69,94.47,0.0891,0.7465,0.1644,1.0,2.0,-24.78,team2_win,True,20+,-1.5617494953525266,team2_win
2018,2018-12-05,Fulham,Leicester City,57.76,71.44,0.3457,0.377,0.2772,1.0,1.0,-13.68,draw,False,10-15,-0.8633719937529525,team2_win
2018,2018-12-05,Everton,Newcastle,71.59,63.76,0.5022,0.2208,0.2771,1.0,1.0,7.830000000000005,draw,False,5-10,0.4899703539413572,team1_win
2018,2018-12-05,Burnley,Liverpool,55.12,90.69,0.0968,0.7275,0.1757,1.0,3.0,-35.57,team2_win,True,20+,-2.240622760420941,team2_win
2018,2018-12-05,Wolverhampton,Chelsea,67.62,86.58,0.1828,0.5723,0.2449,2.0,1.0,-18.959999999999994,team1_win,False,15-20,-1.1955731837030197,team2_win
2018,2018-12-05,Manchester United,Arsenal,79.26,82.22,0.3764,0.3733,0.2502,2.0,2.0,-2.9599999999999937,draw,False,0-5,-0.1889029111270574,team1_win
2018,2018-12-05,Tottenham Hotspur,Southampton,84.65,65.88,0.709,0.1031,0.1879,3.0,1.0,18.77000000000001,team1_win,True,15-20,1.1782811528151715,team1_win
2018,2018-12-08,AFC Bournemouth,Liverpool,65.82,90.32,0.1398,0.6661,0.1941,0.0,4.0,-24.5,team2_win,True,20+,-1.544132765582447,team2_win
2018,2018-12-08,Burnley,Brighton and Hove Albion,55.59,61.9,0.4079,0.31,0.2821,1.0,0.0,-6.309999999999995,team1_win,False,5-10,-0.39967449944764954,team1_win
2018,2018-12-08,West Ham United,Crystal Palace,68.46,68.93,0.4331,0.2853,0.2816,3.0,2.0,-0.4700000000000131,team1_win,False,0-5,-0.032239849957424474,team1_win
2018,2018-12-08,Cardiff City,Southampton,58.63,66.62,0.3685,0.3509,0.2805,1.0,0.0,-7.990000000000002,team1_win,False,5-10,-0.505374878068126,team1_win
2018,2018-12-08,Manchester United,Fulham,78.78,58.78,0.654,0.1379,0.2081,4.0,1.0,20.0,team1_win,True,15-20,1.2556689300194481,team1_win
2018,2018-12-08,Arsenal,Huddersfield Town,82.64,61.31,0.7759,0.0599,0.1642,1.0,0.0,21.33,team1_win,True,20+,1.3393483964273247,team1_win
2018,2018-12-08,Chelsea,Manchester City,86.18,94.07,0.277,0.479,0.244,2.0,0.0,-7.889999999999986,team1_win,False,5-10,-0.4990831888645253,team2_win
2018,2018-12-08,Leicester City,Tottenham Hotspur,70.49,83.97,0.2378,0.5118,0.2504,0.0,2.0,-13.480000000000004,team2_win,True,10-15,-0.8507886153457532,team2_win
2018,2018-12-09,Newcastle,Wolverhampton,64.05,68.23,0.4229,0.28,0.2971,1.0,2.0,-4.180000000000007,team2_win,True,0-5,-0.2656615194109753,team1_win
2018,2018-12-10,Everton,Watford,71.21,70.48,0.4471,0.2746,0.2784,2.0,2.0,0.7299999999999898,draw,False,0-5,0.04326042048577288,team1_win
2018,2018-12-15,Manchester City,Everton,93.75,70.93,0.8822,0.0247,0.0931,3.0,1.0,22.819999999999993,team1_win,True,20+,1.433094565560961,team1_win
2018,2018-12-15,Crystal Palace,Leicester City,68.44,69.49,0.4525,0.2596,0.2879,1.0,0.0,-1.0499999999999972,team1_win,False,0-5,-0.0687316473383021,team1_win
2018,2018-12-15,Tottenham Hotspur,Burnley,85.75,55.91,0.8294,0.0433,0.1273,1.0,0.0,29.840000000000003,team1_win,True,20+,1.874771147653665,team1_win
2018,2018-12-15,Wolverhampton,AFC Bournemouth,69.09,64.63,0.4737,0.2605,0.2657,2.0,0.0,4.460000000000008,team1_win,True,0-5,0.27794042778004524,team1_win
2018,2018-12-15,Huddersfield Town,Newcastle,61.62,63.08,0.4107,0.2704,0.3188,0.0,1.0,-1.4600000000000009,team2_win,True,0-5,-0.09452757307306137,team1_win
2018,2018-12-15,Watford,Cardiff City,70.41,59.92,0.5215,0.2157,0.2628,3.0,2.0,10.489999999999995,team1_win,True,10-15,0.6573292867571102,team1_win
2018,2018-12-15,Fulham,West Ham United,58.27,68.6,0.376,0.3588,0.2652,0.0,2.0,-10.329999999999991,team2_win,True,10-15,-0.6526004054323599,team1_win
2018,2018-12-16,Southampton,Arsenal,65.59,81.87,0.2419,0.5124,0.2457,3.0,2.0,-16.28,team1_win,False,15-20,-1.0269559130465467,team2_win
2018,2018-12-16,Brighton and Hove Albion,Chelsea,61.81,85.92,0.152,0.6248,0.2231,1.0,2.0,-24.11,team2_win,True,20+,-1.519595177688408,team2_win
2018,2018-12-16,Liverpool,Manchester United,91.37,79.12,0.6924,0.1161,0.1915,3.0,1.0,12.25,team1_win,True,10-15,0.7680630167404664,team1_win
2018,2018-12-21,Wolverhampton,Liverpool,69.63,91.81,0.1218,0.6664,0.2117,0.0,2.0,-22.180000000000007,team2_win,True,20+,-1.398165576058933,team2_win
2018,2018-12-22,Arsenal,Burnley,81.09,56.38,0.7841,0.0643,0.1516,3.0,1.0,24.71,team1_win,True,20+,1.552007491508997,team1_win
2018,2018-12-22,Chelsea,Leicester City,86.1,70.04,0.7077,0.0917,0.2006,0.0,1.0,16.059999999999988,team2_win,False,15-20,1.0077763753976166,team1_win
2018,2018-12-22,West Ham United,Watford,69.18,70.67,0.4295,0.3027,0.2678,0.0,2.0,-1.4899999999999949,team2_win,True,0-5,-0.09641507983414092,team1_win
2018,2018-12-22,Huddersfield Town,Southampton,61.7,66.45,0.3746,0.3152,0.3101,1.0,3.0,-4.75,team2_win,True,0-5,-0.30152414787149356,team1_win
2018,2018-12-22,Manchester City,Crystal Palace,93.13,68.34,0.8791,0.0236,0.0973,2.0,3.0,24.789999999999992,team2_win,False,20+,1.5570408428718763,team1_win
2018,2018-12-22,AFC Bournemouth,Brighton and Hove Albion,64.43,61.79,0.4834,0.253,0.2635,2.0,0.0,2.6400000000000077,team1_win,True,0-5,0.1634316842745295,team1_win
2018,2018-12-22,Newcastle,Fulham,63.19,58.01,0.4762,0.2481,0.2757,0.0,0.0,5.18,draw,False,5-10,0.32324059004596306,team1_win
2018,2018-12-22,Cardiff City,Manchester United,59.27,78.29,0.2633,0.4846,0.2521,1.0,5.0,-19.020000000000003,team2_win,True,15-20,-1.1993481972251803,team2_win
2018,2018-12-23,Everton,Tottenham Hotspur,72.19,85.62,0.2467,0.5004,0.2529,2.0,6.0,-13.430000000000007,team2_win,True,10-15,-0.8476427707439536,team2_win
2018,2018-12-26,Fulham,Wolverhampton,58.53,68.76,0.3831,0.3233,0.2936,1.0,1.0,-10.230000000000004,draw,False,10-15,-0.6463087162287608,team1_win
2018,2018-12-26,Burnley,Everton,57.43,70.71,0.34,0.3843,0.2756,1.0,5.0,-13.279999999999994,team2_win,True,10-15,-0.8382052369385531,team2_win
2018,2018-12-26,Manchester United,Huddersfield Town,79.17,60.22,0.6578,0.1205,0.2217,3.0,1.0,18.950000000000003,team1_win,True,15-20,1.1896061933816506,team1_win
2018,2018-12-26,Tottenham Hotspur,AFC Bournemouth,86.44,64.91,0.782,0.0692,0.1488,5.0,0.0,21.53,team1_win,True,20+,1.3519317748345245,team1_win
2018,2018-12-26,Liverpool,Newcastle,92.26,63.48,0.8893,0.0151,0.0955,4.0,0.0,28.78000000000001,team1_win,True,20+,1.8080792420955079,team1_win
2018,2018-12-26,Crystal Palace,Cardiff City,69.67,57.98,0.5259,0.2082,0.2659,0.0,0.0,11.690000000000005,draw,False,10-15,0.7328295572003081,team1_win
2018,2018-12-26,Leicester City,Manchester City,70.74,92.36,0.1276,0.6776,0.1948,2.0,1.0,-21.620000000000005,team1_win,False,20+,-1.3629321165187742,team2_win
2018,2018-12-26,Brighton and Hove Albion,Arsenal,61.61,80.31,0.2045,0.5535,0.2419,1.0,1.0,-18.700000000000003,draw,False,15-20,-1.179214791773661,team2_win
2018,2018-12-26,Watford,Chelsea,71.45,85.64,0.2318,0.5169,0.2513,1.0,2.0,-14.189999999999998,team2_win,True,10-15,-0.8954596086913111,team2_win
2018,2018-12-27,Southampton,West Ham United,67.37,68.18,0.4543,0.2831,0.2626,1.0,2.0,-0.8100000000000023,team2_win,True,0-5,-0.05363159324966299,team1_win
2018,2018-12-29,Tottenham Hotspur,Wolverhampton,86.63,68.79,0.7103,0.095,0.1946,1.0,3.0,17.83999999999999,team2_win,False,15-20,1.1197684432216926,team1_win
2018,2018-12-29,Watford,Newcastle,71.48,62.88,0.5168,0.2161,0.2671,1.0,1.0,8.600000000000001,draw,False,5-10,0.5384163608090751,team1_win
2018,2018-12-29,Fulham,Huddersfield Town,58.63,60.85,0.4353,0.262,0.3027,1.0,0.0,-2.219999999999999,team1_win,False,0-5,-0.14234441102041945,team1_win
2018,2018-12-29,Brighton and Hove Albion,Everton,62.27,71.44,0.3436,0.3761,0.2804,1.0,0.0,-9.169999999999995,team1_win,False,5-10,-0.5796168106706028,team2_win
2018,2018-12-29,Leicester City,Cardiff City,71.73,58.0,0.5331,0.1995,0.2675,0.0,1.0,13.730000000000004,team2_win,False,10-15,0.8611800169537431,team1_win
2018,2018-12-29,Liverpool,Arsenal,92.42,79.9,0.6661,0.1357,0.1982,5.0,1.0,12.519999999999996,team1_win,True,10-15,0.7850505775901855,team1_win
2018,2018-12-30,Crystal Palace,Chelsea,69.94,85.6,0.2189,0.5191,0.262,0.0,1.0,-15.659999999999997,team2_win,True,15-20,-0.9879474399842276,team2_win
2018,2018-12-30,Burnley,West Ham United,56.24,68.78,0.3477,0.3798,0.2725,2.0,0.0,-12.54,team1_win,False,10-15,-0.7916467368319151,team2_win
2018,2018-12-30,Southampton,Manchester City,66.79,91.81,0.1363,0.6801,0.1837,1.0,3.0,-25.019999999999996,team2_win,True,20+,-1.5768495494411656,team2_win
2018,2018-12-30,Manchester United,AFC Bournemouth,78.36,64.51,0.6312,0.1616,0.2072,4.0,1.0,13.849999999999994,team1_win,True,10-15,0.8687300439980623,team1_win
2018,2019-01-01,Everton,Leicester City,71.13,70.9,0.4552,0.2662,0.2786,0.0,1.0,0.22999999999998977,team2_win,False,0-5,0.01180197446777406,team1_win
2018,2019-01-01,Arsenal,Fulham,78.86,59.66,0.6737,0.1263,0.2,4.0,1.0,19.200000000000003,team1_win,True,15-20,1.20533541639065,team1_win
2018,2019-01-01,Cardiff City,Tottenham Hotspur,59.21,84.74,0.1732,0.6037,0.2232,0.0,3.0,-25.529999999999994,team2_win,True,20+,-1.6089371643795243,team2_win
2018,2019-01-02,West Ham United,Brighton and Hove Albion,66.45,62.88,0.4896,0.2388,0.2716,2.0,2.0,3.5700000000000003,draw,False,0-5,0.22194439386800685,team1_win
2018,2019-01-02,Huddersfield Town,Burnley,60.02,58.52,0.4115,0.2839,0.3046,1.0,2.0,1.5,team2_win,False,0-5,0.09170642735349172,team1_win
2018,2019-01-02,Wolverhampton,Crystal Palace,71.35,69.37,0.4415,0.2558,0.3028,0.0,2.0,1.9799999999999898,team2_win,False,0-5,0.12190653553076994,team1_win
2018,2019-01-02,Chelsea,Southampton,86.28,65.9,0.7235,0.0903,0.1862,0.0,0.0,20.379999999999995,draw,False,20+,1.2795773489931268,team1_win
2018,2019-01-02,AFC Bournemouth,Watford,63.77,71.37,0.3733,0.3653,0.2614,3.0,3.0,-7.600000000000001,draw,False,5-10,-0.48083729017408694,team1_win
2018,2019-01-02,Newcastle,Manchester United,63.07,78.85,0.2665,0.4742,0.2592,0.0,2.0,-15.779999999999994,team2_win,True,15-20,-0.9954974670285471,team2_win
2018,2019-01-03,Manchester City,Liverpool,92.29,92.88,0.4402,0.3156,0.2443,2.0,1.0,-0.5899999999999892,team1_win,False,0-5,-0.03978987700174269,team1_win
2018,2019-01-12,West Ham United,Arsenal,65.98,79.41,0.2557,0.5075,0.2368,1.0,0.0,-13.429999999999993,team1_win,False,10-15,-0.8476427707439527,team2_win
2018,2019-01-12,Crystal Palace,Watford,71.09,70.03,0.4441,0.2768,0.2791,1.0,2.0,1.0600000000000023,team2_win,False,0-5,0.06402299485765289,team1_win
2018,2019-01-12,Leicester City,Southampton,71.3,66.59,0.4487,0.2622,0.289,1.0,2.0,4.709999999999994,team2_win,False,0-5,0.2936696507890438,team1_win
2018,2019-01-12,Brighton and Hove Albion,Liverpool,63.29,93.03,0.0735,0.765,0.1615,0.0,1.0,-29.740000000000002,team2_win,True,20+,-1.8738172798510748,team2_win
2018,2019-01-12,Cardiff City,Huddersfield Town,58.89,58.04,0.4869,0.2156,0.2975,0.0,0.0,0.8500000000000014,draw,False,0-5,0.05081044753009333,team1_win
2018,2019-01-12,Burnley,Fulham,60.22,58.48,0.4658,0.2643,0.2699,2.0,1.0,1.740000000000002,team1_win,True,0-5,0.10680648144213127,team1_win
2018,2019-01-12,Chelsea,Newcastle,86.18,62.18,0.7772,0.051,0.1718,2.0,1.0,24.000000000000007,team1_win,True,20+,1.507336498163439,team1_win
2018,2019-01-13,Everton,AFC Bournemouth,71.04,64.61,0.5084,0.2452,0.2465,2.0,0.0,6.430000000000007,team1_win,True,5-10,0.4018867050909605,team1_win
2018,2019-01-13,Tottenham Hotspur,Manchester United,85.14,79.78,0.5162,0.246,0.2378,0.0,1.0,5.359999999999999,team2_win,False,5-10,0.3345656306124426,team1_win
2018,2019-01-14,Manchester City,Wolverhampton,92.17,69.77,0.8499,0.0337,0.1164,3.0,0.0,22.400000000000006,team1_win,True,20+,1.4066694709058427,team1_win
2018,2019-01-19,Wolverhampton,Leicester City,68.61,70.77,0.399,0.2922,0.3087,4.0,3.0,-2.1599999999999966,team1_win,False,0-5,-0.13856939749825944,team1_win
2018,2019-01-19,Watford,Burnley,70.69,60.18,0.5326,0.2196,0.2479,0.0,0.0,10.509999999999998,draw,False,10-15,0.6585876245978304,team1_win
2018,2019-01-19,AFC Bournemouth,West Ham United,64.77,66.86,0.4388,0.3056,0.2557,2.0,0.0,-2.0900000000000034,team1_win,False,0-5,-0.13416521505574006,team1_win
2018,2019-01-19,Manchester United,Brighton and Hove Albion,79.67,62.95,0.6856,0.1102,0.2043,2.0,1.0,16.72,team1_win,True,15-20,1.0493015241413757,team1_win
2018,2019-01-19,Liverpool,Crystal Palace,93.3,70.32,0.8669,0.0222,0.1109,4.0,3.0,22.980000000000004,team1_win,True,20+,1.4431612682867212,team1_win
2018,2019-01-19,Newcastle,Cardiff City,63.12,58.14,0.4778,0.2273,0.2949,3.0,0.0,4.979999999999997,team1_win,True,0-5,0.31065721163876336,team1_win
2018,2019-01-19,Southampton,Everton,66.92,70.94,0.421,0.3054,0.2736,2.0,1.0,-4.019999999999996,team1_win,False,0-5,-0.255594816685215,team1_win
2018,2019-01-19,Arsenal,Chelsea,79.0,85.52,0.3597,0.3752,0.2651,2.0,0.0,-6.519999999999996,team1_win,False,5-10,-0.4128870467752091,team2_win
2018,2019-01-20,Huddersfield Town,Manchester City,59.48,92.77,0.0722,0.7699,0.1579,0.0,3.0,-33.29,team2_win,True,20+,-2.0971722465788663,team2_win
2018,2019-01-20,Fulham,Tottenham Hotspur,58.7,85.32,0.1615,0.6212,0.2173,1.0,2.0,-26.61999999999999,team2_win,True,20+,-1.6775165766987614,team2_win
2018,2019-01-29,Wolverhampton,West Ham United,68.51,66.96,0.4356,0.2833,0.2811,3.0,0.0,1.5500000000000114,team1_win,True,0-5,0.0948522719552923,team1_win
2018,2019-01-29,Fulham,Brighton and Hove Albion,58.61,63.02,0.4318,0.278,0.2902,4.0,2.0,-4.410000000000004,team1_win,False,0-5,-0.2801324045792546,team1_win
2018,2019-01-29,Arsenal,Cardiff City,79.77,56.68,0.7578,0.0756,0.1666,2.0,1.0,23.089999999999996,team1_win,True,20+,1.4500821264106805,team1_win
2018,2019-01-29,Huddersfield Town,Everton,58.79,70.97,0.3073,0.389,0.3037,0.0,1.0,-12.18,team2_win,True,10-15,-0.768996655698956,team2_win
2018,2019-01-29,Newcastle,Manchester City,64.47,93.14,0.0918,0.7383,0.1699,2.0,1.0,-28.67,team1_win,False,20+,-1.8064962053725575,team2_win
2018,2019-01-29,Manchester United,Burnley,79.53,61.51,0.6768,0.1239,0.1993,2.0,2.0,18.020000000000003,draw,False,15-20,1.131093483788173,team1_win
2018,2019-01-30,Southampton,Crystal Palace,66.98,71.31,0.4064,0.3079,0.2857,1.0,1.0,-4.329999999999998,draw,False,0-5,-0.2750990532163744,team1_win
2018,2019-01-30,AFC Bournemouth,Chelsea,64.99,84.86,0.1879,0.579,0.2332,4.0,0.0,-19.870000000000005,team1_win,False,15-20,-1.2528275554557784,team2_win
2018,2019-01-30,Tottenham Hotspur,Watford,85.37,69.76,0.6876,0.1187,0.1937,2.0,1.0,15.61,team1_win,True,15-20,0.9794637739814185,team1_win
2018,2019-01-30,Liverpool,Leicester City,92.58,69.87,0.8553,0.0317,0.1131,1.0,1.0,22.709999999999994,draw,False,20+,1.4261737074370013,team1_win
