season,match_date,league,home_team,away_team,home_team_spi,away_team_spi,home_win_prob,draw_prob,away_win_prob,home_expected_goals,away_expected_goals,home_goals,away_goals,actual_draw,spi_gap
2016,2016-08-13,Barclays Premier League,Hull City,Leicester City,53.57,66.81,0.3459,0.2921,0.3621,1.16,1.24,2.0,1.0,0,13.240000000000002
2016,2016-08-13,Barclays Premier League,Middlesbrough,Stoke City,56.32,60.35,0.438,0.2927,0.2692,1.3,1.01,1.0,1.0,1,4.030000000000001
2016,2016-08-13,Barclays Premier League,Burnley,Swansea City,58.98,59.74,0.4482,0.2854,0.2663,1.37,1.05,0.0,1.0,0,0.7600000000000051
2016,2016-08-13,Barclays Premier League,Southampton,Watford,69.49,59.33,0.5759,0.2367,0.1874,1.91,1.05,1.0,1.0,1,10.159999999999997
2016,2016-08-13,Barclays Premier League,Crystal Palace,West Bromwich Albion,55.19,58.66,0.4214,0.2847,0.2939,1.35,1.14,0.0,1.0,0,3.469999999999999
2016,2016-08-13,Barclays Premier League,Everton,Tottenham Hotspur,68.02,73.25,0.391,0.2689,0.3401,1.47,1.38,1.0,1.0,1,5.230000000000004
2016,2016-08-13,Barclays Premier League,Manchester City,Sunderland,86.42,53.64,0.8152,0.1323,0.0525,2.69,0.48,2.0,1.0,0,32.78
2016,2016-08-14,Barclays Premier League,AFC Bournemouth,Manchester United,61.57,80.49,0.2111,0.2428,0.5461,1.15,1.78,1.0,3.0,0,18.919999999999995
2016,2016-08-14,Barclays Premier League,Arsenal,Liverpool,82.55,77.44,0.5551,0.2334,0.2115,1.91,1.21,3.0,4.0,0,5.109999999999999
2016,2016-08-15,Barclays Premier League,Chelsea,West Ham United,80.7,63.27,0.6908,0.1915,0.1177,2.23,0.91,2.0,1.0,0,17.43
2016,2016-08-19,Barclays Premier League,Manchester United,Southampton,81.05,69.22,0.6197,0.2309,0.1494,1.85,0.87,2.0,0.0,0,11.829999999999998
2016,2016-08-20,Barclays Premier League,Leicester City,Arsenal,66.93,81.57,0.2505,0.2439,0.5056,1.31,1.78,0.0,0.0,1,14.639999999999986
2016,2016-08-20,Barclays Premier League,Watford,Chelsea,59.57,80.51,0.1955,0.2262,0.5783,1.2,1.98,1.0,2.0,0,20.940000000000005
2016,2016-08-20,Barclays Premier League,West Bromwich Albion,Everton,59.64,67.51,0.3696,0.2814,0.3491,1.31,1.3,1.0,2.0,0,7.8700000000000045
2016,2016-08-20,Barclays Premier League,Burnley,Liverpool,57.85,78.87,0.2079,0.2402,0.552,1.12,1.79,2.0,0.0,0,21.020000000000003
2016,2016-08-20,Barclays Premier League,Swansea City,Hull City,60.87,53.47,0.4993,0.2836,0.2171,1.41,0.86,0.0,2.0,0,7.399999999999999
2016,2016-08-20,Barclays Premier League,Stoke City,Manchester City,60.42,85.71,0.1278,0.2002,0.672,0.99,1.98,1.0,4.0,0,25.289999999999992
2016,2016-08-20,Barclays Premier League,Tottenham Hotspur,Crystal Palace,73.64,54.21,0.6638,0.2172,0.119,1.94,0.71,1.0,0.0,0,19.43
2016,2016-08-21,Barclays Premier League,Sunderland,Middlesbrough,54.83,56.24,0.4393,0.2885,0.2722,1.34,1.04,1.0,2.0,0,1.4100000000000037
2016,2016-08-21,Barclays Premier League,West Ham United,AFC Bournemouth,63.46,60.82,0.4867,0.2564,0.2569,1.71,1.23,1.0,0.0,0,2.6400000000000006
2016,2016-08-27,Barclays Premier League,Hull City,Manchester United,54.79,81.23,0.175,0.2498,0.5752,0.89,1.64,0.0,1.0,0,26.440000000000005
2016,2016-08-27,Barclays Premier League,Chelsea,Burnley,80.86,58.66,0.7139,0.1947,0.0914,2.04,0.63,3.0,0.0,0,22.200000000000003
2016,2016-08-27,Barclays Premier League,Everton,Stoke City,68.06,59.86,0.547,0.2575,0.1954,1.66,0.94,1.0,0.0,0,8.200000000000003
2016,2016-08-27,Barclays Premier League,Watford,Arsenal,59.03,81.56,0.1698,0.2169,0.6133,1.15,2.01,1.0,3.0,0,22.53
2016,2016-08-27,Barclays Premier League,Southampton,Sunderland,68.93,54.48,0.5952,0.2439,0.1609,1.75,0.86,1.0,1.0,1,14.45000000000001
2016,2016-08-27,Barclays Premier League,Crystal Palace,AFC Bournemouth,54.06,60.24,0.3985,0.2869,0.3146,1.29,1.19,1.0,1.0,1,6.18
2016,2016-08-27,Barclays Premier League,Tottenham Hotspur,Liverpool,73.71,78.14,0.3967,0.2589,0.3444,1.58,1.46,1.0,1.0,1,4.430000000000007
2016,2016-08-27,Barclays Premier League,Leicester City,Swansea City,66.6,59.55,0.5351,0.2593,0.2056,1.65,0.98,2.0,1.0,0,7.049999999999997
2016,2016-08-28,Barclays Premier League,West Bromwich Albion,Middlesbrough,59.12,56.62,0.4596,0.2833,0.2571,1.39,1.04,0.0,0.0,1,2.5
2016,2016-08-28,Barclays Premier League,Manchester City,West Ham United,86.14,63.98,0.7687,0.1534,0.078,2.57,0.7,3.0,1.0,0,22.160000000000004
2016,2016-09-10,Barclays Premier League,Arsenal,Southampton,81.72,67.78,0.6503,0.2163,0.1334,1.95,0.86,2.0,1.0,0,13.939999999999998
2016,2016-09-10,Barclays Premier League,Liverpool,Leicester City,78.41,67.06,0.6145,0.2218,0.1637,1.97,1.03,4.0,1.0,0,11.349999999999994
2016,2016-09-10,Barclays Premier League,Burnley,Hull City,57.38,53.37,0.4633,0.301,0.2357,1.25,0.83,1.0,1.0,1,4.010000000000005
2016,2016-09-10,Barclays Premier League,Middlesbrough,Crystal Palace,56.65,55.03,0.492,0.2896,0.2184,1.35,0.84,1.0,2.0,0,1.6199999999999974
2016,2016-09-10,Barclays Premier League,AFC Bournemouth,West Bromwich Albion,59.25,59.02,0.4607,0.2735,0.2658,1.5,1.14,1.0,0.0,0,0.22999999999999687
2016,2016-09-10,Barclays Premier League,Manchester United,Manchester City,82.18,86.26,0.3845,0.2612,0.3543,1.53,1.43,1.0,2.0,0,4.079999999999998
2016,2016-09-10,Barclays Premier League,Stoke City,Tottenham Hotspur,59.11,73.33,0.2932,0.2794,0.4274,1.14,1.43,0.0,4.0,0,14.219999999999999
2016,2016-09-10,Barclays Premier League,West Ham United,Watford,63.85,58.86,0.5151,0.2494,0.2355,1.8,1.2,2.0,4.0,0,4.990000000000002
2016,2016-09-11,Barclays Premier League,Swansea City,Chelsea,59.09,81.83,0.171,0.2257,0.6033,1.07,1.89,2.0,2.0,1,22.739999999999995
2016,2016-09-12,Barclays Premier League,Sunderland,Everton,55.71,68.74,0.3385,0.2777,0.3838,1.28,1.4,0.0,3.0,0,13.029999999999994
2016,2016-09-16,Barclays Premier League,Chelsea,Liverpool,81.72,79.28,0.508,0.2388,0.2532,1.88,1.34,1.0,2.0,0,2.4399999999999977
2016,2016-09-17,Barclays Premier League,Hull City,Arsenal,53.8,81.95,0.1705,0.2401,0.5894,0.9,1.74,1.0,4.0,0,28.150000000000006
2016,2016-09-17,Barclays Premier League,Everton,Middlesbrough,70.76,54.92,0.5906,0.2489,0.1605,1.72,0.78,3.0,1.0,0,15.840000000000003
2016,2016-09-17,Barclays Premier League,West Bromwich Albion,West Ham United,58.86,62.06,0.4235,0.2744,0.3021,1.46,1.24,4.0,2.0,0,3.200000000000003
2016,2016-09-17,Barclays Premier League,Manchester City,AFC Bournemouth,87.58,59.4,0.8085,0.1315,0.06,2.8,0.58,4.0,0.0,0,28.18
2016,2016-09-17,Barclays Premier League,Leicester City,Burnley,67.38,56.94,0.5477,0.2623,0.19,1.64,0.84,3.0,0.0,0,10.439999999999998
2016,2016-09-18,Barclays Premier League,Watford,Manchester United,60.75,81.64,0.2007,0.2326,0.5667,1.15,1.94,3.0,1.0,0,20.89
2016,2016-09-18,Barclays Premier League,Southampton,Swansea City,67.66,59.36,0.5339,0.2591,0.2071,1.69,0.96,1.0,0.0,0,8.299999999999997
2016,2016-09-18,Barclays Premier League,Crystal Palace,Stoke City,56.79,57.23,0.4505,0.2872,0.2622,1.36,1.02,4.0,1.0,0,0.4399999999999977
2016,2016-09-18,Barclays Premier League,Tottenham Hotspur,Sunderland,74.38,53.51,0.656,0.2161,0.1278,2.0,0.78,1.0,0.0,0,20.869999999999997
2016,2016-09-24,Barclays Premier League,Swansea City,Manchester City,58.75,88.31,0.0688,0.1397,0.7915,0.98,2.37,1.0,3.0,0,29.560000000000002
2016,2016-09-24,Barclays Premier League,Arsenal,Chelsea,83.19,81.1,0.4983,0.2453,0.2563,1.79,1.3,3.0,0.0,0,2.0900000000000034
2016,2016-09-24,Barclays Premier League,Stoke City,West Bromwich Albion,55.79,59.09,0.4198,0.2804,0.2998,1.4,1.19,1.0,1.0,1,3.3000000000000043
2016,2016-09-24,Barclays Premier League,AFC Bournemouth,Everton,58.1,71.31,0.306,0.269,0.425,1.27,1.54,1.0,0.0,0,13.21
2016,2016-09-24,Barclays Premier League,Liverpool,Hull City,79.92,52.27,0.7404,0.1765,0.0832,2.31,0.55,5.0,1.0,0,27.65
2016,2016-09-24,Barclays Premier League,Sunderland,Crystal Palace,53.32,58.2,0.4314,0.2841,0.2844,1.37,1.12,2.0,3.0,0,4.880000000000003
2016,2016-09-24,Barclays Premier League,Manchester United,Leicester City,80.26,68.73,0.6165,0.2298,0.1536,1.87,0.9,4.0,1.0,0,11.530000000000001
2016,2016-09-24,Barclays Premier League,Middlesbrough,Tottenham Hotspur,54.34,74.49,0.2622,0.2759,0.4619,1.06,1.48,1.0,2.0,0,20.14999999999999
2016,2016-09-25,Barclays Premier League,West Ham United,Southampton,61.9,68.19,0.39,0.2683,0.3417,1.47,1.43,0.0,3.0,0,6.289999999999999
2016,2016-09-26,Barclays Premier League,Burnley,Watford,55.51,62.74,0.3845,0.2766,0.3389,1.37,1.33,2.0,0.0,0,7.230000000000004
2016,2016-09-30,Barclays Premier League,Everton,Crystal Palace,70.91,59.01,0.5911,0.2433,0.1656,1.77,0.88,1.0,1.0,1,11.899999999999999
2016,2016-10-01,Barclays Premier League,Watford,AFC Bournemouth,61.59,58.45,0.4891,0.2573,0.2536,1.71,1.21,2.0,2.0,1,3.1400000000000006
2016,2016-10-01,Barclays Premier League,West Ham United,Middlesbrough,60.07,53.47,0.5018,0.2619,0.2363,1.64,1.1,1.0,1.0,1,6.600000000000001
2016,2016-10-01,Barclays Premier League,Sunderland,West Bromwich Albion,52.52,58.94,0.4174,0.2798,0.3028,1.4,1.22,1.0,1.0,1,6.419999999999995
2016,2016-10-01,Barclays Premier League,Swansea City,Liverpool,58.64,81.61,0.1616,0.2044,0.634,1.21,2.1,1.0,2.0,0,22.97
2016,2016-10-01,Barclays Premier League,Hull City,Chelsea,50.28,79.83,0.1539,0.224,0.6221,0.95,1.87,0.0,2.0,0,29.549999999999997
2016,2016-10-02,Barclays Premier League,Manchester United,Stoke City,81.13,55.95,0.73,0.1823,0.0876,2.33,0.53,1.0,1.0,1,25.179999999999993
2016,2016-10-02,Barclays Premier League,Tottenham Hotspur,Manchester City,76.15,88.4,0.2359,0.2356,0.5285,1.34,1.79,2.0,0.0,0,12.25
2016,2016-10-02,Barclays Premier League,Leicester City,Southampton,67.87,69.83,0.4395,0.2784,0.2821,1.42,1.17,0.0,0.0,1,1.9599999999999937
2016,2016-10-02,Barclays Premier League,Burnley,Arsenal,56.6,84.61,0.1284,0.2088,0.6628,0.88,1.92,0.0,1.0,0,28.009999999999998
2016,2016-10-15,Barclays Premier League,Stoke City,Sunderland,56.52,52.36,0.4744,0.2731,0.2525,1.52,1.09,2.0,0.0,0,4.160000000000004
2016,2016-10-15,Barclays Premier League,Crystal Palace,West Ham United,59.84,59.91,0.4559,0.2636,0.2806,1.62,1.27,0.0,1.0,0,0.06999999999999318
2016,2016-10-15,Barclays Premier League,Arsenal,Swansea City,84.98,58.68,0.7816,0.1513,0.0671,2.56,0.56,3.0,2.0,0,26.300000000000004
2016,2016-10-15,Barclays Premier League,Manchester City,Everton,87.7,70.14,0.7338,0.1713,0.0949,2.29,0.85,1.0,1.0,1,17.560000000000002
2016,2016-10-15,Barclays Premier League,West Bromwich Albion,Tottenham Hotspur,59.09,77.04,0.2427,0.267,0.4903,1.08,1.56,1.0,1.0,1,17.950000000000003
2016,2016-10-15,Barclays Premier League,AFC Bournemouth,Hull City,58.62,48.76,0.5258,0.2703,0.2039,1.54,0.88,6.0,1.0,0,9.86
2016,2016-10-15,Barclays Premier League,Chelsea,Leicester City,80.91,67.21,0.6441,0.2192,0.1367,1.93,0.86,3.0,0.0,0,13.700000000000003
2016,2016-10-16,Barclays Premier League,Middlesbrough,Watford,53.6,61.44,0.3999,0.2769,0.3233,1.4,1.28,0.0,1.0,0,7.839999999999996
2016,2016-10-16,Barclays Premier League,Southampton,Burnley,70.29,55.96,0.5977,0.2598,0.1424,1.57,0.64,3.0,1.0,0,14.330000000000005
2016,2016-10-17,Barclays Premier League,Liverpool,Manchester United,81.6,80.72,0.4737,0.2448,0.2815,1.78,1.41,0.0,0.0,1,0.8799999999999955
2016,2016-10-22,Barclays Premier League,Liverpool,West Bromwich Albion,81.26,59.19,0.7223,0.1801,0.0976,2.37,0.67,2.0,1.0,0,22.070000000000007
2016,2016-10-22,Barclays Premier League,Arsenal,Middlesbrough,85.58,53.15,0.7914,0.1491,0.0595,2.49,0.42,0.0,0.0,1,32.43
2016,2016-10-22,Barclays Premier League,West Ham United,Sunderland,60.58,50.91,0.5369,0.249,0.2142,1.79,1.1,1.0,0.0,0,9.670000000000002
2016,2016-10-22,Barclays Premier League,Burnley,Everton,54.77,69.66,0.2941,0.2863,0.4196,1.09,1.36,2.0,1.0,0,14.889999999999993
2016,2016-10-22,Barclays Premier League,Leicester City,Crystal Palace,65.7,59.15,0.5129,0.2728,0.2144,1.54,0.91,3.0,1.0,0,6.550000000000004
2016,2016-10-22,Barclays Premier League,Swansea City,Watford,60.2,61.85,0.4466,0.2586,0.2948,1.65,1.38,0.0,0.0,1,1.6499999999999986
2016,2016-10-22,Barclays Premier League,Hull City,Stoke City,45.85,57.95,0.3652,0.2889,0.3459,1.22,1.26,0.0,2.0,0,12.100000000000001
2016,2016-10-22,Barclays Premier League,AFC Bournemouth,Tottenham Hotspur,61.54,76.73,0.2779,0.2681,0.454,1.18,1.58,0.0,0.0,1,15.190000000000005
2016,2016-10-23,Barclays Premier League,Manchester City,Southampton,87.29,71.47,0.7119,0.1837,0.1044,2.17,0.86,1.0,1.0,1,15.820000000000007
2016,2016-10-23,Barclays Premier League,Chelsea,Manchester United,82.0,80.66,0.4996,0.2607,0.2397,1.58,1.16,4.0,0.0,0,1.3400000000000034
2016,2016-10-29,Barclays Premier League,Crystal Palace,Liverpool,59.44,80.93,0.1835,0.2227,0.5938,1.17,1.94,2.0,4.0,0,21.49000000000001
2016,2016-10-29,Barclays Premier League,Tottenham Hotspur,Leicester City,76.81,65.5,0.5991,0.248,0.1528,1.69,0.79,1.0,1.0,1,11.310000000000002
2016,2016-10-29,Barclays Premier League,Middlesbrough,AFC Bournemouth,54.4,61.22,0.4137,0.2941,0.2922,1.25,1.07,2.0,0.0,0,6.82
2016,2016-10-29,Barclays Premier League,West Bromwich Albion,Manchester City,59.65,86.91,0.1021,0.1744,0.7235,1.0,2.17,0.0,4.0,0,27.259999999999998
2016,2016-10-29,Barclays Premier League,Manchester United,Burnley,79.31,55.35,0.7153,0.1966,0.0881,2.13,0.48,0.0,0.0,1,23.96
2016,2016-10-29,Barclays Premier League,Watford,Hull City,61.69,44.7,0.5964,0.2416,0.162,1.82,0.84,1.0,0.0,0,16.989999999999995
2016,2016-10-29,Barclays Premier League,Sunderland,Arsenal,50.59,84.67,0.088,0.1638,0.7482,0.94,2.27,1.0,4.0,0,34.08
2016,2016-10-30,Barclays Premier League,Everton,West Ham United,69.14,60.89,0.5554,0.2461,0.1985,1.8,1.04,2.0,0.0,0,8.25
2016,2016-10-30,Barclays Premier League,Southampton,Chelsea,71.92,83.43,0.2835,0.2658,0.4507,1.25,1.52,0.0,2.0,0,11.510000000000005
2016,2016-10-31,Barclays Premier League,Stoke City,Swansea City,59.12,60.29,0.4453,0.2749,0.2799,1.48,1.17,3.0,1.0,0,1.1700000000000017
2016,2016-11-05,Barclays Premier League,Chelsea,Everton,84.17,69.71,0.6702,0.2077,0.1221,2.0,0.84,5.0,0.0,0,14.460000000000008
2016,2016-11-05,Barclays Premier League,West Ham United,Stoke City,60.24,60.34,0.4635,0.2663,0.2702,1.57,1.22,1.0,1.0,1,0.10000000000000142
2016,2016-11-05,Barclays Premier League,Burnley,Crystal Palace,55.21,59.04,0.4177,0.2876,0.2947,1.32,1.12,3.0,2.0,0,3.8299999999999983
2016,2016-11-05,Barclays Premier League,AFC Bournemouth,Sunderland,60.66,49.65,0.543,0.2558,0.2013,1.71,0.97,1.0,2.0,0,11.009999999999998
2016,2016-11-05,Barclays Premier League,Manchester City,Middlesbrough,88.27,54.97,0.8142,0.1361,0.0497,2.55,0.37,1.0,1.0,1,33.3
2016,2016-11-06,Barclays Premier League,Arsenal,Tottenham Hotspur,85.54,75.3,0.6239,0.2244,0.1517,1.87,0.94,1.0,1.0,1,10.240000000000009
2016,2016-11-06,Barclays Premier League,Liverpool,Watford,81.35,62.1,0.713,0.1784,0.1086,2.34,0.93,6.0,1.0,0,19.249999999999993
2016,2016-11-06,Barclays Premier League,Hull City,Southampton,44.3,70.81,0.2393,0.2783,0.4825,0.9,1.54,2.0,1.0,0,26.510000000000005
2016,2016-11-06,Barclays Premier League,Swansea City,Manchester United,59.08,79.39,0.2158,0.2462,0.5381,1.11,1.79,1.0,3.0,0,20.310000000000002
2016,2016-11-06,Barclays Premier League,Leicester City,West Bromwich Albion,65.67,58.1,0.5196,0.2693,0.2111,1.58,0.9,1.0,2.0,0,7.57
2016,2016-11-19,Barclays Premier League,Crystal Palace,Manchester City,59.07,87.88,0.0759,0.1442,0.78,1.03,2.41,1.0,2.0,0,28.809999999999995
2016,2016-11-19,Barclays Premier League,Tottenham Hotspur,West Ham United,75.98,59.61,0.6484,0.2267,0.1249,1.87,0.73,3.0,2.0,0,16.370000000000005
2016,2016-11-19,Barclays Premier League,Watford,Leicester City,60.26,64.41,0.4124,0.2749,0.3127,1.44,1.28,2.0,1.0,0,4.149999999999999
2016,2016-11-19,Barclays Premier League,Everton,Swansea City,67.31,58.26,0.5585,0.2478,0.1937,1.78,1.0,1.0,1.0,1,9.050000000000004
2016,2016-11-19,Barclays Premier League,Manchester United,Arsenal,80.0,84.92,0.3734,0.2608,0.3657,1.52,1.46,1.0,1.0,1,4.920000000000002
2016,2016-11-19,Barclays Premier League,Stoke City,AFC Bournemouth,60.92,60.28,0.4648,0.271,0.2642,1.53,1.15,0.0,1.0,0,0.6400000000000006
2016,2016-11-19,Barclays Premier League,Sunderland,Hull City,50.04,44.95,0.5026,0.2742,0.2232,1.52,0.95,3.0,0.0,0,5.089999999999996
2016,2016-11-19,Barclays Premier League,Southampton,Liverpool,70.26,82.88,0.2692,0.2458,0.485,1.38,1.72,0.0,0.0,1,12.61999999999999
2016,2016-11-20,Barclays Premier League,Middlesbrough,Chelsea,55.64,85.9,0.1203,0.209,0.6708,0.84,1.86,0.0,1.0,0,30.260000000000005
2016,2016-11-21,Barclays Premier League,West Bromwich Albion,Burnley,59.41,55.17,0.4969,0.2775,0.2256,1.47,0.94,4.0,0.0,0,4.239999999999995
2016,2016-11-26,Barclays Premier League,Chelsea,Tottenham Hotspur,86.29,75.06,0.645,0.2228,0.1322,1.84,0.84,2.0,1.0,0,11.230000000000004
2016,2016-11-26,Barclays Premier League,Swansea City,Crystal Palace,58.79,59.18,0.4556,0.2654,0.279,1.59,1.25,5.0,4.0,0,0.39000000000000057
2016,2016-11-26,Barclays Premier League,Leicester City,Middlesbrough,63.63,54.86,0.502,0.2872,0.2108,1.4,0.8,2.0,2.0,1,8.770000000000003
2016,2016-11-26,Barclays Premier League,Liverpool,Sunderland,83.39,50.95,0.7999,0.1374,0.0627,2.77,0.58,2.0,0.0,0,32.44
2016,2016-11-26,Barclays Premier League,Burnley,Manchester City,53.12,87.72,0.0601,0.1375,0.8024,0.83,2.36,1.0,2.0,0,34.6
2016,2016-11-26,Barclays Premier League,Hull City,West Bromwich Albion,44.06,61.42,0.3238,0.2895,0.3867,1.09,1.36,1.0,1.0,1,17.36
2016,2016-11-27,Barclays Premier League,Watford,Stoke City,60.54,60.33,0.4609,0.2716,0.2675,1.52,1.16,0.0,1.0,0,0.21000000000000085
2016,2016-11-27,Barclays Premier League,Arsenal,AFC Bournemouth,84.45,60.85,0.7524,0.1627,0.0849,2.54,0.66,3.0,1.0,0,23.6
2016,2016-11-27,Barclays Premier League,Southampton,Everton,69.27,66.79,0.4661,0.283,0.251,1.45,0.98,1.0,0.0,0,2.4799999999999898
2016,2016-11-27,Barclays Premier League,Manchester United,West Ham United,80.0,60.37,0.6847,0.2007,0.1145,2.16,0.78,1.0,1.0,1,19.630000000000003
2016,2016-12-03,Barclays Premier League,Stoke City,Burnley,61.21,53.56,0.5254,0.2727,0.2018,1.53,0.86,2.0,0.0,0,7.649999999999999
2016,2016-12-03,Barclays Premier League,West Ham United,Arsenal,61.16,84.21,0.1416,0.191,0.6674,1.21,2.2,1.0,5.0,0,23.049999999999997
2016,2016-12-03,Barclays Premier League,West Bromwich Albion,Watford,61.63,59.6,0.4836,0.2698,0.2466,1.54,1.09,3.0,1.0,0,2.030000000000001
2016,2016-12-03,Barclays Premier League,Manchester City,Chelsea,87.48,86.11,0.4914,0.2485,0.2601,1.73,1.28,1.0,3.0,0,1.3700000000000045
2016,2016-12-03,Barclays Premier League,Crystal Palace,Southampton,58.8,69.86,0.3352,0.2756,0.3892,1.29,1.46,3.0,0.0,0,11.060000000000002
2016,2016-12-03,Barclays Premier League,Tottenham Hotspur,Swansea City,75.27,59.23,0.6472,0.2191,0.1337,1.99,0.84,5.0,0.0,0,16.04
2016,2016-12-03,Barclays Premier League,Sunderland,Leicester City,50.61,63.73,0.3477,0.282,0.3703,1.25,1.36,2.0,1.0,0,13.119999999999997
2016,2016-12-04,Barclays Premier League,AFC Bournemouth,Liverpool,61.36,83.54,0.1533,0.2013,0.6454,1.2,2.1,4.0,3.0,0,22.180000000000007
2016,2016-12-04,Barclays Premier League,Everton,Manchester United,66.16,79.41,0.279,0.2754,0.4456,1.15,1.46,1.0,1.0,1,13.25
2016,2016-12-05,Barclays Premier League,Middlesbrough,Hull City,54.82,43.86,0.5485,0.2781,0.1734,1.46,0.69,1.0,0.0,0,10.96
2016,2016-12-10,Barclays Premier League,Leicester City,Manchester City,60.72,86.39,0.11,0.1804,0.7096,1.04,2.15,4.0,2.0,0,25.67
2016,2016-12-10,Barclays Premier League,Watford,Everton,59.33,66.6,0.3809,0.2763,0.3428,1.37,1.35,3.0,2.0,0,7.269999999999996
2016,2016-12-10,Barclays Premier League,Swansea City,Sunderland,56.34,51.65,0.4898,0.2581,0.2521,1.69,1.23,3.0,0.0,0,4.690000000000005
2016,2016-12-10,Barclays Premier League,Burnley,AFC Bournemouth,53.2,63.65,0.3523,0.2736,0.3741,1.33,1.44,3.0,2.0,0,10.449999999999996
2016,2016-12-10,Barclays Premier League,Hull City,Crystal Palace,43.14,60.65,0.3002,0.2718,0.428,1.22,1.53,3.0,3.0,1,17.509999999999998
2016,2016-12-10,Barclays Premier League,Arsenal,Stoke City,85.46,61.56,0.7568,0.1634,0.0798,2.44,0.6,3.0,1.0,0,23.89999999999999
2016,2016-12-11,Barclays Premier League,Manchester United,Tottenham Hotspur,79.01,78.12,0.4656,0.2793,0.255,1.46,1.05,1.0,0.0,0,0.8900000000000006
2016,2016-12-11,Barclays Premier League,Liverpool,West Ham United,82.14,59.9,0.7453,0.1588,0.0959,2.71,0.86,2.0,2.0,1,22.240000000000002
2016,2016-12-11,Barclays Premier League,Chelsea,West Bromwich Albion,86.69,61.9,0.7776,0.1565,0.0659,2.43,0.51,1.0,0.0,0,24.79
2016,2016-12-11,Barclays Premier League,Southampton,Middlesbrough,68.24,55.54,0.5399,0.2816,0.1785,1.45,0.69,1.0,0.0,0,12.699999999999996
2016,2016-12-13,Barclays Premier League,Everton,Arsenal,65.92,85.11,0.1743,0.2112,0.6144,1.24,2.0,2.0,1.0,0,19.189999999999998
2016,2016-12-13,Barclays Premier League,AFC Bournemouth,Leicester City,62.47,63.24,0.4549,0.2542,0.2909,1.71,1.4,1.0,0.0,0,0.7700000000000031
2016,2016-12-14,Barclays Premier League,Manchester City,Watford,85.04,60.14,0.7818,0.144,0.0742,2.74,0.72,2.0,0.0,0,24.900000000000006
2016,2016-12-14,Barclays Premier League,Tottenham Hotspur,Hull City,77.63,43.95,0.7545,0.1783,0.0671,2.3,0.36,3.0,0.0,0,33.67999999999999
2016,2016-12-14,Barclays Premier League,Stoke City,Southampton,62.19,68.57,0.3852,0.2989,0.3158,1.19,1.11,0.0,0.0,1,6.3799999999999955
2016,2016-12-14,Barclays Premier League,West Bromwich Albion,Swansea City,62.24,58.06,0.4963,0.2623,0.2414,1.66,1.11,3.0,1.0,0,4.18
2016,2016-12-14,Barclays Premier League,West Ham United,Burnley,60.48,54.41,0.521,0.2541,0.2248,1.74,1.11,1.0,0.0,0,6.07
2016,2016-12-14,Barclays Premier League,Sunderland,Chelsea,49.97,86.3,0.0736,0.1577,0.7687,0.83,2.26,0.0,1.0,0,36.33
2016,2016-12-14,Barclays Premier League,Middlesbrough,Liverpool,55.14,81.74,0.1692,0.2268,0.604,1.02,1.82,0.0,3.0,0,26.599999999999994
2016,2016-12-14,Barclays Premier League,Crystal Palace,Manchester United,59.76,79.33,0.2144,0.2409,0.5447,1.18,1.88,1.0,2.0,0,19.57
2016,2016-12-17,Barclays Premier League,West Bromwich Albion,Manchester United,62.74,79.64,0.2434,0.2767,0.4799,1.02,1.46,0.0,2.0,0,16.9
2016,2016-12-17,Barclays Premier League,Crystal Palace,Chelsea,59.3,86.27,0.1037,0.1745,0.7218,1.04,2.28,0.0,1.0,0,26.97
2016,2016-12-17,Barclays Premier League,West Ham United,Hull City,60.78,43.51,0.6003,0.2364,0.1633,1.9,0.88,1.0,0.0,0,17.270000000000003
2016,2016-12-17,Barclays Premier League,Sunderland,Watford,49.82,59.87,0.3806,0.2769,0.3425,1.37,1.35,1.0,0.0,0,10.049999999999997
2016,2016-12-17,Barclays Premier League,Stoke City,Leicester City,61.26,63.64,0.4287,0.2829,0.2884,1.39,1.13,2.0,2.0,1,2.3800000000000026
2016,2016-12-17,Barclays Premier League,Middlesbrough,Swansea City,53.26,57.55,0.436,0.2825,0.2815,1.4,1.12,3.0,0.0,0,4.289999999999999
2016,2016-12-18,Barclays Premier League,Tottenham Hotspur,Burnley,78.01,54.1,0.7138,0.198,0.0882,2.04,0.59,2.0,1.0,0,23.910000000000004
2016,2016-12-18,Barclays Premier League,AFC Bournemouth,Southampton,62.01,69.32,0.3714,0.284,0.3446,1.3,1.29,1.0,3.0,0,7.309999999999995
2016,2016-12-18,Barclays Premier League,Manchester City,Arsenal,85.1,84.33,0.4823,0.234,0.2837,1.92,1.49,2.0,1.0,0,0.769999999999996
2016,2016-12-19,Barclays Premier League,Everton,Liverpool,67.04,83.07,0.2254,0.2309,0.5437,1.33,1.88,0.0,1.0,0,16.029999999999987
2016,2016-12-26,Barclays Premier League,Watford,Crystal Palace,59.24,59.06,0.4597,0.2577,0.2826,1.7,1.33,1.0,1.0,1,0.17999999999999972
2016,2016-12-26,Barclays Premier League,Swansea City,West Ham United,56.09,60.53,0.4211,0.2563,0.3226,1.67,1.53,1.0,4.0,0,4.439999999999998
2016,2016-12-26,Barclays Premier League,Chelsea,AFC Bournemouth,86.26,60.71,0.7867,0.1508,0.0625,2.54,0.53,3.0,0.0,0,25.550000000000004
2016,2016-12-26,Barclays Premier League,Burnley,Middlesbrough,55.14,54.62,0.4254,0.3013,0.2733,1.23,0.95,1.0,0.0,0,0.5200000000000031
2016,2016-12-26,Barclays Premier League,Manchester United,Sunderland,80.36,50.44,0.7464,0.1842,0.0693,2.19,0.38,3.0,1.0,0,29.92
2016,2016-12-26,Barclays Premier League,Arsenal,West Bromwich Albion,83.88,61.69,0.7397,0.1716,0.0887,2.39,0.65,1.0,0.0,0,22.189999999999998
2016,2016-12-26,Barclays Premier League,Leicester City,Everton,63.54,65.91,0.439,0.27,0.291,1.5,1.26,0.0,2.0,0,2.3699999999999974
2016,2016-12-26,Barclays Premier League,Hull City,Manchester City,43.77,85.43,0.0528,0.1296,0.8176,0.79,2.47,0.0,3.0,0,41.660000000000004
2016,2016-12-27,Barclays Premier League,Liverpool,Stoke City,83.73,61.42,0.7354,0.1749,0.0897,2.36,0.63,4.0,1.0,0,22.310000000000002
2016,2016-12-28,Barclays Premier League,Southampton,Tottenham Hotspur,70.49,77.23,0.3688,0.2986,0.3326,1.19,1.14,1.0,4.0,0,6.740000000000009
2016,2016-12-30,Barclays Premier League,Hull City,Everton,42.97,67.22,0.2472,0.2781,0.4747,0.96,1.52,2.0,2.0,1,24.25
2016,2016-12-31,Barclays Premier League,Liverpool,Manchester City,84.12,85.88,0.4176,0.2458,0.3366,1.73,1.54,1.0,0.0,0,1.759999999999991
2016,2016-12-31,Barclays Premier League,Chelsea,Stoke City,86.47,60.92,0.7734,0.1674,0.0593,2.25,0.39,4.0,2.0,0,25.549999999999997
2016,2016-12-31,Barclays Premier League,Southampton,West Bromwich Albion,68.47,61.09,0.5245,0.2803,0.1952,1.46,0.79,1.0,2.0,0,7.3799999999999955
2016,2016-12-31,Barclays Premier League,Manchester United,Middlesbrough,80.39,54.45,0.6999,0.218,0.0821,1.78,0.44,2.0,1.0,0,25.939999999999998
2016,2016-12-31,Barclays Premier League,Burnley,Sunderland,55.3,50.51,0.4777,0.2795,0.2429,1.45,1.0,4.0,1.0,0,4.789999999999999
2016,2016-12-31,Barclays Premier League,Leicester City,West Ham United,62.1,62.48,0.4563,0.2591,0.2846,1.66,1.32,1.0,0.0,0,0.37999999999999545
2016,2016-12-31,Barclays Premier League,Swansea City,AFC Bournemouth,54.05,60.31,0.4049,0.2538,0.3413,1.68,1.63,0.0,3.0,0,6.260000000000005
2016,2017-01-01,Barclays Premier League,Watford,Tottenham Hotspur,58.89,79.12,0.2167,0.2521,0.5312,1.07,1.72,1.0,4.0,0,20.230000000000004
2016,2017-01-01,Barclays Premier League,Arsenal,Crystal Palace,84.22,59.4,0.7769,0.1456,0.0775,2.77,0.75,2.0,0.0,0,24.82
2016,2017-01-02,Barclays Premier League,Middlesbrough,Leicester City,54.25,61.85,0.4065,0.2944,0.2991,1.24,1.09,0.0,0.0,1,7.600000000000001
2016,2017-01-02,Barclays Premier League,West Bromwich Albion,Hull City,62.52,43.41,0.6011,0.2524,0.1466,1.7,0.67,3.0,1.0,0,19.110000000000007
2016,2017-01-02,Barclays Premier League,Everton,Southampton,66.81,67.11,0.4521,0.2874,0.2605,1.36,1.03,3.0,0.0,0,0.29999999999999716
2016,2017-01-02,Barclays Premier League,Manchester City,Burnley,85.57,57.33,0.7931,0.1481,0.0588,2.52,0.47,2.0,1.0,0,28.239999999999995
2016,2017-01-02,Barclays Premier League,Sunderland,Liverpool,48.44,84.07,0.0829,0.1584,0.7588,0.93,2.34,2.0,2.0,1,35.629999999999995
2016,2017-01-02,Barclays Premier League,West Ham United,Manchester United,62.69,80.7,0.2187,0.2493,0.532,1.13,1.73,0.0,2.0,0,18.010000000000005
2016,2017-01-03,Barclays Premier League,AFC Bournemouth,Arsenal,62.1,84.35,0.1508,0.197,0.6522,1.21,2.16,3.0,3.0,1,22.249999999999993
2016,2017-01-03,Barclays Premier League,Stoke City,Watford,61.86,57.53,0.5072,0.2626,0.2302,1.63,1.08,2.0,0.0,0,4.329999999999998
2016,2017-01-03,Barclays Premier League,Crystal Palace,Swansea City,59.05,52.18,0.5192,0.2433,0.2375,1.96,1.27,1.0,2.0,0,6.869999999999997
2016,2017-01-04,Barclays Premier League,Tottenham Hotspur,Chelsea,80.23,86.13,0.342,0.275,0.383,1.34,1.37,2.0,0.0,0,5.8999999999999915
2016,2017-01-14,Barclays Premier League,Leicester City,Chelsea,62.13,85.52,0.1446,0.2189,0.6365,0.97,1.87,0.0,3.0,0,23.389999999999993
2016,2017-01-14,Barclays Premier League,West Ham United,Crystal Palace,61.43,57.49,0.5014,0.2547,0.2438,1.74,1.2,3.0,0.0,0,3.9399999999999977
2016,2017-01-14,Barclays Premier League,Hull City,AFC Bournemouth,43.82,63.06,0.2907,0.2646,0.4448,1.24,1.65,3.0,1.0,0,19.240000000000002
2016,2017-01-14,Barclays Premier League,Burnley,Southampton,58.81,65.41,0.3827,0.292,0.3253,1.24,1.17,1.0,0.0,0,6.599999999999994
2016,2017-01-14,Barclays Premier League,Watford,Middlesbrough,56.6,53.91,0.4509,0.2939,0.2552,1.31,0.94,0.0,0.0,1,2.690000000000005
2016,2017-01-14,Barclays Premier League,Tottenham Hotspur,West Bromwich Albion,80.84,62.11,0.6849,0.2103,0.1047,1.93,0.67,4.0,0.0,0,18.730000000000004
2016,2017-01-14,Barclays Premier League,Swansea City,Arsenal,53.79,83.85,0.094,0.1533,0.7527,1.16,2.57,0.0,4.0,0,30.059999999999995
2016,2017-01-14,Barclays Premier League,Sunderland,Stoke City,49.66,62.75,0.3505,0.2801,0.3695,1.28,1.39,1.0,3.0,0,13.090000000000003
2016,2017-01-15,Barclays Premier League,Everton,Manchester City,68.57,84.63,0.2179,0.2463,0.5358,1.16,1.71,4.0,0.0,0,16.060000000000002
2016,2017-01-15,Barclays Premier League,Manchester United,Liverpool,81.54,83.32,0.4366,0.2635,0.2999,1.58,1.29,1.0,1.0,1,1.779999999999987
2016,2017-01-21,Barclays Premier League,Liverpool,Swansea City,83.48,52.3,0.8041,0.1328,0.063,2.97,0.63,2.0,3.0,0,31.180000000000007
2016,2017-01-21,Barclays Premier League,West Bromwich Albion,Sunderland,60.16,48.48,0.5438,0.2603,0.1959,1.67,0.92,2.0,0.0,0,11.68
2016,2017-01-21,Barclays Premier League,Stoke City,Manchester United,63.89,81.26,0.2306,0.265,0.5044,1.05,1.57,1.0,1.0,1,17.370000000000005
2016,2017-01-21,Barclays Premier League,Crystal Palace,Everton,56.32,70.55,0.3026,0.2669,0.4305,1.27,1.59,0.0,1.0,0,14.229999999999997
2016,2017-01-21,Barclays Premier League,Middlesbrough,West Ham United,54.02,62.55,0.4006,0.302,0.2974,1.16,1.04,1.0,3.0,0,8.529999999999994
2016,2017-01-21,Barclays Premier League,Manchester City,Tottenham Hotspur,83.25,82.3,0.4706,0.2625,0.2669,1.6,1.2,2.0,2.0,1,0.9500000000000028
2016,2017-01-21,Barclays Premier League,AFC Bournemouth,Watford,61.52,56.46,0.518,0.2506,0.2315,1.77,1.18,2.0,2.0,1,5.060000000000002
2016,2017-01-22,Barclays Premier League,Southampton,Leicester City,65.35,60.74,0.5064,0.2787,0.215,1.46,0.9,3.0,0.0,0,4.609999999999992
2016,2017-01-22,Barclays Premier League,Arsenal,Burnley,84.75,58.83,0.7779,0.1519,0.0702,2.54,0.59,2.0,1.0,0,25.92
2016,2017-01-22,Barclays Premier League,Chelsea,Hull City,86.28,45.35,0.8436,0.1214,0.035,2.74,0.25,2.0,0.0,0,40.93
2016,2017-01-31,Barclays Premier League,Liverpool,Chelsea,81.57,85.85,0.3637,0.264,0.3722,1.46,1.46,1.0,1.0,1,4.280000000000001
2016,2017-01-31,Barclays Premier League,Arsenal,Watford,84.32,56.87,0.7902,0.1424,0.0675,2.7,0.62,1.0,2.0,0,27.449999999999996
2016,2017-01-31,Barclays Premier League,Swansea City,Southampton,55.29,67.0,0.3367,0.2749,0.3884,1.31,1.5,2.0,1.0,0,11.71
2016,2017-01-31,Barclays Premier League,Middlesbrough,West Bromwich Albion,52.68,60.74,0.4014,0.3106,0.2879,1.1,0.95,1.0,1.0,1,8.060000000000002
2016,2017-01-31,Barclays Premier League,Burnley,Leicester City,59.59,58.99,0.4631,0.2767,0.2602,1.47,1.09,1.0,0.0,0,0.6000000000000014
2016,2017-01-31,Barclays Premier League,Sunderland,Tottenham Hotspur,47.87,82.0,0.1089,0.1892,0.702,0.91,2.16,0.0,0.0,1,34.13
2016,2017-01-31,Barclays Premier League,AFC Bournemouth,Crystal Palace,61.11,55.67,0.5224,0.2461,0.2315,1.84,1.23,0.0,2.0,0,5.439999999999998
2016,2017-02-01,Barclays Premier League,West Ham United,Manchester City,64.0,83.71,0.1786,0.2176,0.6038,1.21,1.99,0.0,4.0,0,19.709999999999994
2016,2017-02-01,Barclays Premier League,Stoke City,Everton,63.01,71.06,0.3606,0.2821,0.3573,1.29,1.31,1.0,1.0,1,8.050000000000004
2016,2017-02-01,Barclays Premier League,Manchester United,Hull City,81.87,45.97,0.7917,0.1565,0.0518,2.43,0.31,0.0,0.0,1,35.900000000000006
2016,2017-02-04,Barclays Premier League,Tottenham Hotspur,Middlesbrough,81.78,52.47,0.7366,0.1943,0.069,2.04,0.32,1.0,0.0,0,29.310000000000002
2016,2017-02-04,Barclays Premier League,Everton,AFC Bournemouth,70.65,59.13,0.5912,0.2349,0.1739,1.91,0.99,6.0,3.0,0,11.520000000000003
2016,2017-02-04,Barclays Premier League,West Bromwich Albion,Stoke City,60.96,63.43,0.4301,0.2853,0.2847,1.36,1.11,1.0,0.0,0,2.469999999999999
2016,2017-02-04,Barclays Premier League,Hull City,Liverpool,46.87,81.75,0.1021,0.1781,0.7198,0.93,2.2,2.0,0.0,0,34.88
2016,2017-02-04,Barclays Premier League,Southampton,West Ham United,66.49,61.89,0.5116,0.2681,0.2203,1.57,1.0,1.0,3.0,0,4.599999999999994
2016,2017-02-04,Barclays Premier League,Watford,Burnley,58.77,60.65,0.4376,0.2785,0.284,1.43,1.16,2.0,1.0,0,1.8799999999999955
2016,2017-02-04,Barclays Premier League,Chelsea,Arsenal,85.58,83.05,0.5259,0.2468,0.2273,1.76,1.16,3.0,1.0,0,2.530000000000001
2016,2017-02-04,Barclays Premier League,Crystal Palace,Sunderland,57.63,47.94,0.5269,0.2618,0.2113,1.65,0.98,0.0,4.0,0,9.690000000000005
2016,2017-02-05,Barclays Premier League,Manchester City,Swansea City,85.09,55.86,0.8052,0.1331,0.0618,2.9,0.63,2.0,1.0,0,29.230000000000004
2016,2017-02-05,Barclays Premier League,Leicester City,Manchester United,57.91,81.17,0.1783,0.2508,0.5709,0.91,1.67,0.0,3.0,0,23.260000000000005
2016,2017-02-11,Barclays Premier League,Middlesbrough,Everton,52.7,70.75,0.2963,0.2915,0.4121,1.03,1.31,0.0,0.0,1,18.049999999999997
2016,2017-02-11,Barclays Premier League,Liverpool,Tottenham Hotspur,80.38,81.58,0.4306,0.2626,0.3068,1.57,1.34,2.0,0.0,0,1.2000000000000028
2016,2017-02-11,Barclays Premier League,Manchester United,Watford,82.26,59.26,0.7307,0.189,0.0804,2.18,0.49,2.0,0.0,0,23.000000000000007
2016,2017-02-11,Barclays Premier League,Stoke City,Crystal Palace,63.0,55.33,0.5362,0.2575,0.2063,1.69,0.99,1.0,0.0,0,7.670000000000002
2016,2017-02-11,Barclays Premier League,Sunderland,Southampton,50.23,65.3,0.3261,0.2905,0.3834,1.14,1.31,0.0,4.0,0,15.07
2016,2017-02-11,Barclays Premier League,West Ham United,West Bromwich Albion,63.19,61.38,0.4772,0.2692,0.2536,1.55,1.12,2.0,2.0,1,1.8099999999999952
2016,2017-02-11,Barclays Premier League,Arsenal,Hull City,82.75,48.7,0.8028,0.1375,0.0597,2.72,0.52,2.0,0.0,0,34.05
2016,2017-02-12,Barclays Premier League,Burnley,Chelsea,60.17,85.94,0.1286,0.2167,0.6546,0.87,1.84,1.0,1.0,1,25.769999999999996
2016,2017-02-12,Barclays Premier League,Swansea City,Leicester City,55.91,56.34,0.4644,0.2622,0.2734,1.63,1.29,2.0,0.0,0,0.4300000000000068
2016,2017-02-13,Barclays Premier League,AFC Bournemouth,Manchester City,59.26,85.03,0.1165,0.1747,0.7088,1.17,2.38,0.0,2.0,0,25.770000000000003
2016,2017-02-25,Barclays Premier League,Everton,Sunderland,70.58,47.53,0.6657,0.2135,0.1208,2.04,0.75,2.0,0.0,0,23.049999999999997
2016,2017-02-25,Barclays Premier League,Crystal Palace,Middlesbrough,55.03,52.75,0.4437,0.302,0.2543,1.23,0.89,1.0,0.0,0,2.280000000000001
2016,2017-02-25,Barclays Premier League,Chelsea,Swansea City,85.46,56.59,0.7975,0.145,0.0575,2.64,0.48,3.0,1.0,0,28.86999999999999
2016,2017-02-25,Barclays Premier League,West Bromwich Albion,AFC Bournemouth,61.41,58.2,0.4885,0.2601,0.2515,1.69,1.18,2.0,1.0,0,3.2099999999999937
2016,2017-02-25,Barclays Premier League,Hull City,Burnley,48.63,60.89,0.36,0.2917,0.3483,1.19,1.23,1.0,1.0,1,12.259999999999998
2016,2017-02-25,Barclays Premier League,Watford,West Ham United,58.64,63.18,0.4092,0.2667,0.3242,1.53,1.38,1.0,1.0,1,4.539999999999999
2016,2017-02-26,Barclays Premier League,Tottenham Hotspur,Stoke City,80.36,63.26,0.6668,0.221,0.1122,1.85,0.68,4.0,0.0,0,17.1
2016,2017-02-27,Barclays Premier League,Leicester City,Liverpool,55.89,81.56,0.1481,0.2092,0.6427,1.05,2.0,3.0,1.0,0,25.67
2016,2017-03-04,Barclays Premier League,West Bromwich Albion,Crystal Palace,61.14,55.47,0.5132,0.2701,0.2167,1.55,0.95,0.0,2.0,0,5.670000000000002
2016,2017-03-04,Barclays Premier League,Watford,Southampton,58.12,67.77,0.3484,0.2911,0.3606,1.19,1.26,3.0,4.0,0,9.649999999999999
2016,2017-03-04,Barclays Premier League,Liverpool,Arsenal,80.11,82.04,0.4298,0.2354,0.3348,1.89,1.66,3.0,1.0,0,1.9300000000000068
2016,2017-03-04,Barclays Premier League,Stoke City,Middlesbrough,61.73,52.33,0.5077,0.2949,0.1974,1.32,0.71,2.0,0.0,0,9.399999999999999
2016,2017-03-04,Barclays Premier League,Swansea City,Burnley,56.69,60.51,0.4248,0.2694,0.3058,1.51,1.33,3.0,2.0,0,3.8200000000000003
2016,2017-03-04,Barclays Premier League,Leicester City,Hull City,57.95,49.01,0.517,0.2722,0.2108,1.53,0.9,3.0,1.0,0,8.940000000000005
2016,2017-03-04,Barclays Premier League,Manchester United,AFC Bournemouth,82.68,58.48,0.7494,0.1716,0.079,2.45,0.58,1.0,1.0,1,24.20000000000001
2016,2017-03-05,Barclays Premier League,Tottenham Hotspur,Everton,81.56,70.86,0.6123,0.2372,0.1505,1.78,0.85,3.0,2.0,0,10.700000000000003
2016,2017-03-05,Barclays Premier League,Sunderland,Manchester City,47.18,85.75,0.0609,0.1383,0.8008,0.85,2.42,0.0,2.0,0,38.57
2016,2017-03-06,Barclays Premier League,West Ham United,Chelsea,63.66,85.42,0.1544,0.2214,0.6242,1.02,1.89,1.0,2.0,0,21.760000000000005
2016,2017-03-08,Barclays Premier League,Manchester City,Stoke City,86.04,63.38,0.7566,0.1677,0.0756,2.35,0.56,0.0,0.0,1,22.660000000000004
2016,2017-03-11,Barclays Premier League,Everton,West Bromwich Albion,71.32,58.87,0.5936,0.2456,0.1608,1.73,0.83,3.0,0.0,0,12.449999999999996
2016,2017-03-11,Barclays Premier League,Hull City,Swansea City,48.24,57.63,0.3824,0.271,0.3467,1.45,1.41,2.0,1.0,0,9.39
2016,2017-03-11,Barclays Premier League,AFC Bournemouth,West Ham United,59.12,63.49,0.4177,0.2552,0.3272,1.67,1.53,3.0,2.0,0,4.3700000000000045
2016,2017-03-12,Barclays Premier League,Liverpool,Burnley,81.2,59.63,0.7262,0.1766,0.0971,2.4,0.71,2.0,1.0,0,21.57
2016,2017-03-18,Barclays Premier League,West Bromwich Albion,Arsenal,57.34,79.87,0.1799,0.2191,0.601,1.17,1.96,3.0,1.0,0,22.53
2016,2017-03-18,Barclays Premier League,West Ham United,Leicester City,62.25,59.7,0.4896,0.2586,0.2519,1.67,1.2,2.0,3.0,0,2.549999999999997
2016,2017-03-18,Barclays Premier League,Sunderland,Burnley,46.6,60.46,0.3471,0.2865,0.3664,1.2,1.33,0.0,0.0,1,13.86
2016,2017-03-18,Barclays Premier League,Stoke City,Chelsea,64.0,85.5,0.1704,0.2491,0.5806,0.89,1.63,1.0,2.0,0,21.5
2016,2017-03-18,Barclays Premier League,Everton,Hull City,72.68,48.71,0.6775,0.2117,0.1108,1.99,0.68,4.0,0.0,0,23.970000000000006
2016,2017-03-18,Barclays Premier League,Crystal Palace,Watford,57.8,58.21,0.453,0.2706,0.2763,1.53,1.19,1.0,0.0,0,0.4100000000000037
2016,2017-03-18,Barclays Premier League,AFC Bournemouth,Swansea City,60.47,57.15,0.5023,0.2372,0.2604,2.0,1.48,2.0,0.0,0,3.3200000000000003
2016,2017-03-19,Barclays Premier League,Manchester City,Liverpool,84.96,80.54,0.5552,0.2331,0.2117,1.9,1.21,1.0,1.0,1,4.4199999999999875
2016,2017-03-19,Barclays Premier League,Middlesbrough,Manchester United,50.7,82.23,0.1506,0.2618,0.5876,0.67,1.51,1.0,3.0,0,31.53
2016,2017-03-19,Barclays Premier League,Tottenham Hotspur,Southampton,81.32,67.83,0.639,0.2283,0.1327,1.83,0.78,2.0,1.0,0,13.489999999999995
2016,2017-04-01,Barclays Premier League,Southampton,AFC Bournemouth,68.07,61.09,0.54,0.2463,0.2137,1.83,1.12,0.0,0.0,1,6.97999999999999
2016,2017-04-01,Barclays Premier League,Liverpool,Everton,80.87,73.99,0.5686,0.2307,0.2007,1.92,1.18,3.0,1.0,0,6.88000000000001
2016,2017-04-01,Barclays Premier League,Watford,Sunderland,58.0,46.36,0.544,0.2599,0.1961,1.66,0.91,1.0,0.0,0,11.64
2016,2017-04-01,Barclays Premier League,Burnley,Tottenham Hotspur,60.7,81.15,0.2021,0.2551,0.5428,1.0,1.63,0.0,2.0,0,20.450000000000003
2016,2017-04-01,Barclays Premier League,Chelsea,Crystal Palace,85.66,57.99,0.7807,0.1623,0.057,2.32,0.37,1.0,2.0,0,27.669999999999995
2016,2017-04-01,Barclays Premier League,Hull City,West Ham United,47.21,61.64,0.3341,0.2699,0.396,1.33,1.52,2.0,1.0,0,14.43
2016,2017-04-01,Barclays Premier League,Manchester United,West Bromwich Albion,81.95,59.46,0.7198,0.1969,0.0833,1.99,0.56,0.0,0.0,1,22.490000000000002
2016,2017-04-01,Barclays Premier League,Leicester City,Stoke City,60.35,63.8,0.4179,0.2828,0.2994,1.37,1.17,2.0,0.0,0,3.4499999999999957
2016,2017-04-02,Barclays Premier League,Swansea City,Middlesbrough,56.51,51.32,0.484,0.2781,0.2379,1.46,0.99,0.0,0.0,1,5.189999999999998
2016,2017-04-02,Barclays Premier League,Arsenal,Manchester City,78.22,84.76,0.329,0.2422,0.4288,1.6,1.77,2.0,2.0,1,6.540000000000006
2016,2017-04-04,Barclays Premier League,Leicester City,Sunderland,61.03,45.81,0.5779,0.2509,0.1712,1.73,0.83,2.0,0.0,0,15.219999999999999
2016,2017-04-04,Barclays Premier League,Burnley,Stoke City,59.7,63.15,0.4178,0.2934,0.2888,1.28,1.06,1.0,0.0,0,3.4499999999999957
2016,2017-04-04,Barclays Premier League,Watford,West Bromwich Albion,58.57,59.97,0.4399,0.2861,0.274,1.36,1.07,2.0,0.0,0,1.3999999999999986
2016,2017-04-04,Barclays Premier League,Manchester United,Everton,81.43,74.15,0.5707,0.255,0.1744,1.65,0.88,1.0,1.0,1,7.280000000000001
2016,2017-04-05,Barclays Premier League,Chelsea,Manchester City,84.62,84.8,0.4585,0.2665,0.275,1.55,1.2,2.0,1.0,0,0.1799999999999926
2016,2017-04-05,Barclays Premier League,Southampton,Crystal Palace,67.27,59.95,0.5375,0.2649,0.1976,1.59,0.91,3.0,1.0,0,7.319999999999993
2016,2017-04-05,Barclays Premier League,Liverpool,AFC Bournemouth,80.73,61.84,0.7112,0.1749,0.1138,2.46,1.01,2.0,2.0,1,18.89
2016,2017-04-05,Barclays Premier League,Arsenal,West Ham United,78.17,61.41,0.6847,0.1807,0.1346,2.49,1.17,3.0,0.0,0,16.760000000000005
2016,2017-04-05,Barclays Premier League,Swansea City,Tottenham Hotspur,56.01,81.84,0.1469,0.2136,0.6395,1.02,2.02,1.0,3.0,0,25.830000000000005
2016,2017-04-05,Barclays Premier League,Hull City,Middlesbrough,47.44,51.78,0.4072,0.3119,0.2809,1.11,0.91,4.0,2.0,0,4.340000000000003
2016,2017-04-08,Barclays Premier League,Tottenham Hotspur,Watford,82.35,58.78,0.7389,0.1803,0.0808,2.28,0.53,4.0,0.0,0,23.569999999999993
2016,2017-04-08,Barclays Premier League,Manchester City,Hull City,84.87,48.81,0.8208,0.1304,0.0488,2.75,0.42,3.0,1.0,0,36.06
2016,2017-04-08,Barclays Premier League,West Bromwich Albion,Southampton,59.76,68.24,0.3632,0.2943,0.3425,1.19,1.19,0.0,1.0,0,8.479999999999997
2016,2017-04-08,Barclays Premier League,West Ham United,Swansea City,60.11,55.29,0.5119,0.2463,0.2417,1.86,1.27,1.0,0.0,0,4.82
2016,2017-04-08,Barclays Premier League,Middlesbrough,Burnley,50.44,59.59,0.3898,0.3086,0.3015,1.1,1.0,0.0,0.0,1,9.150000000000006
2016,2017-04-08,Barclays Premier League,Stoke City,Liverpool,63.22,80.18,0.2381,0.2491,0.5129,1.21,1.7,1.0,2.0,0,16.960000000000008
2016,2017-04-08,Barclays Premier League,AFC Bournemouth,Chelsea,62.59,84.64,0.1524,0.2087,0.6389,1.12,2.04,1.0,3.0,0,22.049999999999997
2016,2017-04-09,Barclays Premier League,Sunderland,Manchester United,45.28,81.73,0.1091,0.2125,0.6785,0.71,1.88,0.0,3.0,0,36.45
2016,2017-04-09,Barclays Premier League,Everton,Leicester City,73.84,61.57,0.6057,0.2334,0.1609,1.86,0.92,4.0,2.0,0,12.270000000000003
2016,2017-04-10,Barclays Premier League,Crystal Palace,Arsenal,59.03,79.12,0.1982,0.2164,0.5854,1.33,2.06,3.0,0.0,0,20.090000000000003
2016,2017-04-15,Barclays Premier League,Crystal Palace,Leicester City,61.58,60.75,0.4686,0.2652,0.2662,1.59,1.2,2.0,2.0,1,0.8299999999999983
2016,2017-04-15,Barclays Premier League,Watford,Swansea City,57.62,54.99,0.483,0.2644,0.2526,1.63,1.16,1.0,0.0,0,2.6299999999999955
2016,2017-04-15,Barclays Premier League,Southampton,Manchester City,68.32,84.78,0.2159,0.2482,0.5359,1.13,1.68,0.0,3.0,0,16.460000000000008
2016,2017-04-15,Barclays Premier League,Everton,Burnley,74.65,59.94,0.622,0.2349,0.1431,1.8,0.78,3.0,1.0,0,14.710000000000008
2016,2017-04-15,Barclays Premier League,Stoke City,Hull City,63.38,49.0,0.5719,0.256,0.172,1.68,0.82,3.0,1.0,0,14.380000000000003
2016,2017-04-15,Barclays Premier League,Sunderland,West Ham United,44.86,60.4,0.329,0.2794,0.3916,1.21,1.43,2.0,2.0,1,15.54
2016,2017-04-15,Barclays Premier League,Tottenham Hotspur,AFC Bournemouth,83.15,61.75,0.7359,0.1749,0.0891,2.42,0.66,4.0,0.0,0,21.400000000000006
2016,2017-04-16,Barclays Premier League,West Bromwich Albion,Liverpool,59.65,80.05,0.2053,0.2396,0.5551,1.13,1.77,0.0,1.0,0,20.4
2016,2017-04-16,Barclays Premier League,Manchester United,Chelsea,82.04,85.17,0.4029,0.2861,0.311,1.34,1.16,2.0,0.0,0,3.1299999999999955
2016,2017-04-17,Barclays Premier League,Middlesbrough,Arsenal,50.08,77.05,0.186,0.2331,0.5809,1.04,1.82,1.0,2.0,0,26.97
2016,2017-04-22,Barclays Premier League,Swansea City,Stoke City,54.99,63.69,0.3671,0.2837,0.3491,1.28,1.31,2.0,0.0,0,8.699999999999996
2016,2017-04-22,Barclays Premier League,Hull City,Watford,48.69,57.62,0.3972,0.279,0.3238,1.38,1.3,2.0,0.0,0,8.93
2016,2017-04-22,Barclays Premier League,AFC Bournemouth,Middlesbrough,60.25,50.56,0.5278,0.2659,0.2062,1.58,0.92,4.0,0.0,0,9.689999999999998
2016,2017-04-22,Barclays Premier League,West Ham United,Everton,59.79,74.99,0.2709,0.2478,0.4813,1.36,1.79,0.0,0.0,1,15.199999999999996
2016,2017-04-23,Barclays Premier League,Liverpool,Crystal Palace,80.53,61.87,0.7023,0.1846,0.1131,2.29,0.92,1.0,2.0,0,18.660000000000004
2016,2017-04-23,Barclays Premier League,Burnley,Manchester United,59.66,82.74,0.1771,0.2604,0.5625,0.84,1.56,0.0,2.0,0,23.08
2016,2017-04-25,Barclays Premier League,Chelsea,Southampton,84.36,66.67,0.6965,0.2039,0.0996,1.96,0.68,4.0,2.0,0,17.689999999999998
2016,2017-04-26,Barclays Premier League,Arsenal,Leicester City,76.65,61.54,0.658,0.1965,0.1455,2.27,1.11,1.0,0.0,0,15.110000000000007
2016,2017-04-26,Barclays Premier League,Middlesbrough,Sunderland,47.95,45.45,0.473,0.2964,0.2307,1.28,0.83,1.0,0.0,0,2.5
2016,2017-04-26,Barclays Premier League,Crystal Palace,Tottenham Hotspur,63.47,84.14,0.173,0.2292,0.5978,1.07,1.85,0.0,1.0,0,20.67
2016,2017-04-27,Barclays Premier League,Manchester City,Manchester United,85.88,83.39,0.4958,0.2706,0.2335,1.51,1.04,0.0,0.0,1,2.489999999999995
2016,2017-04-29,Barclays Premier League,Southampton,Hull City,66.94,49.42,0.6113,0.2334,0.1554,1.91,0.87,0.0,0.0,1,17.519999999999996
2016,2017-04-29,Barclays Premier League,Crystal Palace,Burnley,62.78,58.68,0.4973,0.2741,0.2286,1.5,0.98,0.0,2.0,0,4.100000000000001
2016,2017-04-29,Barclays Premier League,Stoke City,West Ham United,63.14,60.11,0.4906,0.2718,0.2376,1.53,1.04,0.0,0.0,1,3.030000000000001
2016,2017-04-29,Barclays Premier League,West Bromwich Albion,Leicester City,58.86,61.22,0.4328,0.2914,0.2758,1.3,1.04,0.0,1.0,0,2.3599999999999994
2016,2017-04-29,Barclays Premier League,Sunderland,AFC Bournemouth,45.76,62.97,0.3067,0.269,0.4243,1.25,1.56,0.0,1.0,0,17.21
2016,2017-04-30,Barclays Premier League,Manchester United,Swansea City,82.95,55.57,0.7623,0.1746,0.0631,2.27,0.38,1.0,1.0,1,27.380000000000003
2016,2017-04-30,Barclays Premier League,Middlesbrough,Manchester City,47.67,86.02,0.0759,0.1757,0.7484,0.68,2.01,2.0,2.0,1,38.349999999999994
2016,2017-04-30,Barclays Premier League,Everton,Chelsea,74.52,84.44,0.2917,0.2618,0.4465,1.31,1.56,0.0,3.0,0,9.920000000000002
2016,2017-04-30,Barclays Premier League,Tottenham Hotspur,Arsenal,84.44,76.77,0.6063,0.2224,0.1712,1.98,1.07,2.0,0.0,0,7.670000000000002
2016,2017-05-01,Barclays Premier League,Watford,Liverpool,56.91,79.29,0.1865,0.2276,0.5859,1.13,1.9,0.0,1.0,0,22.38000000000001
2016,2017-05-05,Barclays Premier League,West Ham United,Tottenham Hotspur,60.08,85.12,0.1359,0.2169,0.6472,0.92,1.88,1.0,0.0,0,25.040000000000006
2016,2017-05-06,Barclays Premier League,Swansea City,Everton,57.29,72.66,0.2803,0.2626,0.4571,1.25,1.63,1.0,0.0,0,15.369999999999997
2016,2017-05-06,Barclays Premier League,Burnley,West Bromwich Albion,60.4,58.55,0.4666,0.3006,0.2328,1.26,0.83,2.0,2.0,1,1.8500000000000014
2016,2017-05-06,Barclays Premier League,Hull City,Sunderland,50.07,45.4,0.4979,0.278,0.2241,1.47,0.92,0.0,2.0,0,4.670000000000002
2016,2017-05-06,Barclays Premier League,AFC Bournemouth,Stoke City,63.33,63.12,0.459,0.2714,0.2696,1.52,1.17,2.0,2.0,1,0.21000000000000085
2016,2017-05-06,Barclays Premier League,Manchester City,Crystal Palace,85.35,61.04,0.7702,0.1576,0.0722,2.49,0.59,5.0,0.0,0,24.309999999999995
2016,2017-05-06,Barclays Premier League,Leicester City,Watford,61.5,56.43,0.5066,0.2737,0.2198,1.51,0.94,3.0,0.0,0,5.07
2016,2017-05-07,Barclays Premier League,Liverpool,Southampton,79.5,66.28,0.6337,0.2211,0.1452,1.93,0.91,0.0,0.0,1,13.219999999999999
2016,2017-05-07,Barclays Premier League,Arsenal,Manchester United,75.81,81.82,0.3462,0.2708,0.3831,1.37,1.44,2.0,0.0,0,6.009999999999991
2016,2017-05-08,Barclays Premier League,Chelsea,Middlesbrough,85.75,48.96,0.817,0.14,0.043,2.47,0.27,3.0,0.0,0,36.79
2016,2017-05-10,Barclays Premier League,Southampton,Arsenal,66.29,76.97,0.3204,0.2624,0.4172,1.38,1.54,0.0,2.0,0,10.679999999999993
2016,2017-05-12,Barclays Premier League,West Bromwich Albion,Chelsea,58.64,86.15,0.1202,0.2119,0.6679,0.83,1.84,0.0,1.0,0,27.510000000000005
2016,2017-05-12,Barclays Premier League,Everton,Watford,71.65,55.49,0.6285,0.2336,0.1379,1.82,0.75,1.0,0.0,0,16.160000000000004
2016,2017-05-13,Barclays Premier League,Manchester City,Leicester City,86.44,62.43,0.7725,0.1579,0.0697,2.44,0.55,2.0,1.0,0,24.009999999999998
2016,2017-05-13,Barclays Premier League,AFC Bournemouth,Burnley,62.64,60.35,0.4867,0.2616,0.2517,1.63,1.18,2.0,1.0,0,2.289999999999999
2016,2017-05-13,Barclays Premier League,Middlesbrough,Southampton,48.3,65.16,0.3141,0.3031,0.3829,1.0,1.2,1.0,2.0,0,16.86
2016,2017-05-13,Barclays Premier League,Sunderland,Swansea City,47.4,58.37,0.3736,0.2881,0.3382,1.24,1.24,0.0,2.0,0,10.969999999999999
2016,2017-05-13,Barclays Premier League,Stoke City,Arsenal,63.82,77.93,0.2782,0.2584,0.4634,1.28,1.61,1.0,4.0,0,14.110000000000007
2016,2017-05-14,Barclays Premier League,Crystal Palace,Hull City,59.35,48.01,0.5448,0.2537,0.2015,1.74,0.99,4.0,0.0,0,11.340000000000003
2016,2017-05-14,Barclays Premier League,West Ham United,Liverpool,61.78,79.28,0.2331,0.2515,0.5154,1.17,1.7,0.0,4.0,0,17.5
2016,2017-05-14,Barclays Premier League,Tottenham Hotspur,Manchester United,83.94,80.76,0.4992,0.2904,0.2104,1.37,0.85,2.0,1.0,0,3.1799999999999926
2016,2017-05-15,Barclays Premier League,Chelsea,Watford,86.71,56.16,0.8064,0.1451,0.0485,2.45,0.34,4.0,3.0,0,30.549999999999997
2016,2017-05-16,Barclays Premier League,Arsenal,Sunderland,78.99,46.51,0.7723,0.156,0.0716,2.55,0.53,2.0,0.0,0,32.48
2016,2017-05-16,Barclays Premier League,Manchester City,West Bromwich Albion,85.93,57.63,0.7865,0.1557,0.0579,2.37,0.4,3.0,1.0,0,28.300000000000004
2016,2017-05-17,Barclays Premier League,Southampton,Manchester United,65.03,80.42,0.2548,0.289,0.4562,0.98,1.36,0.0,0.0,1,15.39
2016,2017-05-18,Barclays Premier League,Leicester City,Tottenham Hotspur,63.31,84.39,0.1741,0.2411,0.5848,0.98,1.72,1.0,6.0,0,21.08
2016,2017-05-21,Barclays Premier League,Liverpool,Middlesbrough,81.24,48.46,0.7728,0.164,0.0632,2.36,0.39,3.0,0.0,0,32.779999999999994
2016,2017-05-21,Barclays Premier League,Swansea City,West Bromwich Albion,59.28,57.65,0.469,0.2855,0.2456,1.39,0.97,2.0,1.0,0,1.6300000000000026
2016,2017-05-21,Barclays Premier League,Watford,Manchester City,57.88,85.99,0.1029,0.1793,0.7178,0.96,2.13,0.0,5.0,0,28.109999999999992
2016,2017-05-21,Barclays Premier League,Leicester City,AFC Bournemouth,61.39,62.83,0.4424,0.2576,0.3,1.68,1.39,1.0,1.0,1,1.4399999999999977
2016,2017-05-21,Barclays Premier League,Southampton,Stoke City,65.66,62.71,0.4866,0.2848,0.2287,1.4,0.92,0.0,1.0,0,2.9499999999999957
2016,2017-05-21,Barclays Premier League,Hull City,Tottenham Hotspur,46.14,85.8,0.062,0.1486,0.7893,0.76,2.33,1.0,7.0,0,39.66
2016,2017-05-21,Barclays Premier League,Chelsea,Sunderland,85.9,45.14,0.8429,0.12,0.0371,2.73,0.27,5.0,1.0,0,40.760000000000005
2016,2017-05-21,Barclays Premier League,Manchester United,Crystal Palace,79.8,61.19,0.6816,0.2164,0.102,1.89,0.63,2.0,0.0,0,18.61
2016,2017-05-21,Barclays Premier League,Arsenal,Everton,80.08,71.02,0.595,0.2225,0.1824,1.99,1.14,3.0,1.0,0,9.060000000000002
2016,2017-05-21,Barclays Premier League,Burnley,West Ham United,60.17,59.28,0.4661,0.2777,0.2562,1.46,1.07,1.0,2.0,0,0.8900000000000006
2017,2017-08-11,Barclays Premier League,Arsenal,Leicester City,78.18,61.77,0.643,0.2007,0.1563,2.24,1.01,4.0,3.0,0,16.410000000000004
2017,2017-08-12,Barclays Premier League,Watford,Liverpool,54.25,77.15,0.2193,0.2423,0.5384,1.07,1.81,3.0,3.0,1,22.900000000000006
2017,2017-08-12,Barclays Premier League,West Bromwich Albion,AFC Bournemouth,56.21,58.25,0.4246,0.2735,0.3019,1.44,1.17,1.0,0.0,0,2.039999999999999
2017,2017-08-12,Barclays Premier League,Crystal Palace,Huddersfield Town,59.47,44.57,0.6,0.2393,0.1606,1.79,0.8,0.0,3.0,0,14.899999999999999
2017,2017-08-12,Barclays Premier League,Chelsea,Burnley,82.76,59.76,0.7184,0.1805,0.1011,2.4,0.63,2.0,3.0,0,23.000000000000007
2017,2017-08-12,Barclays Premier League,Southampton,Swansea City,63.35,57.72,0.5044,0.266,0.2296,1.57,0.97,0.0,0.0,1,5.630000000000003
2017,2017-08-12,Barclays Premier League,Everton,Stoke City,67.06,60.8,0.5129,0.2588,0.2283,1.64,1.0,1.0,0.0,0,6.260000000000005
2017,2017-08-12,Barclays Premier League,Brighton and Hove Albion,Manchester City,47.43,84.21,0.1143,0.1871,0.6987,0.8,2.27,0.0,2.0,0,36.779999999999994
2017,2017-08-13,Barclays Premier League,Newcastle,Tottenham Hotspur,52.0,80.29,0.1731,0.2226,0.6044,0.96,1.99,0.0,2.0,0,28.290000000000006
2017,2017-08-13,Barclays Premier League,Manchester United,West Ham United,82.16,60.38,0.7051,0.1957,0.0992,2.19,0.53,4.0,0.0,0,21.779999999999994
2017,2017-08-19,Barclays Premier League,Stoke City,Arsenal,60.68,78.07,0.2681,0.2446,0.4873,1.3,1.82,1.0,0.0,0,17.389999999999993
2017,2017-08-19,Barclays Premier League,Liverpool,Crystal Palace,76.45,56.81,0.6679,0.2,0.1321,2.21,0.87,1.0,0.0,0,19.64
2017,2017-08-19,Barclays Premier League,Southampton,West Ham United,64.07,59.35,0.4937,0.2704,0.2359,1.56,0.99,3.0,2.0,0,4.719999999999992
2017,2017-08-19,Barclays Premier League,Leicester City,Brighton and Hove Albion,62.15,46.4,0.6063,0.2411,0.1526,1.79,0.77,2.0,0.0,0,15.75
2017,2017-08-19,Barclays Premier League,Burnley,West Bromwich Albion,61.62,56.78,0.4893,0.2803,0.2304,1.48,0.92,0.0,1.0,0,4.839999999999996
2017,2017-08-19,Barclays Premier League,Swansea City,Manchester United,56.94,82.92,0.1782,0.2423,0.5796,0.89,1.82,0.0,4.0,0,25.980000000000004
2017,2017-08-19,Barclays Premier League,AFC Bournemouth,Watford,57.66,55.28,0.471,0.2617,0.2673,1.62,1.16,0.0,2.0,0,2.3799999999999955
2017,2017-08-20,Barclays Premier League,Huddersfield Town,Newcastle,47.19,50.91,0.4021,0.2915,0.3064,1.3,1.1,1.0,0.0,0,3.719999999999999
2017,2017-08-20,Barclays Premier League,Tottenham Hotspur,Chelsea,81.03,81.51,0.4481,0.2531,0.2988,1.69,1.34,1.0,2.0,0,0.480000000000004
2017,2017-08-21,Barclays Premier League,Manchester City,Everton,84.84,67.1,0.6746,0.1998,0.1256,2.19,0.82,1.0,1.0,1,17.74000000000001
2017,2017-08-26,Barclays Premier League,Manchester United,Leicester City,84.32,62.94,0.7527,0.1729,0.0744,2.27,0.56,2.0,0.0,0,21.379999999999995
2017,2017-08-26,Barclays Premier League,Crystal Palace,Swansea City,56.61,54.83,0.4617,0.2728,0.2655,1.52,1.09,0.0,2.0,0,1.7800000000000011
2017,2017-08-26,Barclays Premier League,Huddersfield Town,Southampton,47.04,63.96,0.2768,0.2868,0.4364,1.04,1.38,0.0,0.0,1,16.92
2017,2017-08-26,Barclays Premier League,Newcastle,West Ham United,51.16,59.54,0.3593,0.2767,0.364,1.33,1.34,3.0,0.0,0,8.380000000000003
2017,2017-08-26,Barclays Premier League,AFC Bournemouth,Manchester City,55.41,84.47,0.1546,0.2031,0.6423,1.01,2.25,1.0,2.0,0,29.060000000000002
2017,2017-08-26,Barclays Premier League,Watford,Brighton and Hove Albion,57.52,45.65,0.5617,0.2664,0.1719,1.59,0.75,0.0,0.0,1,11.870000000000005
2017,2017-08-27,Barclays Premier League,West Bromwich Albion,Stoke City,57.54,60.7,0.4028,0.3086,0.2886,1.2,0.97,1.0,1.0,1,3.1600000000000037
2017,2017-08-27,Barclays Premier League,Chelsea,Everton,82.05,67.56,0.6274,0.2162,0.1564,2.08,0.93,2.0,0.0,0,14.489999999999995
2017,2017-08-27,Barclays Premier League,Tottenham Hotspur,Burnley,80.4,60.84,0.6729,0.2083,0.1188,2.06,0.73,1.0,1.0,1,19.560000000000002
2017,2017-08-27,Barclays Premier League,Liverpool,Arsenal,76.53,77.97,0.44,0.2386,0.3215,1.85,1.56,4.0,0.0,0,1.4399999999999977
2017,2017-09-09,Barclays Premier League,Stoke City,Manchester United,61.39,84.68,0.1919,0.2593,0.5488,0.87,1.66,2.0,2.0,1,23.290000000000006
2017,2017-09-09,Barclays Premier League,Brighton and Hove Albion,West Bromwich Albion,47.12,56.85,0.3357,0.3255,0.3388,1.0,1.01,3.0,1.0,0,9.730000000000004
2017,2017-09-09,Barclays Premier League,Southampton,Watford,63.2,56.08,0.5149,0.2731,0.212,1.54,0.89,0.0,2.0,0,7.1200000000000045
2017,2017-09-09,Barclays Premier League,Arsenal,AFC Bournemouth,76.02,55.13,0.7223,0.1705,0.1073,2.53,0.88,3.0,0.0,0,20.889999999999993
2017,2017-09-09,Barclays Premier League,Everton,Tottenham Hotspur,67.03,79.94,0.297,0.2697,0.4333,1.21,1.51,0.0,3.0,0,12.909999999999997
2017,2017-09-09,Barclays Premier League,Leicester City,Chelsea,62.37,82.35,0.2283,0.2339,0.5379,1.2,1.95,1.0,2.0,0,19.979999999999997
2017,2017-09-09,Barclays Premier League,Manchester City,Liverpool,84.62,78.47,0.5436,0.2352,0.2212,1.93,1.16,5.0,0.0,0,6.150000000000006
2017,2017-09-10,Barclays Premier League,Burnley,Crystal Palace,61.45,55.37,0.5067,0.2658,0.2276,1.6,0.99,1.0,0.0,0,6.080000000000005
2017,2017-09-10,Barclays Premier League,Swansea City,Newcastle,56.09,53.67,0.4649,0.2831,0.252,1.44,0.98,0.0,1.0,0,2.4200000000000017
2017,2017-09-11,Barclays Premier League,West Ham United,Huddersfield Town,56.97,47.84,0.5392,0.2591,0.2017,1.67,0.91,2.0,0.0,0,9.129999999999995
2017,2017-09-15,Barclays Premier League,AFC Bournemouth,Brighton and Hove Albion,54.27,48.21,0.5031,0.28,0.2168,1.48,0.87,2.0,1.0,0,6.060000000000002
2017,2017-09-16,Barclays Premier League,Liverpool,Burnley,76.9,60.37,0.6339,0.2163,0.1497,2.06,0.88,1.0,1.0,1,16.53000000000001
2017,2017-09-16,Barclays Premier League,Tottenham Hotspur,Swansea City,81.77,55.13,0.7824,0.1578,0.0598,2.36,0.49,0.0,0.0,1,26.639999999999993
2017,2017-09-16,Barclays Premier League,Watford,Manchester City,58.11,86.94,0.1484,0.2122,0.6394,0.9,2.1,0.0,6.0,0,28.83
2017,2017-09-16,Barclays Premier League,Newcastle,Stoke City,54.64,62.46,0.3605,0.2955,0.344,1.2,1.17,2.0,1.0,0,7.82
2017,2017-09-16,Barclays Premier League,West Bromwich Albion,West Ham United,55.69,57.97,0.419,0.2809,0.3002,1.4,1.15,0.0,0.0,1,2.280000000000001
2017,2017-09-16,Barclays Premier League,Huddersfield Town,Leicester City,46.92,62.46,0.2897,0.2827,0.4276,1.1,1.4,1.0,1.0,1,15.54
2017,2017-09-16,Barclays Premier League,Crystal Palace,Southampton,56.47,61.22,0.391,0.293,0.316,1.28,1.12,0.0,1.0,0,4.75
2017,2017-09-17,Barclays Premier League,Chelsea,Arsenal,83.38,77.11,0.5506,0.2204,0.229,2.14,1.33,0.0,0.0,1,6.269999999999996
2017,2017-09-17,Barclays Premier League,Manchester United,Everton,84.49,64.09,0.6978,0.1991,0.1031,2.11,0.66,4.0,0.0,0,20.39999999999999
2017,2017-09-23,Barclays Premier League,Everton,AFC Bournemouth,63.19,54.55,0.537,0.2508,0.2122,1.75,1.01,2.0,1.0,0,8.64
2017,2017-09-23,Barclays Premier League,Swansea City,Watford,55.46,55.51,0.4391,0.2876,0.2733,1.38,1.03,1.0,2.0,0,0.04999999999999716
2017,2017-09-23,Barclays Premier League,Southampton,Manchester United,61.6,85.13,0.1903,0.2517,0.5579,0.9,1.73,0.0,1.0,0,23.529999999999994
2017,2017-09-23,Barclays Premier League,Leicester City,Liverpool,62.12,76.92,0.2882,0.25,0.4617,1.33,1.74,2.0,3.0,0,14.800000000000004
2017,2017-09-23,Barclays Premier League,Stoke City,Chelsea,61.26,82.63,0.2171,0.2432,0.5397,1.08,1.84,0.0,4.0,0,21.369999999999997
2017,2017-09-23,Barclays Premier League,Manchester City,Crystal Palace,88.5,56.07,0.8554,0.1113,0.0333,2.77,0.4,5.0,0.0,0,32.43
2017,2017-09-23,Barclays Premier League,West Ham United,Tottenham Hotspur,58.1,81.4,0.2028,0.2412,0.556,1.02,1.85,2.0,3.0,0,23.300000000000004
2017,2017-09-23,Barclays Premier League,Burnley,Huddersfield Town,60.3,47.25,0.572,0.2651,0.1629,1.6,0.72,0.0,0.0,1,13.049999999999997
2017,2017-09-24,Barclays Premier League,Brighton and Hove Albion,Newcastle,47.92,55.87,0.3562,0.3087,0.3351,1.12,1.08,1.0,0.0,0,7.949999999999996
2017,2017-09-25,Barclays Premier League,Arsenal,West Bromwich Albion,77.63,55.57,0.6835,0.2039,0.1126,2.09,0.71,2.0,0.0,0,22.059999999999995
2017,2017-09-30,Barclays Premier League,Chelsea,Manchester City,84.68,89.65,0.3615,0.2542,0.3843,1.52,1.57,0.0,1.0,0,4.969999999999999
2017,2017-09-30,Barclays Premier League,AFC Bournemouth,Leicester City,54.1,62.17,0.3648,0.2632,0.372,1.45,1.46,0.0,0.0,1,8.07
2017,2017-09-30,Barclays Premier League,West Ham United,Swansea City,58.5,54.6,0.4835,0.2705,0.246,1.55,1.03,1.0,0.0,0,3.8999999999999986
2017,2017-09-30,Barclays Premier League,West Bromwich Albion,Watford,54.88,56.37,0.4213,0.2998,0.2789,1.28,0.98,2.0,2.0,1,1.4899999999999949
2017,2017-09-30,Barclays Premier League,Manchester United,Crystal Palace,86.55,54.33,0.8448,0.1207,0.0345,2.63,0.38,4.0,0.0,0,32.22
2017,2017-09-30,Barclays Premier League,Huddersfield Town,Tottenham Hotspur,47.99,81.97,0.1336,0.2257,0.6407,0.74,1.91,0.0,4.0,0,33.98
2017,2017-09-30,Barclays Premier League,Stoke City,Southampton,59.85,61.68,0.4189,0.2948,0.2864,1.31,1.03,2.0,1.0,0,1.8299999999999983
2017,2017-10-01,Barclays Premier League,Arsenal,Brighton and Hove Albion,78.92,48.08,0.8061,0.1417,0.0522,2.52,0.49,2.0,0.0,0,30.840000000000003
2017,2017-10-01,Barclays Premier League,Everton,Burnley,62.48,59.63,0.471,0.2761,0.2529,1.5,1.02,0.0,1.0,0,2.8499999999999943
2017,2017-10-01,Barclays Premier League,Newcastle,Liverpool,55.73,77.55,0.2278,0.2471,0.5251,1.1,1.79,1.0,1.0,1,21.82
2017,2017-10-14,Barclays Premier League,Watford,Arsenal,56.95,79.1,0.2227,0.2252,0.5521,1.25,2.07,2.0,1.0,0,22.14999999999999
2017,2017-10-14,Barclays Premier League,Swansea City,Huddersfield Town,54.09,46.13,0.5134,0.299,0.1876,1.35,0.7,2.0,0.0,0,7.960000000000001
2017,2017-10-14,Barclays Premier League,Burnley,West Ham United,59.78,59.02,0.4492,0.2828,0.268,1.43,1.04,1.0,1.0,1,0.759999999999998
2017,2017-10-14,Barclays Premier League,Crystal Palace,Chelsea,53.72,83.93,0.1498,0.2108,0.6394,0.92,2.13,2.0,1.0,0,30.210000000000008
2017,2017-10-14,Barclays Premier League,Tottenham Hotspur,AFC Bournemouth,83.28,54.65,0.806,0.1425,0.0515,2.5,0.48,1.0,0.0,0,28.630000000000003
2017,2017-10-14,Barclays Premier League,Manchester City,Stoke City,90.03,60.16,0.8492,0.1146,0.0362,2.76,0.43,7.0,2.0,0,29.870000000000005
2017,2017-10-14,Barclays Premier League,Liverpool,Manchester United,77.8,86.94,0.3102,0.2559,0.4339,1.36,1.64,0.0,0.0,1,9.14
2017,2017-10-15,Barclays Premier League,Brighton and Hove Albion,Everton,47.85,62.31,0.2978,0.2936,0.4087,1.07,1.3,1.0,1.0,1,14.46
2017,2017-10-15,Barclays Premier League,Southampton,Newcastle,61.43,55.36,0.4999,0.2854,0.2146,1.44,0.84,2.0,2.0,1,6.07
2017,2017-10-16,Barclays Premier League,Leicester City,West Bromwich Albion,61.62,54.29,0.5163,0.272,0.2118,1.55,0.89,1.0,1.0,1,7.329999999999998
2017,2017-10-20,Barclays Premier League,West Ham United,Brighton and Hove Albion,59.17,47.98,0.5538,0.27,0.1763,1.56,0.76,0.0,3.0,0,11.190000000000005
2017,2017-10-21,Barclays Premier League,Southampton,West Bromwich Albion,60.97,54.54,0.5021,0.2883,0.2096,1.42,0.81,1.0,0.0,0,6.43
2017,2017-10-21,Barclays Premier League,Newcastle,Crystal Palace,55.86,55.99,0.44,0.2816,0.2784,1.43,1.08,1.0,0.0,0,0.13000000000000256
2017,2017-10-21,Barclays Premier League,Manchester City,Burnley,90.45,59.63,0.8536,0.113,0.0334,2.74,0.39,3.0,0.0,0,30.82
2017,2017-10-21,Barclays Premier League,Huddersfield Town,Manchester United,45.27,86.08,0.0884,0.1954,0.7162,0.57,2.08,2.0,1.0,0,40.809999999999995
2017,2017-10-21,Barclays Premier League,Stoke City,AFC Bournemouth,59.67,54.6,0.4984,0.26,0.2416,1.66,1.08,1.0,2.0,0,5.07
2017,2017-10-21,Barclays Premier League,Swansea City,Leicester City,54.99,61.37,0.3762,0.2901,0.3337,1.27,1.18,1.0,2.0,0,6.3799999999999955
2017,2017-10-21,Barclays Premier League,Chelsea,Watford,82.15,58.23,0.7637,0.1607,0.0756,2.45,0.64,4.0,2.0,0,23.92000000000001
2017,2017-10-22,Barclays Premier League,Everton,Arsenal,62.09,77.9,0.2793,0.2452,0.4754,1.34,1.8,2.0,5.0,0,15.810000000000002
2017,2017-10-22,Barclays Premier League,Tottenham Hotspur,Liverpool,83.42,81.11,0.4903,0.253,0.2566,1.72,1.18,4.0,1.0,0,2.3100000000000023
2017,2017-10-28,Barclays Premier League,AFC Bournemouth,Chelsea,55.19,81.18,0.1876,0.2217,0.5907,1.08,2.07,0.0,1.0,0,25.99000000000001
2017,2017-10-28,Barclays Premier League,Crystal Palace,West Ham United,55.88,56.05,0.4416,0.2749,0.2835,1.48,1.13,2.0,2.0,1,0.1699999999999946
2017,2017-10-28,Barclays Premier League,Watford,Stoke City,59.82,59.07,0.4556,0.258,0.2864,1.65,1.26,0.0,1.0,0,0.75
2017,2017-10-28,Barclays Premier League,West Bromwich Albion,Manchester City,53.6,90.78,0.0899,0.1713,0.7388,0.71,2.4,2.0,3.0,0,37.18
2017,2017-10-28,Barclays Premier League,Arsenal,Swansea City,79.42,53.96,0.7642,0.161,0.0748,2.44,0.63,2.0,1.0,0,25.46
2017,2017-10-28,Barclays Premier League,Liverpool,Huddersfield Town,80.02,48.01,0.8162,0.1399,0.0439,2.46,0.41,3.0,0.0,0,32.01
2017,2017-10-28,Barclays Premier League,Manchester United,Tottenham Hotspur,84.39,84.51,0.4432,0.2717,0.2852,1.51,1.16,1.0,0.0,0,0.12000000000000455
2017,2017-10-29,Barclays Premier League,Brighton and Hove Albion,Southampton,50.99,61.89,0.3287,0.3074,0.364,1.07,1.14,1.0,1.0,1,10.899999999999999
2017,2017-10-29,Barclays Premier League,Leicester City,Everton,62.41,60.41,0.4678,0.2615,0.2707,1.62,1.18,2.0,0.0,0,2.0
2017,2017-10-30,Barclays Premier League,Burnley,Newcastle,58.94,55.98,0.4666,0.2947,0.2387,1.36,0.89,1.0,0.0,0,2.960000000000001
2017,2017-11-04,Barclays Premier League,West Ham United,Liverpool,55.69,81.21,0.1897,0.217,0.5933,1.13,2.14,1.0,4.0,0,25.519999999999996
2017,2017-11-04,Barclays Premier League,Southampton,Burnley,61.2,59.21,0.4567,0.2961,0.2472,1.34,0.91,0.0,1.0,0,1.990000000000002
2017,2017-11-04,Barclays Premier League,Swansea City,Brighton and Hove Albion,54.19,51.7,0.459,0.3049,0.2361,1.29,0.84,0.0,1.0,0,2.489999999999995
2017,2017-11-04,Barclays Premier League,Newcastle,AFC Bournemouth,55.7,54.43,0.4507,0.2915,0.2578,1.37,0.96,0.0,1.0,0,1.2700000000000031
2017,2017-11-04,Barclays Premier League,Huddersfield Town,West Bromwich Albion,46.99,54.83,0.3537,0.3241,0.3222,1.04,0.98,1.0,0.0,0,7.839999999999996
2017,2017-11-04,Barclays Premier League,Stoke City,Leicester City,59.25,63.02,0.4056,0.2713,0.3231,1.46,1.28,2.0,2.0,1,3.770000000000003
2017,2017-11-05,Barclays Premier League,Tottenham Hotspur,Crystal Palace,84.88,56.23,0.8118,0.141,0.0472,2.48,0.44,1.0,0.0,0,28.65
2017,2017-11-05,Barclays Premier League,Manchester City,Arsenal,90.78,78.33,0.667,0.185,0.1481,2.51,1.12,3.0,1.0,0,12.450000000000003
2017,2017-11-05,Barclays Premier League,Chelsea,Manchester United,81.07,84.54,0.3863,0.2648,0.3489,1.48,1.39,1.0,0.0,0,3.470000000000013
2017,2017-11-05,Barclays Premier League,Everton,Watford,59.07,59.62,0.4398,0.268,0.2922,1.54,1.21,3.0,2.0,0,0.5499999999999972
2017,2017-11-18,Barclays Premier League,Liverpool,Southampton,81.77,60.58,0.6894,0.1983,0.1124,2.15,0.74,3.0,0.0,0,21.189999999999998
2017,2017-11-18,Barclays Premier League,Burnley,Swansea City,59.79,53.54,0.4973,0.2971,0.2057,1.36,0.77,2.0,0.0,0,6.25
2017,2017-11-18,Barclays Premier League,Manchester United,Newcastle,83.93,54.28,0.8095,0.1521,0.0385,2.25,0.31,4.0,1.0,0,29.650000000000006
2017,2017-11-18,Barclays Premier League,West Bromwich Albion,Chelsea,54.66,81.62,0.1806,0.2412,0.5782,0.91,1.83,0.0,4.0,0,26.960000000000008
2017,2017-11-18,Barclays Premier League,Crystal Palace,Everton,56.99,59.41,0.4198,0.273,0.3073,1.47,1.22,2.0,2.0,1,2.4199999999999946
2017,2017-11-18,Barclays Premier League,AFC Bournemouth,Huddersfield Town,55.89,47.23,0.5231,0.2913,0.1857,1.41,0.72,4.0,0.0,0,8.660000000000004
2017,2017-11-18,Barclays Premier League,Arsenal,Tottenham Hotspur,78.05,84.3,0.3497,0.259,0.3913,1.45,1.54,2.0,0.0,0,6.25
2017,2017-11-18,Barclays Premier League,Leicester City,Manchester City,63.07,90.88,0.1343,0.1837,0.6819,1.01,2.47,0.0,2.0,0,27.809999999999995
2017,2017-11-19,Barclays Premier League,Watford,West Ham United,59.31,54.97,0.4937,0.2517,0.2547,1.74,1.19,2.0,0.0,0,4.340000000000003
2017,2017-11-20,Barclays Premier League,Brighton and Hove Albion,Stoke City,52.36,59.22,0.3703,0.2933,0.3364,1.24,1.17,2.0,2.0,1,6.859999999999999
2017,2017-11-24,Barclays Premier League,West Ham United,Leicester City,54.45,61.92,0.3688,0.2731,0.3581,1.37,1.35,1.0,1.0,1,7.469999999999999
2017,2017-11-25,Barclays Premier League,Swansea City,AFC Bournemouth,52.37,57.02,0.3918,0.2947,0.3135,1.27,1.1,0.0,0.0,1,4.650000000000006
2017,2017-11-25,Barclays Premier League,Manchester United,Brighton and Hove Albion,83.67,52.02,0.8228,0.1432,0.034,2.31,0.3,1.0,0.0,0,31.65
2017,2017-11-25,Barclays Premier League,Crystal Palace,Stoke City,57.19,59.56,0.4215,0.268,0.3105,1.51,1.26,2.0,1.0,0,2.3700000000000045
2017,2017-11-25,Barclays Premier League,Newcastle,Watford,54.47,59.81,0.3888,0.2795,0.3317,1.37,1.24,0.0,3.0,0,5.340000000000003
2017,2017-11-25,Barclays Premier League,Liverpool,Chelsea,82.48,84.01,0.4251,0.2425,0.3324,1.78,1.55,1.0,1.0,1,1.5300000000000011
2017,2017-11-25,Barclays Premier League,Tottenham Hotspur,West Bromwich Albion,83.88,52.93,0.8178,0.1479,0.0343,2.26,0.29,1.0,1.0,1,30.949999999999996
2017,2017-11-26,Barclays Premier League,Southampton,Everton,59.69,57.44,0.4673,0.2718,0.2608,1.53,1.08,4.0,1.0,0,2.25
2017,2017-11-26,Barclays Premier League,Burnley,Arsenal,60.94,79.26,0.2548,0.2633,0.4819,1.11,1.62,0.0,1.0,0,18.320000000000007
2017,2017-11-26,Barclays Premier League,Huddersfield Town,Manchester City,46.05,90.79,0.0605,0.14,0.7995,0.6,2.64,1.0,2.0,0,44.74000000000001
2017,2017-11-28,Barclays Premier League,West Bromwich Albion,Newcastle,53.94,52.42,0.4498,0.3011,0.2491,1.3,0.89,2.0,2.0,1,1.519999999999996
2017,2017-11-28,Barclays Premier League,Watford,Manchester United,61.87,83.06,0.2119,0.2419,0.5462,1.06,1.85,2.0,4.0,0,21.190000000000005
2017,2017-11-28,Barclays Premier League,Leicester City,Tottenham Hotspur,61.65,83.21,0.2104,0.2544,0.5352,0.98,1.71,2.0,1.0,0,21.559999999999995
2017,2017-11-28,Barclays Premier League,Brighton and Hove Albion,Crystal Palace,52.86,57.74,0.3881,0.3002,0.3117,1.23,1.07,0.0,0.0,1,4.880000000000003
2017,2017-11-29,Barclays Premier League,Arsenal,Huddersfield Town,80.11,46.69,0.8266,0.1354,0.038,2.45,0.36,5.0,0.0,0,33.42
2017,2017-11-29,Barclays Premier League,Chelsea,Swansea City,84.0,52.24,0.8256,0.1351,0.0393,2.47,0.38,1.0,0.0,0,31.759999999999998
2017,2017-11-29,Barclays Premier League,AFC Bournemouth,Burnley,57.19,59.75,0.4088,0.307,0.2842,1.22,0.97,1.0,2.0,0,2.5600000000000023
2017,2017-11-29,Barclays Premier League,Manchester City,Southampton,90.49,61.73,0.8402,0.1213,0.0386,2.68,0.43,2.0,1.0,0,28.759999999999998
2017,2017-11-29,Barclays Premier League,Stoke City,Liverpool,59.0,82.36,0.2023,0.2174,0.5803,1.2,2.15,0.0,3.0,0,23.36
2017,2017-11-29,Barclays Premier League,Everton,West Ham United,55.28,54.73,0.4545,0.2562,0.2893,1.67,1.28,4.0,0.0,0,0.5500000000000043
2017,2017-12-02,Barclays Premier League,Arsenal,Manchester United,81.46,82.94,0.4194,0.2585,0.3221,1.6,1.37,1.0,3.0,0,1.480000000000004
2017,2017-12-02,Barclays Premier League,Chelsea,Newcastle,83.79,53.22,0.8207,0.1334,0.0458,2.57,0.46,3.0,1.0,0,30.570000000000007
2017,2017-12-02,Barclays Premier League,Stoke City,Swansea City,57.76,52.42,0.495,0.2802,0.2247,1.48,0.9,2.0,1.0,0,5.339999999999996
2017,2017-12-02,Barclays Premier League,Everton,Huddersfield Town,57.16,44.99,0.5725,0.2495,0.178,1.74,0.86,2.0,0.0,0,12.169999999999995
2017,2017-12-02,Barclays Premier League,Brighton and Hove Albion,Liverpool,52.54,83.18,0.1533,0.2265,0.6202,0.85,1.95,1.0,5.0,0,30.640000000000008
2017,2017-12-02,Barclays Premier League,Leicester City,Burnley,62.21,60.57,0.453,0.2942,0.2528,1.35,0.93,1.0,0.0,0,1.6400000000000006
2017,2017-12-02,Barclays Premier League,West Bromwich Albion,Crystal Palace,53.11,58.09,0.387,0.3015,0.3115,1.22,1.06,0.0,0.0,1,4.980000000000004
2017,2017-12-02,Barclays Premier League,Watford,Tottenham Hotspur,62.27,82.89,0.2167,0.2374,0.5458,1.12,1.9,1.0,1.0,1,20.619999999999997
2017,2017-12-03,Barclays Premier League,Manchester City,West Ham United,89.8,52.86,0.8932,0.0824,0.0243,3.21,0.42,2.0,1.0,0,36.94
2017,2017-12-03,Barclays Premier League,AFC Bournemouth,Southampton,56.35,63.25,0.3701,0.2907,0.3392,1.25,1.19,1.0,1.0,1,6.899999999999999
2017,2017-12-09,Barclays Premier League,West Ham United,Chelsea,53.61,84.31,0.1454,0.1971,0.6575,0.99,2.3,1.0,0.0,0,30.700000000000003
2017,2017-12-09,Barclays Premier League,Crystal Palace,AFC Bournemouth,57.79,56.09,0.4571,0.2857,0.2572,1.41,0.99,2.0,2.0,1,1.6999999999999957
2017,2017-12-09,Barclays Premier League,Burnley,Watford,60.6,62.77,0.4206,0.2864,0.293,1.37,1.09,1.0,0.0,0,2.1700000000000017
2017,2017-12-09,Barclays Premier League,Huddersfield Town,Brighton and Hove Albion,44.44,51.9,0.3562,0.3298,0.314,1.02,0.94,2.0,0.0,0,7.460000000000001
2017,2017-12-09,Barclays Premier League,Tottenham Hotspur,Stoke City,82.78,58.26,0.7731,0.1601,0.0668,2.39,0.55,5.0,1.0,0,24.520000000000003
2017,2017-12-09,Barclays Premier League,Swansea City,West Bromwich Albion,51.93,53.41,0.4153,0.3214,0.2633,1.15,0.85,1.0,0.0,0,1.4799999999999969
2017,2017-12-09,Barclays Premier League,Newcastle,Leicester City,52.95,62.15,0.3498,0.2833,0.3669,1.26,1.3,2.0,3.0,0,9.199999999999996
2017,2017-12-10,Barclays Premier League,Southampton,Arsenal,63.49,83.74,0.2283,0.2341,0.5376,1.2,1.95,1.0,1.0,1,20.249999999999993
2017,2017-12-10,Barclays Premier League,Liverpool,Everton,85.45,58.88,0.8039,0.1302,0.0659,2.9,0.74,1.0,1.0,1,26.57
2017,2017-12-10,Barclays Premier League,Manchester United,Manchester City,82.58,89.17,0.3433,0.2477,0.409,1.53,1.69,1.0,2.0,0,6.590000000000003
2017,2017-12-12,Barclays Premier League,Burnley,Stoke City,60.54,57.43,0.4735,0.2814,0.2451,1.46,0.97,1.0,0.0,0,3.1099999999999994
2017,2017-12-12,Barclays Premier League,Huddersfield Town,Chelsea,46.7,83.85,0.1127,0.2005,0.6868,0.73,2.13,1.0,3.0,0,37.14999999999999
2017,2017-12-12,Barclays Premier League,Crystal Palace,Watford,58.57,62.8,0.4017,0.2718,0.3265,1.45,1.28,2.0,1.0,0,4.229999999999997
2017,2017-12-13,Barclays Premier League,Manchester United,AFC Bournemouth,82.0,55.3,0.7863,0.1502,0.0635,2.5,0.57,1.0,0.0,0,26.700000000000003
2017,2017-12-13,Barclays Premier League,Liverpool,West Bromwich Albion,85.0,52.77,0.8327,0.1269,0.0404,2.61,0.42,0.0,0.0,1,32.23
2017,2017-12-13,Barclays Premier League,Tottenham Hotspur,Brighton and Hove Albion,83.47,49.58,0.8382,0.1321,0.0297,2.4,0.28,2.0,0.0,0,33.89
2017,2017-12-13,Barclays Premier League,West Ham United,Arsenal,54.15,83.8,0.1556,0.1947,0.6497,1.09,2.38,0.0,0.0,1,29.65
2017,2017-12-13,Barclays Premier League,Swansea City,Manchester City,52.61,89.57,0.097,0.1811,0.7219,0.71,2.3,0.0,4.0,0,36.959999999999994
2017,2017-12-13,Barclays Premier League,Newcastle,Everton,52.53,59.46,0.3758,0.2671,0.3571,1.44,1.4,0.0,1.0,0,6.93
2017,2017-12-13,Barclays Premier League,Southampton,Leicester City,63.34,62.55,0.4502,0.2819,0.2679,1.43,1.04,1.0,4.0,0,0.7900000000000063
2017,2017-12-16,Barclays Premier League,Brighton and Hove Albion,Burnley,49.79,60.33,0.3261,0.3351,0.3388,0.95,0.97,0.0,0.0,1,10.54
2017,2017-12-16,Barclays Premier League,Leicester City,Crystal Palace,64.91,58.91,0.5076,0.2623,0.2302,1.64,1.02,0.0,3.0,0,6.0
2017,2017-12-16,Barclays Premier League,Arsenal,Newcastle,83.9,51.79,0.8335,0.1209,0.0457,2.79,0.52,1.0,0.0,0,32.11000000000001
2017,2017-12-16,Barclays Premier League,Watford,Huddersfield Town,62.45,46.6,0.6052,0.2461,0.1488,1.74,0.73,1.0,4.0,0,15.850000000000001
2017,2017-12-16,Barclays Premier League,Stoke City,West Ham United,57.64,53.81,0.4854,0.2622,0.2523,1.63,1.1,0.0,3.0,0,3.8299999999999983
2017,2017-12-16,Barclays Premier League,Chelsea,Southampton,83.94,61.07,0.7586,0.1671,0.0743,2.35,0.59,1.0,0.0,0,22.869999999999997
2017,2017-12-16,Barclays Premier League,Manchester City,Tottenham Hotspur,90.4,83.3,0.5701,0.2314,0.1985,1.96,1.07,4.0,1.0,0,7.1000000000000085
2017,2017-12-17,Barclays Premier League,West Bromwich Albion,Manchester United,53.5,81.4,0.1737,0.2488,0.5774,0.84,1.75,1.0,2.0,0,27.900000000000006
2017,2017-12-17,Barclays Premier League,AFC Bournemouth,Liverpool,56.02,84.38,0.1619,0.2078,0.6303,1.02,2.2,0.0,4.0,0,28.359999999999992
2017,2017-12-18,Barclays Premier League,Everton,Swansea City,60.22,51.0,0.5342,0.2734,0.1924,1.54,0.81,3.0,1.0,0,9.219999999999999
2017,2017-12-22,Barclays Premier League,Arsenal,Liverpool,83.86,85.7,0.4218,0.2408,0.3374,1.8,1.59,3.0,3.0,1,1.8400000000000034
2017,2017-12-23,Barclays Premier League,Burnley,Tottenham Hotspur,60.32,82.23,0.2144,0.2783,0.5073,0.87,1.5,0.0,3.0,0,21.910000000000004
2017,2017-12-23,Barclays Premier League,Stoke City,West Bromwich Albion,55.17,54.13,0.4517,0.2866,0.2617,1.4,1.0,3.0,1.0,0,1.0399999999999991
2017,2017-12-23,Barclays Premier League,Leicester City,Manchester United,62.3,80.93,0.2429,0.246,0.5111,1.18,1.81,2.0,2.0,1,18.63000000000001
2017,2017-12-23,Barclays Premier League,Swansea City,Crystal Palace,50.19,61.56,0.3246,0.3049,0.3705,1.08,1.17,1.0,1.0,1,11.370000000000005
2017,2017-12-23,Barclays Premier League,Brighton and Hove Albion,Watford,49.82,58.74,0.3503,0.2895,0.3602,1.22,1.24,1.0,0.0,0,8.920000000000002
2017,2017-12-23,Barclays Premier League,Southampton,Huddersfield Town,61.11,50.18,0.55,0.272,0.1779,1.55,0.75,1.0,1.0,1,10.93
2017,2017-12-23,Barclays Premier League,West Ham United,Newcastle,56.24,51.76,0.488,0.2738,0.2382,1.53,0.98,2.0,3.0,0,4.480000000000004
2017,2017-12-23,Barclays Premier League,Manchester City,AFC Bournemouth,91.23,53.98,0.9011,0.0784,0.0205,3.19,0.36,4.0,0.0,0,37.25000000000001
2017,2017-12-23,Barclays Premier League,Everton,Chelsea,61.04,83.82,0.1995,0.2263,0.5742,1.11,2.03,0.0,0.0,1,22.779999999999994
2017,2017-12-26,Barclays Premier League,Liverpool,Swansea City,86.14,49.71,0.8649,0.1078,0.0273,2.73,0.33,5.0,0.0,0,36.43
2017,2017-12-26,Barclays Premier League,Watford,Leicester City,57.56,62.86,0.3927,0.2597,0.3475,1.54,1.43,2.0,1.0,0,5.299999999999997
2017,2017-12-26,Barclays Premier League,Manchester United,Burnley,80.6,58.19,0.6868,0.2149,0.0983,1.92,0.57,2.0,2.0,1,22.409999999999997
2017,2017-12-26,Barclays Premier League,AFC Bournemouth,West Ham United,53.76,55.43,0.4264,0.2752,0.2985,1.46,1.18,3.0,3.0,1,1.6700000000000017
2017,2017-12-26,Barclays Premier League,Huddersfield Town,Stoke City,50.71,55.1,0.3971,0.2776,0.3253,1.39,1.24,1.0,1.0,1,4.390000000000001
2017,2017-12-26,Barclays Premier League,West Bromwich Albion,Everton,54.15,60.34,0.3769,0.295,0.3282,1.24,1.14,0.0,0.0,1,6.190000000000005
2017,2017-12-26,Barclays Premier League,Tottenham Hotspur,Southampton,83.79,60.58,0.7602,0.1707,0.0691,2.27,0.52,5.0,2.0,0,23.210000000000008
2017,2017-12-26,Barclays Premier League,Chelsea,Brighton and Hove Albion,84.11,50.95,0.8335,0.1371,0.0293,2.34,0.26,2.0,0.0,0,33.16
2017,2017-12-27,Barclays Premier League,Newcastle,Manchester City,52.51,91.28,0.0777,0.1422,0.7801,0.79,2.8,0.0,1.0,0,38.77
2017,2017-12-28,Barclays Premier League,Crystal Palace,Arsenal,62.04,83.64,0.2152,0.2286,0.5563,1.18,2.01,2.0,3.0,0,21.6
2017,2017-12-30,Barclays Premier League,Liverpool,Leicester City,86.8,62.56,0.7889,0.1401,0.0711,2.76,0.73,2.0,1.0,0,24.239999999999995
2017,2017-12-30,Barclays Premier League,Manchester United,Southampton,79.94,60.58,0.6731,0.1989,0.128,2.21,0.85,0.0,0.0,1,19.36
2017,2017-12-30,Barclays Premier League,Watford,Swansea City,57.88,48.76,0.5372,0.2651,0.1977,1.61,0.87,1.0,2.0,0,9.120000000000005
2017,2017-12-30,Barclays Premier League,Chelsea,Stoke City,84.32,55.25,0.8182,0.1301,0.0517,2.71,0.55,5.0,0.0,0,29.069999999999993
2017,2017-12-30,Barclays Premier League,Newcastle,Brighton and Hove Albion,51.93,50.65,0.4489,0.3049,0.2462,1.28,0.87,0.0,0.0,1,1.2800000000000011
2017,2017-12-30,Barclays Premier League,AFC Bournemouth,Everton,54.28,60.05,0.386,0.2736,0.3403,1.41,1.3,2.0,1.0,0,5.769999999999996
2017,2017-12-30,Barclays Premier League,Huddersfield Town,Burnley,50.58,59.21,0.3472,0.3227,0.33,1.04,1.0,0.0,0.0,1,8.630000000000003
2017,2017-12-31,Barclays Premier League,Crystal Palace,Manchester City,62.21,91.43,0.1216,0.1836,0.6947,0.9,2.4,0.0,0.0,1,29.220000000000006
2017,2017-12-31,Barclays Premier League,West Bromwich Albion,Arsenal,54.44,83.65,0.1629,0.2222,0.6149,0.93,2.02,1.0,1.0,1,29.210000000000008
2017,2018-01-01,Barclays Premier League,Brighton and Hove Albion,AFC Bournemouth,51.13,55.54,0.3902,0.304,0.3058,1.21,1.03,2.0,2.0,1,4.409999999999997
2017,2018-01-01,Barclays Premier League,Burnley,Liverpool,60.12,86.48,0.1736,0.233,0.5934,0.92,1.91,1.0,2.0,0,26.360000000000007
2017,2018-01-01,Barclays Premier League,Leicester City,Huddersfield Town,63.07,49.67,0.5801,0.2536,0.1664,1.7,0.78,3.0,0.0,0,13.399999999999999
2017,2018-01-01,Barclays Premier League,Stoke City,Newcastle,53.59,51.53,0.4679,0.2669,0.2652,1.57,1.12,0.0,1.0,0,2.0600000000000023
2017,2018-01-01,Barclays Premier League,Everton,Manchester United,58.82,79.49,0.2309,0.2434,0.5257,1.14,1.84,0.0,2.0,0,20.669999999999995
2017,2018-01-02,Barclays Premier League,Swansea City,Tottenham Hotspur,50.13,84.06,0.1299,0.2121,0.658,0.78,2.05,0.0,2.0,0,33.93
2017,2018-01-02,Barclays Premier League,West Ham United,West Bromwich Albion,54.82,55.31,0.4364,0.2874,0.2763,1.38,1.04,2.0,1.0,0,0.490000000000002
2017,2018-01-02,Barclays Premier League,Southampton,Crystal Palace,60.97,62.85,0.4225,0.281,0.2965,1.41,1.13,1.0,2.0,0,1.8800000000000026
2017,2018-01-02,Barclays Premier League,Manchester City,Watford,91.0,56.42,0.89,0.0848,0.0252,3.17,0.42,3.0,1.0,0,34.58
2017,2018-01-03,Barclays Premier League,Arsenal,Chelsea,83.02,85.34,0.4013,0.2487,0.35,1.67,1.54,2.0,2.0,1,2.3200000000000074
2017,2018-01-04,Barclays Premier League,Tottenham Hotspur,West Ham United,84.44,55.62,0.8166,0.1297,0.0537,2.74,0.58,1.0,1.0,1,28.82
2017,2018-01-13,Barclays Premier League,Watford,Southampton,57.42,59.7,0.4227,0.2645,0.3128,1.55,1.3,2.0,2.0,1,2.280000000000001
2017,2018-01-13,Barclays Premier League,Newcastle,Swansea City,52.78,49.47,0.4668,0.3074,0.2258,1.28,0.79,1.0,1.0,1,3.3100000000000023
2017,2018-01-13,Barclays Premier League,Chelsea,Leicester City,85.6,64.31,0.7571,0.1651,0.0779,2.4,0.63,0.0,0.0,1,21.289999999999992
2017,2018-01-13,Barclays Premier League,Tottenham Hotspur,Everton,83.8,58.39,0.7813,0.1554,0.0633,2.43,0.54,4.0,0.0,0,25.409999999999997
2017,2018-01-13,Barclays Premier League,West Bromwich Albion,Brighton and Hove Albion,54.56,51.04,0.462,0.3241,0.2139,1.19,0.71,2.0,0.0,0,3.520000000000003
2017,2018-01-13,Barclays Premier League,Huddersfield Town,West Ham United,48.44,56.55,0.3581,0.2876,0.3543,1.25,1.24,1.0,4.0,0,8.11
2017,2018-01-13,Barclays Premier League,Crystal Palace,Burnley,64.1,60.47,0.4705,0.2995,0.23,1.33,0.84,1.0,0.0,0,3.6299999999999955
2017,2018-01-14,Barclays Premier League,AFC Bournemouth,Arsenal,55.56,82.93,0.1723,0.1941,0.6335,1.22,2.45,2.0,1.0,0,27.370000000000005
2017,2018-01-14,Barclays Premier League,Liverpool,Manchester City,86.29,90.58,0.3596,0.2424,0.3981,1.64,1.73,4.0,3.0,0,4.289999999999992
2017,2018-01-15,Barclays Premier League,Manchester United,Stoke City,79.76,52.31,0.7891,0.1448,0.0661,2.62,0.63,3.0,0.0,0,27.450000000000003
2017,2018-01-20,Barclays Premier League,Manchester City,Newcastle,90.38,52.25,0.8981,0.0838,0.018,2.99,0.28,3.0,1.0,0,38.129999999999995
2017,2018-01-20,Barclays Premier League,Stoke City,Huddersfield Town,52.39,46.71,0.5043,0.2701,0.2256,1.56,0.96,2.0,0.0,0,5.68
2017,2018-01-20,Barclays Premier League,West Ham United,AFC Bournemouth,58.33,57.1,0.4625,0.2507,0.2869,1.73,1.32,1.0,1.0,1,1.2299999999999969
2017,2018-01-20,Barclays Premier League,Leicester City,Watford,65.63,57.93,0.5334,0.2413,0.2253,1.86,1.13,2.0,0.0,0,7.699999999999996
2017,2018-01-20,Barclays Premier League,Arsenal,Crystal Palace,81.81,64.12,0.6599,0.1983,0.1418,2.27,0.95,4.0,1.0,0,17.689999999999998
2017,2018-01-20,Barclays Premier League,Everton,West Bromwich Albion,56.9,55.56,0.4505,0.2969,0.2526,1.33,0.92,1.0,1.0,1,1.3399999999999963
2017,2018-01-20,Barclays Premier League,Brighton and Hove Albion,Chelsea,50.02,84.59,0.1238,0.2187,0.6575,0.71,1.96,0.0,4.0,0,34.57
2017,2018-01-20,Barclays Premier League,Burnley,Manchester United,60.44,79.71,0.2437,0.28,0.4763,0.97,1.47,0.0,1.0,0,19.269999999999996
2017,2018-01-21,Barclays Premier League,Southampton,Tottenham Hotspur,59.22,84.81,0.177,0.2242,0.5988,1.0,2.02,1.0,1.0,1,25.590000000000003
2017,2018-01-22,Barclays Premier League,Swansea City,Liverpool,49.97,86.79,0.1086,0.1795,0.7119,0.82,2.39,1.0,0.0,0,36.82000000000001
2017,2018-01-30,Barclays Premier League,West Ham United,Crystal Palace,58.2,63.1,0.3948,0.2669,0.3383,1.48,1.35,1.0,1.0,1,4.899999999999999
2017,2018-01-30,Barclays Premier League,Swansea City,Arsenal,50.42,82.71,0.1458,0.2069,0.6473,0.92,2.17,3.0,1.0,0,32.28999999999999
2017,2018-01-30,Barclays Premier League,Huddersfield Town,Liverpool,45.81,86.44,0.0906,0.1638,0.7456,0.76,2.52,0.0,3.0,0,40.629999999999995
2017,2018-01-31,Barclays Premier League,Stoke City,Watford,53.41,57.44,0.4076,0.2555,0.337,1.61,1.44,0.0,0.0,1,4.030000000000001
2017,2018-01-31,Barclays Premier League,Manchester City,West Bromwich Albion,90.09,55.97,0.8688,0.1069,0.0243,2.69,0.29,3.0,0.0,0,34.120000000000005
2017,2018-01-31,Barclays Premier League,Tottenham Hotspur,Manchester United,84.56,79.71,0.5206,0.248,0.2313,1.78,1.11,2.0,0.0,0,4.8500000000000085
2017,2018-01-31,Barclays Premier League,Southampton,Brighton and Hove Albion,59.56,49.47,0.5415,0.275,0.1834,1.53,0.77,1.0,1.0,1,10.090000000000003
2017,2018-01-31,Barclays Premier League,Newcastle,Burnley,52.98,60.33,0.3592,0.3219,0.3189,1.06,0.98,1.0,1.0,1,7.350000000000001
2017,2018-01-31,Barclays Premier League,Everton,Leicester City,56.48,66.05,0.3458,0.2766,0.3776,1.3,1.37,2.0,1.0,0,9.57
2017,2018-01-31,Barclays Premier League,Chelsea,AFC Bournemouth,84.98,57.23,0.8084,0.1385,0.0532,2.58,0.52,0.0,3.0,0,27.750000000000007
2017,2018-02-03,Barclays Premier League,Burnley,Manchester City,59.84,90.45,0.1259,0.2112,0.6629,0.76,2.05,1.0,1.0,1,30.61
2017,2018-02-03,Barclays Premier League,West Bromwich Albion,Southampton,55.2,59.11,0.3966,0.3049,0.2985,1.21,1.01,2.0,3.0,0,3.9099999999999966
2017,2018-02-03,Barclays Premier League,AFC Bournemouth,Stoke City,60.64,52.98,0.5279,0.2475,0.2246,1.79,1.09,2.0,1.0,0,7.660000000000004
2017,2018-02-03,Barclays Premier League,Brighton and Hove Albion,West Ham United,49.9,58.16,0.3565,0.2914,0.3521,1.22,1.21,3.0,1.0,0,8.259999999999998
2017,2018-02-03,Barclays Premier League,Manchester United,Huddersfield Town,78.85,44.87,0.8268,0.1402,0.033,2.34,0.29,2.0,0.0,0,33.98
2017,2018-02-03,Barclays Premier League,Leicester City,Swansea City,65.52,52.9,0.5693,0.2636,0.1671,1.61,0.74,1.0,1.0,1,12.619999999999997
2017,2018-02-03,Barclays Premier League,Arsenal,Everton,80.92,57.06,0.7596,0.1518,0.0885,2.72,0.84,5.0,1.0,0,23.86
2017,2018-02-04,Barclays Premier League,Crystal Palace,Newcastle,63.12,53.5,0.5425,0.2607,0.1968,1.65,0.88,1.0,1.0,1,9.619999999999997
2017,2018-02-04,Barclays Premier League,Liverpool,Tottenham Hotspur,86.98,85.16,0.4718,0.2439,0.2843,1.82,1.37,2.0,2.0,1,1.8200000000000074
2017,2018-02-05,Barclays Premier League,Watford,Chelsea,57.9,82.8,0.1872,0.2229,0.5899,1.07,2.05,4.0,1.0,0,24.9
2017,2018-02-10,Barclays Premier League,Swansea City,Burnley,53.35,60.57,0.3563,0.3364,0.3073,1.0,0.9,1.0,0.0,0,7.219999999999999
2017,2018-02-10,Barclays Premier League,Manchester City,Leicester City,90.09,65.07,0.8136,0.1323,0.0541,2.7,0.56,5.0,1.0,0,25.02000000000001
2017,2018-02-10,Barclays Premier League,Stoke City,Brighton and Hove Albion,52.95,51.6,0.4555,0.2856,0.2589,1.41,0.99,1.0,1.0,1,1.3500000000000014
2017,2018-02-10,Barclays Premier League,West Ham United,Watford,56.36,61.39,0.3973,0.254,0.3487,1.6,1.49,2.0,0.0,0,5.030000000000001
2017,2018-02-10,Barclays Premier League,Everton,Crystal Palace,56.54,62.98,0.3785,0.2733,0.3483,1.39,1.33,3.0,1.0,0,6.439999999999998
2017,2018-02-10,Barclays Premier League,Tottenham Hotspur,Arsenal,85.66,81.41,0.5416,0.2204,0.238,2.15,1.38,1.0,0.0,0,4.25
2017,2018-02-11,Barclays Premier League,Huddersfield Town,AFC Bournemouth,44.49,60.67,0.2822,0.2863,0.4315,1.06,1.38,4.0,1.0,0,16.18
2017,2018-02-11,Barclays Premier League,Newcastle,Manchester United,53.66,79.14,0.194,0.2414,0.5646,0.98,1.84,1.0,0.0,0,25.480000000000004
2017,2018-02-11,Barclays Premier League,Southampton,Liverpool,59.95,86.56,0.1652,0.1992,0.6356,1.12,2.34,0.0,2.0,0,26.61
2017,2018-02-12,Barclays Premier League,Chelsea,West Bromwich Albion,80.44,54.39,0.7685,0.1701,0.0614,2.22,0.46,3.0,0.0,0,26.049999999999997
2017,2018-02-24,Barclays Premier League,Watford,Everton,60.52,57.58,0.4798,0.2517,0.2686,1.73,1.24,1.0,0.0,0,2.940000000000005
2017,2018-02-24,Barclays Premier League,AFC Bournemouth,Newcastle,57.47,54.34,0.4791,0.2609,0.2601,1.64,1.14,2.0,2.0,1,3.1299999999999955
2017,2018-02-24,Barclays Premier League,Burnley,Southampton,59.55,59.34,0.439,0.3012,0.2598,1.29,0.92,1.0,1.0,1,0.20999999999999375
2017,2018-02-24,Barclays Premier League,West Bromwich Albion,Huddersfield Town,53.73,47.46,0.4949,0.3035,0.2016,1.32,0.73,1.0,2.0,0,6.269999999999996
2017,2018-02-24,Barclays Premier League,Liverpool,West Ham United,88.57,57.23,0.8544,0.1034,0.0423,3.12,0.6,4.0,1.0,0,31.339999999999996
2017,2018-02-24,Barclays Premier League,Brighton and Hove Albion,Swansea City,52.35,54.4,0.4098,0.3231,0.267,1.14,0.86,4.0,1.0,0,2.049999999999997
2017,2018-02-24,Barclays Premier League,Leicester City,Stoke City,64.35,52.18,0.5745,0.2398,0.1857,1.85,0.95,1.0,1.0,1,12.169999999999995
2017,2018-02-25,Barclays Premier League,Crystal Palace,Tottenham Hotspur,62.0,86.46,0.1772,0.2239,0.5989,1.0,2.02,0.0,1.0,0,24.459999999999994
2017,2018-02-25,Barclays Premier League,Manchester United,Chelsea,78.4,81.04,0.4138,0.2682,0.318,1.5,1.28,2.0,1.0,0,2.6400000000000006
2017,2018-03-01,Barclays Premier League,Arsenal,Manchester City,80.23,91.2,0.2606,0.2147,0.5247,1.57,2.26,0.0,3.0,0,10.969999999999999
2017,2018-03-03,Barclays Premier League,Liverpool,Newcastle,88.79,55.18,0.8653,0.1004,0.0343,3.02,0.48,2.0,0.0,0,33.61000000000001
2017,2018-03-03,Barclays Premier League,Southampton,Stoke City,59.57,52.65,0.5167,0.2585,0.2247,1.67,1.02,0.0,0.0,1,6.920000000000002
2017,2018-03-03,Barclays Premier League,Tottenham Hotspur,Huddersfield Town,86.87,48.75,0.8793,0.103,0.0177,2.63,0.21,2.0,0.0,0,38.120000000000005
2017,2018-03-03,Barclays Premier League,Watford,West Bromwich Albion,60.55,52.39,0.5265,0.2662,0.2073,1.6,0.9,1.0,0.0,0,8.159999999999997
2017,2018-03-03,Barclays Premier League,Leicester City,AFC Bournemouth,63.89,56.59,0.5278,0.2435,0.2288,1.84,1.13,1.0,1.0,1,7.299999999999997
2017,2018-03-03,Barclays Premier League,Burnley,Everton,59.34,57.53,0.456,0.2955,0.2486,1.34,0.91,2.0,1.0,0,1.8100000000000023
2017,2018-03-03,Barclays Premier League,Swansea City,West Ham United,51.86,56.89,0.3904,0.2822,0.3273,1.35,1.21,4.0,1.0,0,5.030000000000001
2017,2018-03-04,Barclays Premier League,Brighton and Hove Albion,Arsenal,54.82,79.44,0.2053,0.2249,0.5699,1.16,2.05,2.0,1.0,0,24.619999999999997
2017,2018-03-04,Barclays Premier League,Manchester City,Chelsea,91.52,80.94,0.6392,0.2056,0.1551,2.21,0.99,1.0,0.0,0,10.579999999999998
2017,2018-03-05,Barclays Premier League,Crystal Palace,Manchester United,61.06,78.58,0.2569,0.2645,0.4786,1.11,1.6,2.0,3.0,0,17.519999999999996
2017,2018-03-10,Barclays Premier League,Manchester United,Liverpool,78.99,88.25,0.3149,0.2514,0.4337,1.41,1.69,2.0,1.0,0,9.260000000000005
2017,2018-03-10,Barclays Premier League,Huddersfield Town,Swansea City,48.81,53.87,0.3829,0.314,0.3031,1.14,0.98,0.0,0.0,1,5.059999999999995
2017,2018-03-10,Barclays Premier League,Newcastle,Southampton,55.28,59.27,0.4006,0.2864,0.313,1.34,1.15,3.0,0.0,0,3.990000000000002
2017,2018-03-10,Barclays Premier League,Everton,Brighton and Hove Albion,56.98,56.12,0.4522,0.2747,0.2731,1.49,1.1,2.0,0.0,0,0.8599999999999994
2017,2018-03-10,Barclays Premier League,West Bromwich Albion,Leicester City,52.42,63.8,0.3262,0.296,0.3778,1.13,1.23,1.0,4.0,0,11.379999999999995
2017,2018-03-10,Barclays Premier League,West Ham United,Burnley,54.76,59.87,0.3896,0.286,0.3244,1.32,1.18,0.0,3.0,0,5.109999999999999
2017,2018-03-10,Barclays Premier League,Chelsea,Crystal Palace,80.56,60.69,0.6792,0.2019,0.1189,2.14,0.76,2.0,1.0,0,19.870000000000005
2017,2018-03-11,Barclays Premier League,Arsenal,Watford,79.32,60.53,0.6694,0.1887,0.1419,2.42,1.03,3.0,0.0,0,18.789999999999992
2017,2018-03-11,Barclays Premier League,AFC Bournemouth,Tottenham Hotspur,56.69,86.83,0.1355,0.1894,0.6751,0.97,2.38,1.0,4.0,0,30.14
2017,2018-03-12,Barclays Premier League,Stoke City,Manchester City,52.97,90.64,0.0854,0.1565,0.7581,0.76,2.6,0.0,2.0,0,37.67
2017,2018-03-17,Barclays Premier League,Liverpool,Watford,88.03,60.08,0.8244,0.1247,0.0509,2.8,0.57,5.0,0.0,0,27.950000000000003
2017,2018-03-17,Barclays Premier League,Stoke City,Everton,52.37,58.34,0.3828,0.2785,0.3387,1.36,1.27,1.0,2.0,0,5.970000000000006
2017,2018-03-17,Barclays Premier League,AFC Bournemouth,West Bromwich Albion,56.31,50.44,0.5084,0.2584,0.2332,1.67,1.05,2.0,1.0,0,5.8700000000000045
2017,2018-03-17,Barclays Premier League,Huddersfield Town,Crystal Palace,49.91,60.51,0.3338,0.2946,0.3717,1.15,1.23,0.0,2.0,0,10.600000000000001
2017,2018-03-31,Barclays Premier League,Crystal Palace,Liverpool,62.98,88.76,0.1587,0.2006,0.6407,1.06,2.3,1.0,2.0,0,25.78000000000001
2017,2018-03-31,Barclays Premier League,Newcastle,Huddersfield Town,57.12,47.48,0.5341,0.2846,0.1813,1.45,0.72,1.0,0.0,0,9.64
2017,2018-03-31,Barclays Premier League,Brighton and Hove Albion,Leicester City,54.79,65.74,0.3318,0.2857,0.3825,1.2,1.31,0.0,2.0,0,10.949999999999996
2017,2018-03-31,Barclays Premier League,Watford,AFC Bournemouth,58.75,55.9,0.4797,0.248,0.2723,1.78,1.29,2.0,2.0,1,2.8500000000000014
2017,2018-03-31,Barclays Premier League,West Bromwich Albion,Burnley,50.82,61.68,0.3263,0.3205,0.3532,1.01,1.06,1.0,2.0,0,10.86
2017,2018-03-31,Barclays Premier League,Manchester United,Swansea City,78.47,52.82,0.761,0.1754,0.0636,2.17,0.46,2.0,0.0,0,25.65
2017,2018-03-31,Barclays Premier League,West Ham United,Southampton,52.78,57.43,0.4002,0.2647,0.3351,1.51,1.36,3.0,0.0,0,4.649999999999999
2017,2018-03-31,Barclays Premier League,Everton,Manchester City,59.77,90.81,0.113,0.1752,0.7118,0.89,2.49,1.0,3.0,0,31.04
2017,2018-04-01,Barclays Premier League,Arsenal,Stoke City,80.25,50.94,0.8017,0.1352,0.0631,2.76,0.66,3.0,0.0,0,29.310000000000002
2017,2018-04-01,Barclays Premier League,Chelsea,Tottenham Hotspur,80.79,87.1,0.3469,0.2643,0.3888,1.39,1.49,1.0,3.0,0,6.309999999999988
2017,2018-04-07,Barclays Premier League,Manchester City,Manchester United,90.2,78.9,0.6337,0.2166,0.1497,2.05,0.88,2.0,3.0,0,11.299999999999997
2017,2018-04-07,Barclays Premier League,Stoke City,Tottenham Hotspur,50.3,87.64,0.0991,0.1784,0.7225,0.75,2.35,1.0,2.0,0,37.34
2017,2018-04-07,Barclays Premier League,Brighton and Hove Albion,Huddersfield Town,53.87,46.76,0.5039,0.3034,0.1927,1.32,0.7,1.0,1.0,1,7.109999999999999
2017,2018-04-07,Barclays Premier League,Watford,Burnley,58.04,62.32,0.3941,0.2937,0.3121,1.28,1.1,1.0,2.0,0,4.280000000000001
2017,2018-04-07,Barclays Premier League,AFC Bournemouth,Crystal Palace,56.64,63.23,0.3805,0.2523,0.3672,1.58,1.55,2.0,2.0,1,6.589999999999996
2017,2018-04-07,Barclays Premier League,Leicester City,Newcastle,66.61,57.9,0.5344,0.2624,0.2032,1.63,0.9,1.0,2.0,0,8.71
2017,2018-04-07,Barclays Premier League,Everton,Liverpool,59.82,89.26,0.1317,0.1811,0.6872,1.01,2.5,0.0,0.0,1,29.440000000000005
2017,2018-04-07,Barclays Premier League,West Bromwich Albion,Swansea City,50.14,52.25,0.4137,0.3086,0.2777,1.22,0.94,1.0,1.0,1,2.1099999999999994
2017,2018-04-08,Barclays Premier League,Arsenal,Southampton,81.8,55.89,0.7782,0.1453,0.0764,2.72,0.75,3.0,2.0,0,25.909999999999997
2017,2018-04-08,Barclays Premier League,Chelsea,West Ham United,80.21,54.39,0.7784,0.1484,0.0732,2.63,0.69,1.0,1.0,1,25.819999999999993
2017,2018-04-14,Barclays Premier League,Tottenham Hotspur,Manchester City,86.93,89.53,0.4029,0.2587,0.3384,1.57,1.42,1.0,3.0,0,2.5999999999999943
2017,2018-04-14,Barclays Premier League,Liverpool,AFC Bournemouth,89.16,57.22,0.8668,0.0962,0.037,3.19,0.57,3.0,0.0,0,31.939999999999998
2017,2018-04-14,Barclays Premier League,Swansea City,Everton,51.96,60.11,0.3583,0.2917,0.35,1.22,1.21,1.0,1.0,1,8.149999999999999
2017,2018-04-14,Barclays Premier League,Huddersfield Town,Watford,47.41,57.49,0.3376,0.2958,0.3666,1.15,1.21,1.0,0.0,0,10.080000000000005
2017,2018-04-14,Barclays Premier League,Crystal Palace,Brighton and Hove Albion,62.7,53.15,0.5425,0.2579,0.1996,1.68,0.91,3.0,2.0,0,9.550000000000004
2017,2018-04-14,Barclays Premier League,Southampton,Chelsea,57.7,80.0,0.2164,0.2402,0.5434,1.1,1.87,2.0,3.0,0,22.299999999999997
2017,2018-04-14,Barclays Premier League,Burnley,Leicester City,62.84,65.71,0.4104,0.2965,0.2931,1.28,1.04,2.0,1.0,0,2.8699999999999903
2017,2018-04-15,Barclays Premier League,Newcastle,Arsenal,58.83,80.46,0.2283,0.2244,0.5473,1.29,2.08,2.0,1.0,0,21.629999999999995
2017,2018-04-15,Barclays Premier League,Manchester United,West Bromwich Albion,79.93,50.44,0.7981,0.1505,0.0514,2.39,0.44,0.0,1.0,0,29.49000000000001
2017,2018-04-16,Barclays Premier League,West Ham United,Stoke City,54.63,51.58,0.479,0.2612,0.2598,1.63,1.14,1.0,1.0,1,3.0500000000000043
2017,2018-04-17,Barclays Premier League,Brighton and Hove Albion,Tottenham Hotspur,53.3,85.93,0.1297,0.2022,0.6681,0.84,2.17,1.0,1.0,1,32.63000000000001
2017,2018-04-18,Barclays Premier League,AFC Bournemouth,Manchester United,56.89,78.5,0.2227,0.2246,0.5527,1.25,2.08,0.0,2.0,0,21.61
2017,2018-04-19,Barclays Premier League,Burnley,Chelsea,62.62,79.75,0.2627,0.2712,0.4661,1.09,1.53,1.0,2.0,0,17.130000000000003
2017,2018-04-19,Barclays Premier League,Leicester City,Southampton,65.97,58.14,0.53,0.2523,0.2177,1.74,1.02,0.0,0.0,1,7.829999999999998
2017,2018-04-21,Barclays Premier League,Watford,Crystal Palace,56.57,62.57,0.3858,0.2625,0.3517,1.5,1.42,0.0,0.0,1,6.0
2017,2018-04-21,Barclays Premier League,West Bromwich Albion,Liverpool,52.23,89.26,0.0956,0.1776,0.7268,0.72,2.34,2.0,2.0,1,37.03000000000001
2017,2018-04-22,Barclays Premier League,Arsenal,West Ham United,79.85,54.32,0.776,0.1386,0.0854,2.97,0.93,4.0,1.0,0,25.529999999999994
2017,2018-04-22,Barclays Premier League,Stoke City,Burnley,51.89,61.77,0.3391,0.3043,0.3566,1.11,1.15,1.0,1.0,1,9.880000000000003
2017,2018-04-22,Barclays Premier League,Manchester City,Swansea City,90.46,52.2,0.8978,0.0854,0.0168,2.92,0.25,5.0,0.0,0,38.25999999999999
2017,2018-04-23,Barclays Premier League,Everton,Newcastle,59.86,59.56,0.445,0.2779,0.2771,1.46,1.09,1.0,0.0,0,0.29999999999999716
2017,2018-04-28,Barclays Premier League,Swansea City,Chelsea,50.95,80.41,0.1655,0.2295,0.605,0.9,1.94,0.0,1.0,0,29.459999999999994
2017,2018-04-28,Barclays Premier League,Crystal Palace,Leicester City,62.7,65.47,0.4139,0.2733,0.3128,1.46,1.23,5.0,0.0,0,2.769999999999996
2017,2018-04-28,Barclays Premier League,Southampton,AFC Bournemouth,58.58,56.3,0.472,0.2548,0.2732,1.7,1.23,2.0,1.0,0,2.280000000000001
2017,2018-04-28,Barclays Premier League,Newcastle,West Bromwich Albion,59.33,54.47,0.487,0.2883,0.2247,1.41,0.87,0.0,1.0,0,4.859999999999999
2017,2018-04-28,Barclays Premier League,Burnley,Brighton and Hove Albion,61.98,53.95,0.518,0.2871,0.1949,1.43,0.76,0.0,0.0,1,8.029999999999994
2017,2018-04-28,Barclays Premier League,Liverpool,Stoke City,88.84,51.67,0.8861,0.0893,0.0246,3.04,0.38,0.0,0.0,1,37.17
2017,2018-04-28,Barclays Premier League,Huddersfield Town,Everton,48.33,60.07,0.3209,0.3035,0.3756,1.07,1.19,0.0,2.0,0,11.740000000000002
2017,2018-04-29,Barclays Premier League,West Ham United,Manchester City,53.92,91.08,0.0822,0.1384,0.7793,0.89,2.93,1.0,4.0,0,37.16
2017,2018-04-29,Barclays Premier League,Manchester United,Arsenal,78.86,81.18,0.4371,0.235,0.3279,1.89,1.62,2.0,1.0,0,2.3200000000000074
2017,2018-04-30,Barclays Premier League,Tottenham Hotspur,Watford,85.49,56.39,0.8171,0.1361,0.0467,2.54,0.45,2.0,0.0,0,29.099999999999994
2017,2018-05-04,Barclays Premier League,Brighton and Hove Albion,Manchester United,54.11,79.39,0.1951,0.2516,0.5533,0.93,1.74,1.0,0.0,0,25.28
2017,2018-05-05,Barclays Premier League,AFC Bournemouth,Swansea City,56.28,50.48,0.5064,0.2626,0.231,1.63,1.02,1.0,0.0,0,5.800000000000004
2017,2018-05-05,Barclays Premier League,Everton,Southampton,61.47,58.6,0.4732,0.2717,0.2552,1.54,1.06,1.0,1.0,1,2.8699999999999974
2017,2018-05-05,Barclays Premier League,Leicester City,West Ham United,62.77,53.38,0.5476,0.2412,0.2113,1.86,1.07,0.0,2.0,0,9.39
2017,2018-05-05,Barclays Premier League,Stoke City,Crystal Palace,52.52,65.5,0.3145,0.2761,0.4095,1.22,1.43,1.0,2.0,0,12.979999999999997
2017,2018-05-05,Barclays Premier League,Watford,Newcastle,56.99,58.9,0.4193,0.2929,0.2878,1.32,1.04,2.0,1.0,0,1.9099999999999966
2017,2018-05-05,Barclays Premier League,West Bromwich Albion,Tottenham Hotspur,54.9,85.09,0.1471,0.2193,0.6336,0.85,2.01,1.0,0.0,0,30.190000000000005
2017,2018-05-06,Barclays Premier League,Manchester City,Huddersfield Town,91.33,46.98,0.9151,0.0733,0.0116,3.02,0.2,0.0,0.0,1,44.35
2017,2018-05-06,Barclays Premier League,Arsenal,Burnley,80.32,61.81,0.6531,0.2084,0.1386,2.12,0.86,5.0,0.0,0,18.50999999999999
2017,2018-05-06,Barclays Premier League,Chelsea,Liverpool,80.7,87.61,0.3484,0.2476,0.404,1.55,1.68,1.0,0.0,0,6.909999999999997
2017,2018-05-08,Barclays Premier League,Swansea City,Southampton,50.63,58.99,0.3534,0.3046,0.342,1.14,1.12,0.0,1.0,0,8.36
2017,2018-05-09,Barclays Premier League,Chelsea,Huddersfield Town,80.98,48.54,0.8171,0.1503,0.0326,2.22,0.26,1.0,1.0,1,32.440000000000005
2017,2018-05-09,Barclays Premier League,Leicester City,Arsenal,60.43,82.09,0.2225,0.2176,0.5599,1.32,2.18,3.0,1.0,0,21.660000000000004
2017,2018-05-09,Barclays Premier League,Tottenham Hotspur,Newcastle,84.32,58.06,0.7864,0.1584,0.0552,2.32,0.45,1.0,0.0,0,26.25999999999999
2017,2018-05-09,Barclays Premier League,Manchester City,Brighton and Hove Albion,90.49,55.03,0.8822,0.097,0.0208,2.79,0.28,3.0,1.0,0,35.459999999999994
2017,2018-05-10,Barclays Premier League,West Ham United,Manchester United,55.85,78.61,0.2134,0.2358,0.5507,1.11,1.92,0.0,0.0,1,22.759999999999998
2017,2018-05-13,Barclays Premier League,Burnley,AFC Bournemouth,59.71,56.15,0.48,0.2724,0.2476,1.53,1.03,1.0,2.0,0,3.5600000000000023
2017,2018-05-13,Barclays Premier League,Crystal Palace,West Bromwich Albion,65.97,56.01,0.5477,0.2559,0.1964,1.69,0.91,2.0,0.0,0,9.96
2017,2018-05-13,Barclays Premier League,Liverpool,Brighton and Hove Albion,87.19,56.04,0.8365,0.1238,0.0398,2.65,0.43,4.0,0.0,0,31.15
2017,2018-05-13,Barclays Premier League,Huddersfield Town,Arsenal,48.81,80.86,0.152,0.2068,0.6412,0.96,2.19,0.0,1.0,0,32.05
2017,2018-05-13,Barclays Premier League,Manchester United,Watford,78.32,57.86,0.6745,0.2122,0.1133,2.0,0.67,1.0,0.0,0,20.459999999999994
2017,2018-05-13,Barclays Premier League,Tottenham Hotspur,Leicester City,83.63,62.1,0.7473,0.1749,0.0778,2.27,0.58,5.0,4.0,0,21.529999999999994
2017,2018-05-13,Barclays Premier League,Southampton,Manchester City,60.42,90.05,0.1295,0.1955,0.675,0.88,2.26,0.0,1.0,0,29.629999999999995
2017,2018-05-13,Barclays Premier League,West Ham United,Everton,56.06,61.06,0.3934,0.2725,0.3341,1.43,1.3,3.0,1.0,0,5.0
2017,2018-05-13,Barclays Premier League,Newcastle,Chelsea,58.98,80.83,0.2189,0.256,0.5251,1.01,1.7,3.0,0.0,0,21.85
2017,2018-05-13,Barclays Premier League,Swansea City,Stoke City,49.23,52.03,0.4044,0.3123,0.2833,1.18,0.94,1.0,2.0,0,2.8000000000000043
2018,2018-08-10,Barclays Premier League,Manchester United,Leicester City,82.66,69.64,0.64,0.2215,0.1385,2.01,0.81,2.0,1.0,0,13.019999999999996
2018,2018-08-11,Barclays Premier League,Newcastle,Tottenham Hotspur,67.21,85.75,0.201,0.2425,0.5565,1.03,1.87,1.0,2.0,0,18.540000000000006
2018,2018-08-11,Barclays Premier League,Fulham,Crystal Palace,64.41,70.2,0.3881,0.2778,0.3341,1.41,1.29,0.0,2.0,0,5.790000000000006
2018,2018-08-11,Barclays Premier League,AFC Bournemouth,Cardiff City,62.75,59.47,0.4886,0.2664,0.2451,1.63,1.08,2.0,0.0,0,3.280000000000001
2018,2018-08-11,Barclays Premier League,Watford,Brighton and Hove Albion,66.07,63.08,0.4693,0.2837,0.247,1.47,0.99,2.0,0.0,0,2.989999999999995
2018,2018-08-11,Barclays Premier League,Huddersfield Town,Chelsea,60.2,84.39,0.1644,0.2411,0.5945,0.85,1.85,0.0,3.0,0,24.189999999999998
2018,2018-08-11,Barclays Premier League,Wolverhampton,Everton,62.92,67.49,0.3991,0.2839,0.317,1.38,1.2,2.0,2.0,1,4.569999999999993
2018,2018-08-12,Barclays Premier League,Southampton,Burnley,68.01,64.97,0.4677,0.2902,0.242,1.42,0.94,0.0,0.0,1,3.0400000000000063
2018,2018-08-12,Barclays Premier League,Liverpool,West Ham United,88.86,64.54,0.8203,0.1292,0.0505,2.75,0.55,4.0,0.0,0,24.319999999999993
2018,2018-08-12,Barclays Premier League,Arsenal,Manchester City,81.57,92.13,0.2765,0.2341,0.4894,1.47,2.0,0.0,2.0,0,10.560000000000002
2018,2018-08-18,Barclays Premier League,Chelsea,Arsenal,85.12,81.05,0.5039,0.2362,0.2599,1.98,1.37,3.0,2.0,0,4.070000000000007
2018,2018-08-18,Barclays Premier League,Everton,Southampton,67.91,67.33,0.4463,0.285,0.2687,1.44,1.05,2.0,1.0,0,0.5799999999999983
2018,2018-08-18,Barclays Premier League,Leicester City,Wolverhampton,70.92,62.66,0.5266,0.2616,0.2119,1.68,0.97,2.0,0.0,0,8.260000000000005
2018,2018-08-18,Barclays Premier League,Tottenham Hotspur,Fulham,85.65,63.69,0.7806,0.1567,0.0627,2.44,0.54,3.0,1.0,0,21.960000000000008
2018,2018-08-18,Barclays Premier League,Cardiff City,Newcastle,58.62,67.27,0.3643,0.2936,0.342,1.25,1.2,0.0,0.0,1,8.649999999999999
2018,2018-08-18,Barclays Premier League,West Ham United,AFC Bournemouth,63.44,63.61,0.4434,0.2621,0.2945,1.63,1.29,1.0,2.0,0,0.1700000000000017
2018,2018-08-19,Barclays Premier League,Manchester City,Huddersfield Town,92.53,59.29,0.8927,0.0927,0.0146,2.76,0.2,6.0,1.0,0,33.24
2018,2018-08-19,Barclays Premier League,Burnley,Watford,65.91,67.29,0.4229,0.2959,0.2812,1.33,1.03,1.0,3.0,0,1.3800000000000097
2018,2018-08-19,Barclays Premier League,Brighton and Hove Albion,Manchester United,61.87,81.59,0.2142,0.2593,0.5265,0.99,1.7,3.0,2.0,0,19.720000000000006
2018,2018-08-20,Barclays Premier League,Crystal Palace,Liverpool,71.17,89.48,0.1953,0.2269,0.5778,1.12,2.06,0.0,2.0,0,18.310000000000002
2018,2018-08-25,Barclays Premier League,Liverpool,Brighton and Hove Albion,90.23,62.9,0.8582,0.1108,0.031,2.77,0.38,1.0,0.0,0,27.330000000000005
2018,2018-08-25,Barclays Premier League,Huddersfield Town,Cardiff City,58.14,58.6,0.4283,0.3053,0.2663,1.28,0.95,0.0,0.0,1,0.46000000000000085
2018,2018-08-25,Barclays Premier League,Arsenal,West Ham United,81.27,62.33,0.7271,0.1695,0.1035,2.57,0.87,3.0,1.0,0,18.939999999999998
2018,2018-08-25,Barclays Premier League,AFC Bournemouth,Everton,64.75,68.0,0.4224,0.2677,0.3099,1.55,1.3,2.0,2.0,1,3.25
2018,2018-08-25,Barclays Premier League,Wolverhampton,Manchester City,63.22,92.69,0.0943,0.1753,0.7304,0.74,2.41,1.0,1.0,1,29.47
2018,2018-08-25,Barclays Premier League,Southampton,Leicester City,66.99,70.72,0.4039,0.2847,0.3114,1.38,1.18,1.0,2.0,0,3.730000000000004
2018,2018-08-26,Barclays Premier League,Watford,Crystal Palace,68.97,70.02,0.4293,0.2788,0.2919,1.47,1.16,2.0,1.0,0,1.0499999999999972
2018,2018-08-26,Barclays Premier League,Newcastle,Chelsea,67.72,84.78,0.2152,0.2499,0.5349,1.05,1.8,1.0,2.0,0,17.060000000000002
2018,2018-08-26,Barclays Premier League,Fulham,Burnley,63.54,63.93,0.4437,0.2887,0.2676,1.41,1.03,4.0,2.0,0,0.39000000000000057
2018,2018-08-27,Barclays Premier League,Manchester United,Tottenham Hotspur,80.53,85.5,0.3669,0.2591,0.3739,1.53,1.54,0.0,3.0,0,4.969999999999999
2018,2018-09-01,Barclays Premier League,Crystal Palace,Southampton,69.81,66.83,0.4676,0.2794,0.253,1.5,1.03,0.0,2.0,0,2.980000000000004
2018,2018-09-01,Barclays Premier League,Manchester City,Newcastle,92.43,67.01,0.8643,0.1093,0.0264,2.72,0.32,2.0,1.0,0,25.42
2018,2018-09-01,Barclays Premier League,Everton,Huddersfield Town,67.21,57.45,0.5368,0.2722,0.191,1.58,0.83,1.0,1.0,1,9.759999999999991
2018,2018-09-01,Barclays Premier League,Brighton and Hove Albion,Fulham,63.49,63.49,0.4307,0.2812,0.2881,1.45,1.14,2.0,2.0,1,0.0
2018,2018-09-01,Barclays Premier League,West Ham United,Wolverhampton,63.22,63.83,0.4482,0.2783,0.2735,1.49,1.11,0.0,1.0,0,0.6099999999999994
2018,2018-09-01,Barclays Premier League,Leicester City,Liverpool,71.11,90.02,0.1818,0.2275,0.5907,1.03,2.03,1.0,2.0,0,18.909999999999997
2018,2018-09-01,Barclays Premier League,Chelsea,AFC Bournemouth,85.37,65.29,0.7545,0.1626,0.0829,2.52,0.72,2.0,0.0,0,20.08
2018,2018-09-02,Barclays Premier League,Cardiff City,Arsenal,59.99,80.5,0.2056,0.2331,0.5613,1.13,1.99,2.0,3.0,0,20.509999999999998
2018,2018-09-02,Barclays Premier League,Watford,Tottenham Hotspur,69.16,85.94,0.2182,0.2412,0.5406,1.13,1.9,2.0,1.0,0,16.78
2018,2018-09-02,Barclays Premier League,Burnley,Manchester United,63.22,80.01,0.2532,0.2653,0.4815,1.12,1.63,0.0,2.0,0,16.790000000000006
2018,2018-09-15,Barclays Premier League,Manchester City,Fulham,92.22,62.99,0.8748,0.097,0.0282,2.99,0.41,3.0,0.0,0,29.229999999999997
2018,2018-09-15,Barclays Premier League,Tottenham Hotspur,Liverpool,85.53,89.88,0.3621,0.2544,0.3835,1.56,1.61,1.0,2.0,0,4.349999999999994
2018,2018-09-15,Barclays Premier League,Chelsea,Cardiff City,85.31,59.99,0.8049,0.1478,0.0473,2.42,0.42,4.0,1.0,0,25.32
2018,2018-09-15,Barclays Premier League,AFC Bournemouth,Leicester City,65.52,71.42,0.3917,0.2705,0.3377,1.48,1.35,4.0,2.0,0,5.900000000000006
2018,2018-09-15,Barclays Premier League,Huddersfield Town,Crystal Palace,58.31,68.29,0.339,0.2969,0.3641,1.18,1.23,0.0,1.0,0,9.980000000000004
2018,2018-09-15,Barclays Premier League,Newcastle,Arsenal,67.42,80.31,0.2583,0.2435,0.4982,1.3,1.88,1.0,2.0,0,12.89
2018,2018-09-15,Barclays Premier League,Watford,Manchester United,69.83,80.97,0.292,0.2702,0.4378,1.22,1.55,1.0,2.0,0,11.14
2018,2018-09-16,Barclays Premier League,Wolverhampton,Burnley,64.52,61.86,0.4538,0.2895,0.2567,1.41,0.99,1.0,0.0,0,2.6599999999999966
2018,2018-09-16,Barclays Premier League,Everton,West Ham United,66.55,62.8,0.4701,0.2676,0.2623,1.61,1.14,1.0,3.0,0,3.75
2018,2018-09-17,Barclays Premier League,Southampton,Brighton and Hove Albion,68.0,63.56,0.4805,0.28,0.2395,1.5,0.98,2.0,2.0,1,4.439999999999998
2018,2018-09-22,Barclays Premier League,Leicester City,Huddersfield Town,70.9,58.85,0.5592,0.2685,0.1723,1.6,0.76,3.0,1.0,0,12.050000000000004
2018,2018-09-22,Barclays Premier League,Liverpool,Southampton,90.63,67.03,0.8346,0.1246,0.0408,2.69,0.45,3.0,0.0,0,23.599999999999994
2018,2018-09-22,Barclays Premier League,Brighton and Hove Albion,Tottenham Hotspur,63.96,84.48,0.1931,0.2311,0.5758,1.07,2.0,1.0,2.0,0,20.520000000000003
2018,2018-09-22,Barclays Premier League,Crystal Palace,Newcastle,68.03,67.19,0.4498,0.2837,0.2665,1.45,1.05,0.0,0.0,1,0.8400000000000034
2018,2018-09-22,Barclays Premier League,Fulham,Watford,61.89,69.59,0.3858,0.2753,0.3389,1.43,1.32,1.0,1.0,1,7.700000000000003
2018,2018-09-22,Barclays Premier League,Manchester United,Wolverhampton,82.0,66.04,0.6779,0.2115,0.1107,2.03,0.68,1.0,1.0,1,15.959999999999994
2018,2018-09-22,Barclays Premier League,Cardiff City,Manchester City,59.83,92.29,0.0886,0.1682,0.7432,0.74,2.48,0.0,5.0,0,32.46000000000001
2018,2018-09-22,Barclays Premier League,Burnley,AFC Bournemouth,60.33,65.65,0.3985,0.2706,0.3309,1.49,1.34,4.0,0.0,0,5.320000000000007
2018,2018-09-23,Barclays Premier League,West Ham United,Chelsea,63.86,86.27,0.1801,0.2226,0.5973,1.06,2.09,0.0,0.0,1,22.409999999999997
2018,2018-09-23,Barclays Premier League,Arsenal,Everton,80.83,65.31,0.6784,0.188,0.1336,2.44,1.0,2.0,0.0,0,15.519999999999996
2018,2018-09-29,Barclays Premier League,Wolverhampton,Southampton,67.15,66.8,0.4313,0.2909,0.2778,1.38,1.05,2.0,0.0,0,0.3500000000000085
2018,2018-09-29,Barclays Premier League,West Ham United,Manchester United,63.69,81.11,0.2436,0.2538,0.5027,1.15,1.76,3.0,1.0,0,17.42
2018,2018-09-29,Barclays Premier League,Manchester City,Brighton and Hove Albion,93.2,63.83,0.8899,0.0889,0.0212,2.99,0.32,2.0,0.0,0,29.370000000000005
2018,2018-09-29,Barclays Premier League,Newcastle,Leicester City,67.41,70.92,0.405,0.2913,0.3036,1.34,1.12,0.0,2.0,0,3.510000000000005
2018,2018-09-29,Barclays Premier League,Arsenal,Watford,80.92,69.42,0.6463,0.205,0.1488,2.25,0.98,2.0,0.0,0,11.5
2018,2018-09-29,Barclays Premier League,Everton,Fulham,65.5,62.06,0.4716,0.265,0.2634,1.63,1.16,3.0,0.0,0,3.4399999999999977
2018,2018-09-29,Barclays Premier League,Huddersfield Town,Tottenham Hotspur,58.58,84.67,0.155,0.2318,0.6133,0.85,1.93,0.0,2.0,0,26.090000000000003
2018,2018-09-29,Barclays Premier League,Chelsea,Liverpool,86.65,90.83,0.3488,0.2606,0.3906,1.47,1.57,1.0,1.0,1,4.179999999999993
2018,2018-09-30,Barclays Premier League,Cardiff City,Burnley,57.81,61.71,0.3982,0.2946,0.3073,1.31,1.11,1.0,2.0,0,3.8999999999999986
2018,2018-10-01,Barclays Premier League,AFC Bournemouth,Crystal Palace,63.97,68.41,0.4151,0.2656,0.3194,1.56,1.34,2.0,1.0,0,4.439999999999998
2018,2018-10-05,Barclays Premier League,Brighton and Hove Albion,West Ham United,63.15,65.3,0.4251,0.2782,0.2967,1.47,1.18,1.0,0.0,0,2.1499999999999986
2018,2018-10-06,Barclays Premier League,Tottenham Hotspur,Cardiff City,84.5,58.45,0.8024,0.1469,0.0507,2.46,0.46,1.0,0.0,0,26.049999999999997
2018,2018-10-06,Barclays Premier League,Crystal Palace,Wolverhampton,67.86,67.85,0.4564,0.2876,0.2559,1.43,1.0,0.0,1.0,0,0.010000000000005116
2018,2018-10-06,Barclays Premier League,Leicester City,Everton,72.61,66.7,0.5103,0.2634,0.2263,1.66,1.02,1.0,2.0,0,5.909999999999997
2018,2018-10-06,Barclays Premier League,Burnley,Huddersfield Town,60.87,58.22,0.4782,0.2959,0.2259,1.39,0.86,1.0,1.0,1,2.6499999999999986
2018,2018-10-06,Barclays Premier League,Watford,AFC Bournemouth,70.01,64.58,0.4912,0.2569,0.2519,1.72,1.17,0.0,4.0,0,5.430000000000007
2018,2018-10-06,Barclays Premier League,Manchester United,Newcastle,79.78,65.93,0.6156,0.2417,0.1427,1.81,0.73,3.0,2.0,0,13.849999999999994
2018,2018-10-07,Barclays Premier League,Southampton,Chelsea,66.17,85.84,0.1972,0.2413,0.5615,1.02,1.88,0.0,3.0,0,19.67
2018,2018-10-07,Barclays Premier League,Liverpool,Manchester City,90.64,93.72,0.3758,0.2583,0.3658,1.55,1.53,0.0,0.0,1,3.0799999999999983
2018,2018-10-07,Barclays Premier League,Fulham,Arsenal,60.93,80.9,0.2131,0.2185,0.5684,1.29,2.2,1.0,5.0,0,19.970000000000006
2018,2018-10-20,Barclays Premier League,Newcastle,Brighton and Hove Albion,65.6,62.64,0.4764,0.2846,0.2391,1.47,0.96,0.0,1.0,0,2.9599999999999937
2018,2018-10-20,Barclays Premier League,Chelsea,Manchester United,86.66,79.39,0.564,0.2327,0.2033,1.99,1.12,2.0,2.0,1,7.269999999999996
2018,2018-10-20,Barclays Premier League,Manchester City,Burnley,93.78,59.88,0.9113,0.0755,0.0132,3.05,0.23,5.0,0.0,0,33.9
2018,2018-10-20,Barclays Premier League,Cardiff City,Fulham,58.96,60.57,0.4154,0.2831,0.3016,1.41,1.17,4.0,2.0,0,1.6099999999999994
2018,2018-10-20,Barclays Premier League,Wolverhampton,Watford,68.16,67.18,0.4383,0.2904,0.2713,1.39,1.03,0.0,2.0,0,0.9799999999999898
2018,2018-10-20,Barclays Premier League,West Ham United,Tottenham Hotspur,65.96,84.23,0.2062,0.2404,0.5534,1.08,1.9,0.0,1.0,0,18.27000000000001
2018,2018-10-20,Barclays Premier League,AFC Bournemouth,Southampton,67.28,64.81,0.4675,0.2585,0.2741,1.69,1.24,0.0,0.0,1,2.469999999999999
2018,2018-10-20,Barclays Premier League,Huddersfield Town,Liverpool,59.37,90.56,0.1054,0.2065,0.6881,0.66,2.07,0.0,1.0,0,31.190000000000005
2018,2018-10-21,Barclays Premier League,Everton,Crystal Palace,67.88,67.82,0.4332,0.2824,0.2845,1.44,1.12,2.0,0.0,0,0.060000000000002274
2018,2018-10-22,Barclays Premier League,Arsenal,Leicester City,81.19,71.52,0.6268,0.2094,0.1638,2.23,1.05,3.0,1.0,0,9.670000000000002
2018,2018-10-27,Barclays Premier League,Liverpool,Cardiff City,91.03,59.7,0.874,0.1024,0.0236,2.78,0.31,4.0,1.0,0,31.33
2018,2018-10-27,Barclays Premier League,Fulham,AFC Bournemouth,59.11,67.25,0.3902,0.2567,0.3531,1.6,1.51,0.0,3.0,0,8.14
2018,2018-10-27,Barclays Premier League,Watford,Huddersfield Town,68.38,60.01,0.5018,0.2924,0.2057,1.42,0.8,3.0,0.0,0,8.369999999999997
2018,2018-10-27,Barclays Premier League,Brighton and Hove Albion,Wolverhampton,62.63,67.12,0.4133,0.2974,0.2893,1.31,1.05,1.0,0.0,0,4.490000000000002
2018,2018-10-27,Barclays Premier League,Southampton,Newcastle,65.44,65.7,0.4355,0.2959,0.2686,1.35,1.0,0.0,0.0,1,0.2600000000000051
2018,2018-10-27,Barclays Premier League,Leicester City,West Ham United,70.77,66.47,0.4794,0.2701,0.2506,1.59,1.08,1.0,1.0,1,4.299999999999997
2018,2018-10-28,Barclays Premier League,Manchester United,Everton,78.88,68.69,0.5959,0.2332,0.1709,1.94,0.93,2.0,1.0,0,10.189999999999998
2018,2018-10-28,Barclays Premier League,Crystal Palace,Arsenal,67.11,82.03,0.2388,0.2406,0.5206,1.23,1.92,2.0,2.0,1,14.920000000000002
2018,2018-10-28,Barclays Premier League,Burnley,Chelsea,58.73,86.53,0.1467,0.2067,0.6467,0.95,2.22,0.0,4.0,0,27.800000000000004
2018,2018-10-29,Barclays Premier League,Tottenham Hotspur,Manchester City,84.81,94.35,0.2415,0.2441,0.5145,1.22,1.87,0.0,1.0,0,9.539999999999992
2018,2018-11-03,Barclays Premier League,AFC Bournemouth,Manchester United,69.06,78.57,0.3222,0.2542,0.4237,1.45,1.69,1.0,2.0,0,9.509999999999991
2018,2018-11-03,Barclays Premier League,Newcastle,Watford,65.53,69.12,0.4203,0.2934,0.2862,1.35,1.06,1.0,0.0,0,3.5900000000000034
2018,2018-11-03,Barclays Premier League,Everton,Brighton and Hove Albion,68.93,62.09,0.5108,0.2686,0.2206,1.61,0.97,3.0,1.0,0,6.840000000000003
2018,2018-11-03,Barclays Premier League,Cardiff City,Leicester City,59.49,70.51,0.3514,0.2811,0.3675,1.31,1.34,0.0,1.0,0,11.020000000000003
2018,2018-11-03,Barclays Premier League,West Ham United,Burnley,66.63,57.26,0.5262,0.2642,0.2096,1.65,0.95,4.0,2.0,0,9.369999999999997
2018,2018-11-03,Barclays Premier League,Arsenal,Liverpool,81.23,91.06,0.2952,0.24,0.4648,1.49,1.91,1.0,1.0,1,9.829999999999998
2018,2018-11-03,Barclays Premier League,Wolverhampton,Tottenham Hotspur,67.75,84.12,0.2056,0.2632,0.5312,0.93,1.66,2.0,3.0,0,16.370000000000005
2018,2018-11-04,Barclays Premier League,Chelsea,Crystal Palace,87.58,68.12,0.755,0.1704,0.0746,2.34,0.59,3.0,1.0,0,19.459999999999994
2018,2018-11-04,Barclays Premier League,Manchester City,Southampton,94.33,66.09,0.9039,0.0831,0.013,2.89,0.2,6.0,1.0,0,28.239999999999995
2018,2018-11-05,Barclays Premier League,Huddersfield Town,Fulham,59.0,57.48,0.4252,0.2945,0.2804,1.35,1.04,1.0,0.0,0,1.5200000000000031
2018,2018-11-10,Barclays Premier League,Cardiff City,Brighton and Hove Albion,58.75,60.8,0.4402,0.2847,0.2751,1.43,1.08,2.0,1.0,0,2.049999999999997
2018,2018-11-10,Barclays Premier League,Leicester City,Burnley,71.22,56.31,0.5695,0.2454,0.1852,1.83,0.94,0.0,0.0,1,14.909999999999997
2018,2018-11-10,Barclays Premier League,Southampton,Watford,66.22,69.88,0.4233,0.2806,0.2961,1.44,1.16,1.0,1.0,1,3.6599999999999966
2018,2018-11-10,Barclays Premier League,Newcastle,AFC Bournemouth,64.74,68.67,0.4045,0.2795,0.316,1.43,1.23,2.0,1.0,0,3.930000000000007
2018,2018-11-10,Barclays Premier League,Huddersfield Town,West Ham United,59.58,66.99,0.3694,0.3077,0.323,1.18,1.08,1.0,1.0,1,7.409999999999997
2018,2018-11-10,Barclays Premier League,Crystal Palace,Tottenham Hotspur,68.02,84.21,0.225,0.2514,0.5235,1.09,1.79,0.0,1.0,0,16.189999999999998
2018,2018-11-11,Barclays Premier League,Liverpool,Fulham,90.54,57.5,0.8604,0.1065,0.0331,2.9,0.44,2.0,0.0,0,33.040000000000006
2018,2018-11-11,Barclays Premier League,Chelsea,Everton,87.28,69.96,0.7113,0.1886,0.1001,2.26,0.71,0.0,0.0,1,17.320000000000007
2018,2018-11-11,Barclays Premier League,Manchester City,Manchester United,95.0,79.05,0.8018,0.1347,0.0635,2.82,0.69,3.0,1.0,0,15.950000000000003
2018,2018-11-11,Barclays Premier League,Arsenal,Wolverhampton,81.5,68.34,0.6711,0.2056,0.1234,2.15,0.79,1.0,1.0,1,13.159999999999997
2018,2018-11-24,Barclays Premier League,Tottenham Hotspur,Chelsea,84.6,87.15,0.4193,0.2653,0.3155,1.57,1.33,3.0,1.0,0,2.5500000000000114
2018,2018-11-24,Barclays Premier League,Manchester United,Crystal Palace,79.4,67.84,0.609,0.2304,0.1607,1.96,0.89,0.0,0.0,1,11.560000000000002
2018,2018-11-24,Barclays Premier League,Everton,Cardiff City,70.6,59.38,0.5264,0.268,0.2055,1.62,0.91,1.0,0.0,0,11.219999999999992
2018,2018-11-24,Barclays Premier League,Brighton and Hove Albion,Leicester City,60.25,71.43,0.3442,0.2837,0.3721,1.27,1.34,1.0,1.0,1,11.180000000000007
2018,2018-11-24,Barclays Premier League,Fulham,Southampton,57.7,66.08,0.3709,0.2808,0.3483,1.35,1.3,3.0,2.0,0,8.379999999999995
2018,2018-11-24,Barclays Premier League,West Ham United,Manchester City,67.25,94.85,0.0866,0.1555,0.7579,0.81,2.68,0.0,4.0,0,27.599999999999994
2018,2018-11-24,Barclays Premier League,Watford,Liverpool,70.13,90.57,0.1638,0.2264,0.6098,0.93,2.01,0.0,3.0,0,20.439999999999998
2018,2018-11-25,Barclays Premier League,AFC Bournemouth,Arsenal,68.01,80.26,0.2694,0.2343,0.4963,1.43,2.0,1.0,2.0,0,12.25
2018,2018-11-25,Barclays Premier League,Wolverhampton,Huddersfield Town,69.82,59.27,0.5121,0.3,0.1878,1.37,0.71,0.0,2.0,0,10.54999999999999
2018,2018-11-26,Barclays Premier League,Burnley,Newcastle,56.63,65.13,0.3725,0.2974,0.3301,1.24,1.15,1.0,2.0,0,8.499999999999993
2018,2018-11-30,Barclays Premier League,Cardiff City,Wolverhampton,58.84,68.06,0.3806,0.297,0.3224,1.26,1.14,2.0,1.0,0,9.219999999999999
2018,2018-12-01,Barclays Premier League,Southampton,Manchester United,65.81,79.29,0.2965,0.2629,0.4406,1.29,1.62,2.0,2.0,1,13.480000000000004
2018,2018-12-01,Barclays Premier League,Huddersfield Town,Brighton and Hove Albion,61.19,60.28,0.4421,0.3122,0.2457,1.26,0.86,1.0,2.0,0,0.9099999999999966
2018,2018-12-01,Barclays Premier League,Newcastle,West Ham United,65.41,66.82,0.4281,0.2866,0.2852,1.41,1.1,0.0,3.0,0,1.4099999999999966
2018,2018-12-01,Barclays Premier League,Leicester City,Watford,71.63,69.43,0.4673,0.2778,0.2549,1.51,1.05,2.0,0.0,0,2.1999999999999886
2018,2018-12-01,Barclays Premier League,Crystal Palace,Burnley,68.47,56.04,0.5508,0.2656,0.1835,1.63,0.83,2.0,0.0,0,12.43
2018,2018-12-01,Barclays Premier League,Manchester City,AFC Bournemouth,94.66,67.41,0.905,0.0747,0.0203,3.33,0.39,3.0,1.0,0,27.25
2018,2018-12-02,Barclays Premier League,Chelsea,Fulham,86.63,57.38,0.8333,0.123,0.0437,2.76,0.5,2.0,0.0,0,29.249999999999993
2018,2018-12-02,Barclays Premier League,Arsenal,Tottenham Hotspur,81.13,85.73,0.4006,0.2507,0.3487,1.69,1.56,4.0,2.0,0,4.6000000000000085
2018,2018-12-02,Barclays Premier League,Liverpool,Everton,90.99,71.06,0.7993,0.1501,0.0506,2.42,0.45,1.0,0.0,0,19.929999999999993
2018,2018-12-04,Barclays Premier League,AFC Bournemouth,Huddersfield Town,67.86,59.74,0.516,0.2739,0.2101,1.57,0.9,2.0,1.0,0,8.119999999999997
2018,2018-12-04,Barclays Premier League,Brighton and Hove Albion,Crystal Palace,61.8,69.38,0.3602,0.3,0.3398,1.2,1.16,3.0,1.0,0,7.579999999999998
2018,2018-12-04,Barclays Premier League,West Ham United,Cardiff City,68.23,59.18,0.5167,0.2636,0.2197,1.66,0.99,3.0,1.0,0,9.050000000000004
2018,2018-12-04,Barclays Premier League,Watford,Manchester City,69.69,94.47,0.0891,0.1644,0.7465,0.77,2.55,1.0,2.0,0,24.78
2018,2018-12-05,Barclays Premier League,Tottenham Hotspur,Southampton,84.65,65.88,0.709,0.1879,0.1031,2.29,0.74,3.0,1.0,0,18.77000000000001
2018,2018-12-05,Barclays Premier League,Wolverhampton,Chelsea,67.62,86.58,0.1828,0.2449,0.5723,0.93,1.83,2.0,1.0,0,18.959999999999994
2018,2018-12-05,Barclays Premier League,Manchester United,Arsenal,79.26,82.22,0.3764,0.2502,0.3733,1.64,1.63,2.0,2.0,1,2.9599999999999937
2018,2018-12-05,Barclays Premier League,Everton,Newcastle,71.59,63.76,0.5022,0.2771,0.2208,1.54,0.93,1.0,1.0,1,7.830000000000005
2018,2018-12-05,Barclays Premier League,Burnley,Liverpool,55.12,90.69,0.0968,0.1757,0.7275,0.76,2.42,1.0,3.0,0,35.57
2018,2018-12-05,Barclays Premier League,Fulham,Leicester City,57.76,71.44,0.3457,0.2772,0.377,1.32,1.39,1.0,1.0,1,13.68
2018,2018-12-08,Barclays Premier League,AFC Bournemouth,Liverpool,65.82,90.32,0.1398,0.1941,0.6661,1.0,2.38,0.0,4.0,0,24.5
2018,2018-12-08,Barclays Premier League,Burnley,Brighton and Hove Albion,55.59,61.9,0.4079,0.2821,0.31,1.41,1.2,1.0,0.0,0,6.309999999999995
2018,2018-12-08,Barclays Premier League,West Ham United,Crystal Palace,68.46,68.93,0.4331,0.2816,0.2853,1.45,1.13,3.0,2.0,0,0.4700000000000131
2018,2018-12-08,Barclays Premier League,Cardiff City,Southampton,58.63,66.62,0.3685,0.2805,0.3509,1.35,1.31,1.0,0.0,0,7.990000000000002
2018,2018-12-08,Barclays Premier League,Manchester United,Fulham,78.78,58.78,0.654,0.2081,0.1379,2.17,0.88,4.0,1.0,0,20.0
2018,2018-12-08,Barclays Premier League,Arsenal,Huddersfield Town,82.64,61.31,0.7759,0.1642,0.0599,2.31,0.48,1.0,0.0,0,21.33
2018,2018-12-08,Barclays Premier League,Chelsea,Manchester City,86.18,94.07,0.277,0.244,0.479,1.37,1.87,2.0,0.0,0,7.889999999999986
2018,2018-12-08,Barclays Premier League,Leicester City,Tottenham Hotspur,70.49,83.97,0.2378,0.2504,0.5118,1.15,1.8,0.0,2.0,0,13.480000000000004
2018,2018-12-09,Barclays Premier League,Newcastle,Wolverhampton,64.05,68.23,0.4229,0.2971,0.28,1.33,1.02,1.0,2.0,0,4.180000000000007
2018,2018-12-10,Barclays Premier League,Everton,Watford,71.21,70.48,0.4471,0.2784,0.2746,1.49,1.11,2.0,2.0,1,0.7299999999999898
2018,2018-12-15,Barclays Premier League,Watford,Cardiff City,70.41,59.92,0.5215,0.2628,0.2157,1.67,0.98,3.0,2.0,0,10.489999999999995
2018,2018-12-15,Barclays Premier League,Huddersfield Town,Newcastle,61.62,63.08,0.4107,0.3188,0.2704,1.18,0.9,0.0,1.0,0,1.4600000000000009
2018,2018-12-15,Barclays Premier League,Wolverhampton,AFC Bournemouth,69.09,64.63,0.4737,0.2657,0.2605,1.63,1.14,2.0,0.0,0,4.460000000000008
2018,2018-12-15,Barclays Premier League,Fulham,West Ham United,58.27,68.6,0.376,0.2652,0.3588,1.49,1.45,0.0,2.0,0,10.329999999999991
2018,2018-12-15,Barclays Premier League,Crystal Palace,Leicester City,68.44,69.49,0.4525,0.2879,0.2596,1.42,1.01,1.0,0.0,0,1.0499999999999972
2018,2018-12-15,Barclays Premier League,Manchester City,Everton,93.75,70.93,0.8822,0.0931,0.0247,2.99,0.37,3.0,1.0,0,22.819999999999993
2018,2018-12-15,Barclays Premier League,Tottenham Hotspur,Burnley,85.75,55.91,0.8294,0.1273,0.0433,2.68,0.47,1.0,0.0,0,29.840000000000003
2018,2018-12-16,Barclays Premier League,Southampton,Arsenal,65.59,81.87,0.2419,0.2457,0.5124,1.21,1.85,3.0,2.0,0,16.28
2018,2018-12-16,Barclays Premier League,Brighton and Hove Albion,Chelsea,61.81,85.92,0.152,0.2231,0.6248,0.88,2.02,1.0,2.0,0,24.11
2018,2018-12-16,Barclays Premier League,Liverpool,Manchester United,91.37,79.12,0.6924,0.1915,0.1161,2.3,0.83,3.0,1.0,0,12.25
2018,2018-12-21,Barclays Premier League,Wolverhampton,Liverpool,69.63,91.81,0.1218,0.2117,0.6664,0.75,2.07,0.0,2.0,0,22.180000000000007
2018,2018-12-22,Barclays Premier League,Cardiff City,Manchester United,59.27,78.29,0.2633,0.2521,0.4846,1.25,1.77,1.0,5.0,0,19.020000000000003
2018,2018-12-22,Barclays Premier League,Newcastle,Fulham,63.19,58.01,0.4762,0.2757,0.2481,1.54,1.03,0.0,0.0,1,5.18
2018,2018-12-22,Barclays Premier League,AFC Bournemouth,Brighton and Hove Albion,64.43,61.79,0.4834,0.2635,0.253,1.65,1.13,2.0,0.0,0,2.6400000000000077
2018,2018-12-22,Barclays Premier League,Manchester City,Crystal Palace,93.13,68.34,0.8791,0.0973,0.0236,2.88,0.33,2.0,3.0,0,24.789999999999992
2018,2018-12-22,Barclays Premier League,West Ham United,Watford,69.18,70.67,0.4295,0.2678,0.3027,1.56,1.27,0.0,2.0,0,1.4899999999999949
2018,2018-12-22,Barclays Premier League,Chelsea,Leicester City,86.1,70.04,0.7077,0.2006,0.0917,2.08,0.59,0.0,1.0,0,16.059999999999988
2018,2018-12-22,Barclays Premier League,Arsenal,Burnley,81.09,56.38,0.7841,0.1516,0.0643,2.53,0.59,3.0,1.0,0,24.71
2018,2018-12-22,Barclays Premier League,Huddersfield Town,Southampton,61.7,66.45,0.3746,0.3101,0.3152,1.17,1.05,1.0,3.0,0,4.75
2018,2018-12-23,Barclays Premier League,Everton,Tottenham Hotspur,72.19,85.62,0.2467,0.2529,0.5004,1.17,1.77,2.0,6.0,0,13.430000000000007
2018,2018-12-26,Barclays Premier League,Crystal Palace,Cardiff City,69.67,57.98,0.5259,0.2659,0.2082,1.64,0.93,0.0,0.0,1,11.690000000000005
2018,2018-12-26,Barclays Premier League,Watford,Chelsea,71.45,85.64,0.2318,0.2513,0.5169,1.12,1.79,1.0,2.0,0,14.189999999999998
2018,2018-12-26,Barclays Premier League,Brighton and Hove Albion,Arsenal,61.61,80.31,0.2045,0.2419,0.5535,1.06,1.88,1.0,1.0,1,18.700000000000003
2018,2018-12-26,Barclays Premier League,Liverpool,Newcastle,92.26,63.48,0.8893,0.0955,0.0151,2.73,0.2,4.0,0.0,0,28.78000000000001
2018,2018-12-26,Barclays Premier League,Leicester City,Manchester City,70.74,92.36,0.1276,0.1948,0.6776,0.9,2.31,2.0,1.0,0,21.620000000000005
2018,2018-12-26,Barclays Premier League,Manchester United,Huddersfield Town,79.17,60.22,0.6578,0.2217,0.1205,1.96,0.69,3.0,1.0,0,18.950000000000003
2018,2018-12-26,Barclays Premier League,Tottenham Hotspur,AFC Bournemouth,86.44,64.91,0.782,0.1488,0.0692,2.63,0.66,5.0,0.0,0,21.53
2018,2018-12-26,Barclays Premier League,Burnley,Everton,57.43,70.71,0.34,0.2756,0.3843,1.32,1.42,1.0,5.0,0,13.279999999999994
2018,2018-12-26,Barclays Premier League,Fulham,Wolverhampton,58.53,68.76,0.3831,0.2936,0.3233,1.29,1.16,1.0,1.0,1,10.230000000000004
2018,2018-12-27,Barclays Premier League,Southampton,West Ham United,67.37,68.18,0.4543,0.2626,0.2831,1.64,1.25,1.0,2.0,0,0.8100000000000023
2018,2018-12-29,Barclays Premier League,Leicester City,Cardiff City,71.73,58.0,0.5331,0.2675,0.1995,1.62,0.89,0.0,1.0,0,13.730000000000004
2018,2018-12-29,Barclays Premier League,Brighton and Hove Albion,Everton,62.27,71.44,0.3436,0.2804,0.3761,1.3,1.37,1.0,0.0,0,9.169999999999995
2018,2018-12-29,Barclays Premier League,Liverpool,Arsenal,92.42,79.9,0.6661,0.1982,0.1357,2.3,0.93,5.0,1.0,0,12.519999999999996
2018,2018-12-29,Barclays Premier League,Watford,Newcastle,71.48,62.88,0.5168,0.2671,0.2161,1.63,0.96,1.0,1.0,1,8.600000000000001
2018,2018-12-29,Barclays Premier League,Tottenham Hotspur,Wolverhampton,86.63,68.79,0.7103,0.1946,0.095,2.16,0.64,1.0,3.0,0,17.83999999999999
2018,2018-12-29,Barclays Premier League,Fulham,Huddersfield Town,58.63,60.85,0.4353,0.3027,0.262,1.3,0.94,1.0,0.0,0,2.219999999999999
2018,2018-12-30,Barclays Premier League,Crystal Palace,Chelsea,69.94,85.6,0.2189,0.262,0.5191,1.0,1.68,0.0,1.0,0,15.659999999999997
2018,2018-12-30,Barclays Premier League,Burnley,West Ham United,56.24,68.78,0.3477,0.2725,0.3798,1.36,1.44,2.0,0.0,0,12.54
2018,2018-12-30,Barclays Premier League,Southampton,Manchester City,66.79,91.81,0.1363,0.1837,0.6801,1.06,2.53,1.0,3.0,0,25.019999999999996
2018,2018-12-30,Barclays Premier League,Manchester United,AFC Bournemouth,78.36,64.51,0.6312,0.2072,0.1616,2.26,1.06,4.0,1.0,0,13.849999999999994
2018,2019-01-01,Barclays Premier League,Everton,Leicester City,71.13,70.9,0.4552,0.2786,0.2662,1.5,1.08,0.0,1.0,0,0.22999999999998977
2018,2019-01-01,Barclays Premier League,Arsenal,Fulham,78.86,59.66,0.6737,0.2,0.1263,2.23,0.85,4.0,1.0,0,19.200000000000003
2018,2019-01-01,Barclays Premier League,Cardiff City,Tottenham Hotspur,59.21,84.74,0.1732,0.2232,0.6037,1.01,2.07,0.0,3.0,0,25.529999999999994
2018,2019-01-02,Barclays Premier League,Newcastle,Manchester United,63.07,78.85,0.2665,0.2592,0.4742,1.21,1.69,0.0,2.0,0,15.779999999999994
2018,2019-01-02,Barclays Premier League,AFC Bournemouth,Watford,63.77,71.37,0.3733,0.2614,0.3653,1.52,1.5,3.0,3.0,1,7.600000000000001
2018,2019-01-02,Barclays Premier League,Chelsea,Southampton,86.28,65.9,0.7235,0.1862,0.0903,2.24,0.65,0.0,0.0,1,20.379999999999995
2018,2019-01-02,Barclays Premier League,Huddersfield Town,Burnley,60.02,58.52,0.4115,0.3046,0.2839,1.26,1.0,1.0,2.0,0,1.5
2018,2019-01-02,Barclays Premier League,West Ham United,Brighton and Hove Albion,66.45,62.88,0.4896,0.2716,0.2388,1.58,1.02,2.0,2.0,1,3.5700000000000003
2018,2019-01-02,Barclays Premier League,Wolverhampton,Crystal Palace,71.35,69.37,0.4415,0.3028,0.2558,1.31,0.93,0.0,2.0,0,1.9799999999999898
2018,2019-01-03,Barclays Premier League,Manchester City,Liverpool,92.29,92.88,0.4402,0.2443,0.3156,1.83,1.52,2.0,1.0,0,0.5899999999999892
2018,2019-01-12,Barclays Premier League,Chelsea,Newcastle,86.18,62.18,0.7772,0.1718,0.051,2.16,0.38,2.0,1.0,0,24.000000000000007
2018,2019-01-12,Barclays Premier League,Cardiff City,Huddersfield Town,58.89,58.04,0.4869,0.2975,0.2156,1.38,0.82,0.0,0.0,1,0.8500000000000014
2018,2019-01-12,Barclays Premier League,Brighton and Hove Albion,Liverpool,63.29,93.03,0.0735,0.1615,0.765,0.63,2.46,0.0,1.0,0,29.740000000000002
2018,2019-01-12,Barclays Premier League,Burnley,Fulham,60.22,58.48,0.4658,0.2699,0.2643,1.58,1.13,2.0,1.0,0,1.740000000000002
2018,2019-01-12,Barclays Premier League,Crystal Palace,Watford,71.09,70.03,0.4441,0.2791,0.2768,1.48,1.11,1.0,2.0,0,1.0600000000000023
2018,2019-01-12,Barclays Premier League,West Ham United,Arsenal,65.98,79.41,0.2557,0.2368,0.5075,1.35,1.97,1.0,0.0,0,13.429999999999993
2018,2019-01-12,Barclays Premier League,Leicester City,Southampton,71.3,66.59,0.4487,0.289,0.2622,1.41,1.01,1.0,2.0,0,4.709999999999994
2018,2019-01-13,Barclays Premier League,Everton,AFC Bournemouth,71.04,64.61,0.5084,0.2465,0.2452,1.84,1.22,2.0,0.0,0,6.430000000000007
2018,2019-01-13,Barclays Premier League,Tottenham Hotspur,Manchester United,85.14,79.78,0.5162,0.2378,0.246,1.95,1.29,0.0,1.0,0,5.359999999999999
2018,2019-01-14,Barclays Premier League,Manchester City,Wolverhampton,92.17,69.77,0.8499,0.1164,0.0337,2.72,0.39,3.0,0.0,0,22.400000000000006
2018,2019-01-19,Barclays Premier League,Newcastle,Cardiff City,63.12,58.14,0.4778,0.2949,0.2273,1.39,0.87,3.0,0.0,0,4.979999999999997
2018,2019-01-19,Barclays Premier League,Arsenal,Chelsea,79.0,85.52,0.3597,0.2651,0.3752,1.45,1.49,2.0,0.0,0,6.519999999999996
2018,2019-01-19,Barclays Premier League,Southampton,Everton,66.92,70.94,0.421,0.2736,0.3054,1.5,1.24,2.0,1.0,0,4.019999999999996
2018,2019-01-19,Barclays Premier League,Liverpool,Crystal Palace,93.3,70.32,0.8669,0.1109,0.0222,2.62,0.26,4.0,3.0,0,22.980000000000004
2018,2019-01-19,Barclays Premier League,Manchester United,Brighton and Hove Albion,79.67,62.95,0.6856,0.2043,0.1102,2.11,0.71,2.0,1.0,0,16.72
2018,2019-01-19,Barclays Premier League,AFC Bournemouth,West Ham United,64.77,66.86,0.4388,0.2557,0.3056,1.69,1.38,2.0,0.0,0,2.0900000000000034
2018,2019-01-19,Barclays Premier League,Watford,Burnley,70.69,60.18,0.5326,0.2479,0.2196,1.82,1.09,0.0,0.0,1,10.509999999999998
2018,2019-01-19,Barclays Premier League,Wolverhampton,Leicester City,68.61,70.77,0.399,0.3087,0.2922,1.22,1.0,4.0,3.0,0,2.1599999999999966
2018,2019-01-20,Barclays Premier League,Huddersfield Town,Manchester City,59.48,92.77,0.0722,0.1579,0.7699,0.64,2.51,0.0,3.0,0,33.29
2018,2019-01-20,Barclays Premier League,Fulham,Tottenham Hotspur,58.7,85.32,0.1615,0.2173,0.6212,0.98,2.12,1.0,2.0,0,26.61999999999999
2018,2019-01-29,Barclays Premier League,Manchester United,Burnley,79.53,61.51,0.6768,0.1993,0.1239,2.23,0.84,2.0,2.0,1,18.020000000000003
2018,2019-01-29,Barclays Premier League,Newcastle,Manchester City,64.47,93.14,0.0918,0.1699,0.7383,0.76,2.48,2.0,1.0,0,28.67
2018,2019-01-29,Barclays Premier League,Huddersfield Town,Everton,58.79,70.97,0.3073,0.3037,0.389,1.06,1.24,0.0,1.0,0,12.18
2018,2019-01-29,Barclays Premier League,Fulham,Brighton and Hove Albion,58.61,63.02,0.4318,0.2902,0.278,1.38,1.05,4.0,2.0,0,4.410000000000004
2018,2019-01-29,Barclays Premier League,Wolverhampton,West Ham United,68.51,66.96,0.4356,0.2811,0.2833,1.46,1.12,3.0,0.0,0,1.5500000000000114
2018,2019-01-29,Barclays Premier League,Arsenal,Cardiff City,79.77,56.68,0.7578,0.1666,0.0756,2.4,0.62,2.0,1.0,0,23.089999999999996
2018,2019-01-30,Barclays Premier League,Southampton,Crystal Palace,66.98,71.31,0.4064,0.2857,0.3079,1.38,1.17,1.0,1.0,1,4.329999999999998
2018,2019-01-30,Barclays Premier League,AFC Bournemouth,Chelsea,64.99,84.86,0.1879,0.2332,0.579,1.03,1.97,4.0,0.0,0,19.870000000000005
2018,2019-01-30,Barclays Premier League,Tottenham Hotspur,Watford,85.37,69.76,0.6876,0.1937,0.1187,2.28,0.83,2.0,1.0,0,15.61
2018,2019-01-30,Barclays Premier League,Liverpool,Leicester City,92.58,69.87,0.8553,0.1131,0.0317,2.75,0.38,1.0,1.0,1,22.709999999999994
2018,2019-02-02,Barclays Premier League,Chelsea,Huddersfield Town,83.17,58.65,0.818,0.1547,0.0273,2.16,0.22,5.0,0.0,0,24.520000000000003
2018,2019-02-02,Barclays Premier League,Cardiff City,AFC Bournemouth,57.05,67.07,0.3618,0.2697,0.3685,1.42,1.44,2.0,0.0,0,10.019999999999996
2018,2019-02-02,Barclays Premier League,Brighton and Hove Albion,Watford,61.18,69.94,0.357,0.2754,0.3676,1.36,1.39,0.0,0.0,1,8.759999999999998
2018,2019-02-02,Barclays Premier League,Everton,Wolverhampton,71.39,70.17,0.4297,0.2842,0.2861,1.43,1.11,1.0,3.0,0,1.2199999999999989
2018,2019-02-02,Barclays Premier League,Crystal Palace,Fulham,71.53,59.16,0.5363,0.2566,0.2071,1.73,0.98,2.0,0.0,0,12.370000000000005
2018,2019-02-02,Barclays Premier League,Tottenham Hotspur,Newcastle,85.27,65.62,0.7115,0.1956,0.0929,2.14,0.62,1.0,0.0,0,19.64999999999999
2018,2019-02-02,Barclays Premier League,Burnley,Southampton,61.07,66.84,0.403,0.2789,0.3181,1.43,1.24,1.0,1.0,1,5.770000000000003
2018,2019-02-03,Barclays Premier League,Leicester City,Manchester United,71.38,79.7,0.2973,0.2603,0.4424,1.31,1.65,0.0,1.0,0,8.320000000000007
2018,2019-02-03,Barclays Premier League,Manchester City,Arsenal,92.61,79.4,0.6931,0.179,0.1279,2.57,1.03,3.0,1.0,0,13.209999999999994
2018,2019-02-04,Barclays Premier League,West Ham United,Liverpool,65.28,91.86,0.0919,0.1675,0.7406,0.77,2.52,1.0,1.0,1,26.58
2018,2019-02-06,Barclays Premier League,Everton,Manchester City,70.17,92.87,0.1076,0.1745,0.7179,0.88,2.52,0.0,2.0,0,22.700000000000003
2018,2019-02-09,Barclays Premier League,Huddersfield Town,Arsenal,56.37,78.93,0.1621,0.2367,0.6011,0.86,1.89,1.0,2.0,0,22.56000000000001
2018,2019-02-09,Barclays Premier League,Fulham,Manchester United,58.69,79.47,0.2198,0.2299,0.5503,1.23,2.05,0.0,3.0,0,20.78
2018,2019-02-09,Barclays Premier League,Crystal Palace,West Ham United,72.12,66.09,0.5066,0.2725,0.2209,1.58,0.95,1.0,1.0,1,6.030000000000001
2018,2019-02-09,Barclays Premier League,Watford,Everton,68.97,69.35,0.4212,0.273,0.3057,1.5,1.24,1.0,0.0,0,0.37999999999999545
2018,2019-02-09,Barclays Premier League,Liverpool,AFC Bournemouth,91.53,65.94,0.8776,0.0932,0.0291,3.1,0.45,3.0,0.0,0,25.590000000000003
2018,2019-02-09,Barclays Premier League,Southampton,Cardiff City,66.22,58.22,0.5062,0.2736,0.2202,1.57,0.94,1.0,2.0,0,8.0
2018,2019-02-09,Barclays Premier League,Brighton and Hove Albion,Burnley,62.53,61.69,0.4206,0.285,0.2944,1.41,1.13,1.0,3.0,0,0.8400000000000034
2018,2019-02-10,Barclays Premier League,Manchester City,Chelsea,93.37,84.42,0.6417,0.2099,0.1484,2.18,0.94,6.0,0.0,0,8.950000000000003
2018,2019-02-10,Barclays Premier League,Tottenham Hotspur,Leicester City,85.65,71.76,0.6589,0.215,0.1262,2.05,0.76,3.0,1.0,0,13.89
2018,2019-02-11,Barclays Premier League,Wolverhampton,Newcastle,71.22,65.15,0.4825,0.2892,0.2283,1.44,0.9,1.0,1.0,1,6.069999999999993
2018,2019-02-22,Barclays Premier League,Cardiff City,Watford,58.85,69.42,0.3712,0.2838,0.345,1.33,1.27,1.0,5.0,0,10.57
2018,2019-02-22,Barclays Premier League,West Ham United,Fulham,66.0,58.21,0.5037,0.2556,0.2407,1.74,1.13,3.0,1.0,0,7.789999999999999
2018,2019-02-23,Barclays Premier League,Burnley,Tottenham Hotspur,62.45,84.97,0.2032,0.2323,0.5645,1.12,2.0,2.0,1.0,0,22.519999999999996
2018,2019-02-23,Barclays Premier League,Newcastle,Huddersfield Town,64.77,56.57,0.5534,0.2907,0.1558,1.44,0.62,2.0,0.0,0,8.199999999999996
2018,2019-02-23,Barclays Premier League,AFC Bournemouth,Wolverhampton,65.62,71.47,0.3932,0.2683,0.3385,1.5,1.37,1.0,1.0,1,5.849999999999994
2018,2019-02-23,Barclays Premier League,Leicester City,Crystal Palace,73.29,71.9,0.4509,0.2837,0.2655,1.45,1.05,1.0,4.0,0,1.3900000000000006
2018,2019-02-24,Barclays Premier League,Manchester United,Liverpool,78.92,92.14,0.227,0.2331,0.5399,1.24,2.01,0.0,0.0,1,13.219999999999999
2018,2019-02-24,Barclays Premier League,Arsenal,Southampton,79.42,65.55,0.6515,0.2081,0.1404,2.18,0.9,2.0,0.0,0,13.870000000000005
2018,2019-02-26,Barclays Premier League,Newcastle,Burnley,66.58,63.34,0.4658,0.2815,0.2528,1.48,1.02,2.0,0.0,0,3.239999999999995
2018,2019-02-26,Barclays Premier League,Cardiff City,Everton,57.08,69.2,0.3704,0.2878,0.3417,1.3,1.24,0.0,3.0,0,12.120000000000005
2018,2019-02-26,Barclays Premier League,Huddersfield Town,Wolverhampton,54.41,71.16,0.2863,0.3053,0.4084,1.0,1.26,1.0,0.0,0,16.75
2018,2019-02-26,Barclays Premier League,Leicester City,Brighton and Hove Albion,72.03,61.41,0.5365,0.2615,0.2021,1.68,0.93,2.0,1.0,0,10.620000000000005
2018,2019-02-27,Barclays Premier League,Southampton,Fulham,64.86,57.1,0.5383,0.2502,0.2115,1.8,1.04,2.0,0.0,0,7.759999999999998
2018,2019-02-27,Barclays Premier League,Arsenal,AFC Bournemouth,80.07,65.96,0.6811,0.1885,0.1304,2.42,0.97,5.0,1.0,0,14.11
2018,2019-02-27,Barclays Premier League,Liverpool,Watford,92.29,70.51,0.8573,0.1119,0.0308,2.75,0.37,5.0,0.0,0,21.78
2018,2019-02-27,Barclays Premier League,Crystal Palace,Manchester United,72.87,79.02,0.3177,0.2712,0.4111,1.29,1.5,1.0,3.0,0,6.1499999999999915
2018,2019-02-27,Barclays Premier League,Chelsea,Tottenham Hotspur,83.83,84.39,0.4789,0.254,0.2671,1.75,1.25,2.0,0.0,0,0.5600000000000023
2018,2019-02-27,Barclays Premier League,Manchester City,West Ham United,93.65,66.76,0.9077,0.0737,0.0186,3.29,0.36,1.0,0.0,0,26.89
2018,2019-03-02,Barclays Premier League,AFC Bournemouth,Manchester City,65.28,93.79,0.0741,0.1307,0.7952,0.88,3.06,0.0,1.0,0,28.510000000000005
2018,2019-03-02,Barclays Premier League,Manchester United,Southampton,79.37,65.31,0.6604,0.2105,0.1291,2.11,0.81,3.0,2.0,0,14.060000000000002
2018,2019-03-02,Barclays Premier League,West Ham United,Newcastle,66.58,66.24,0.4516,0.2832,0.2651,1.46,1.05,2.0,0.0,0,0.3400000000000034
2018,2019-03-02,Barclays Premier League,Brighton and Hove Albion,Huddersfield Town,61.48,55.83,0.5425,0.2835,0.1741,1.49,0.71,1.0,0.0,0,5.649999999999999
2018,2019-03-02,Barclays Premier League,Tottenham Hotspur,Arsenal,84.4,80.44,0.4886,0.2448,0.2667,1.86,1.32,1.0,1.0,1,3.960000000000008
2018,2019-03-02,Barclays Premier League,Wolverhampton,Cardiff City,70.01,56.02,0.5352,0.2683,0.1965,1.61,0.87,2.0,0.0,0,13.990000000000002
2018,2019-03-02,Barclays Premier League,Burnley,Crystal Palace,63.79,72.27,0.3674,0.2798,0.3528,1.35,1.32,1.0,3.0,0,8.479999999999997
2018,2019-03-03,Barclays Premier League,Watford,Leicester City,69.4,71.78,0.3938,0.2697,0.3365,1.49,1.36,2.0,1.0,0,2.3799999999999955
2018,2019-03-03,Barclays Premier League,Fulham,Chelsea,56.99,84.02,0.1354,0.2042,0.6604,0.89,2.21,1.0,2.0,0,27.029999999999994
2018,2019-03-03,Barclays Premier League,Everton,Liverpool,70.39,92.77,0.1054,0.1955,0.6991,0.72,2.2,0.0,0.0,1,22.379999999999995
2018,2019-03-09,Barclays Premier League,Manchester City,Watford,94.15,69.58,0.8961,0.0825,0.0214,3.15,0.36,3.0,1.0,0,24.570000000000007
2018,2019-03-09,Barclays Premier League,Crystal Palace,Brighton and Hove Albion,71.91,62.35,0.5392,0.2623,0.1984,1.67,0.91,1.0,2.0,0,9.559999999999995
2018,2019-03-09,Barclays Premier League,Newcastle,Everton,65.7,70.6,0.389,0.3019,0.3091,1.25,1.08,3.0,2.0,0,4.8999999999999915
2018,2019-03-09,Barclays Premier League,Cardiff City,West Ham United,55.19,67.05,0.3568,0.2792,0.364,1.33,1.35,2.0,0.0,0,11.86
2018,2019-03-09,Barclays Premier League,Huddersfield Town,AFC Bournemouth,55.46,64.85,0.3211,0.2934,0.3855,1.16,1.29,0.0,2.0,0,9.389999999999993
2018,2019-03-09,Barclays Premier League,Leicester City,Fulham,71.65,57.16,0.5882,0.236,0.1758,1.92,0.94,3.0,1.0,0,14.490000000000009
2018,2019-03-09,Barclays Premier League,Southampton,Tottenham Hotspur,65.13,83.49,0.2008,0.2434,0.5558,1.03,1.86,2.0,1.0,0,18.36
2018,2019-03-10,Barclays Premier League,Chelsea,Wolverhampton,84.77,70.45,0.7087,0.197,0.0944,2.13,0.63,1.0,1.0,1,14.319999999999993
2018,2019-03-10,Barclays Premier League,Arsenal,Manchester United,80.73,80.51,0.4557,0.2423,0.302,1.87,1.49,2.0,0.0,0,0.21999999999999886
2018,2019-03-10,Barclays Premier League,Liverpool,Burnley,92.81,63.93,0.893,0.0896,0.0174,2.88,0.25,4.0,2.0,0,28.880000000000003
2018,2019-03-16,Barclays Premier League,Burnley,Leicester City,64.25,72.28,0.3905,0.2712,0.3383,1.47,1.35,1.0,2.0,0,8.030000000000001
2018,2019-03-16,Barclays Premier League,West Ham United,Huddersfield Town,64.62,54.09,0.4643,0.2949,0.2408,1.38,0.91,4.0,3.0,0,10.530000000000001
2018,2019-03-16,Barclays Premier League,AFC Bournemouth,Newcastle,66.4,66.59,0.4531,0.2695,0.2774,1.57,1.18,2.0,2.0,1,0.18999999999999773
2018,2019-03-17,Barclays Premier League,Fulham,Liverpool,56.52,93.13,0.0542,0.1278,0.818,0.61,2.83,1.0,2.0,0,36.60999999999999
2018,2019-03-17,Barclays Premier League,Everton,Chelsea,69.13,86.31,0.1718,0.2356,0.5926,0.92,1.92,2.0,0.0,0,17.180000000000007
2018,2019-03-30,Barclays Premier League,West Ham United,Everton,63.95,70.4,0.3754,0.2707,0.3538,1.44,1.39,0.0,2.0,0,6.450000000000003
2018,2019-03-30,Barclays Premier League,Manchester United,Watford,80.69,69.29,0.6544,0.2038,0.1418,2.24,0.94,2.0,1.0,0,11.399999999999991
2018,2019-03-30,Barclays Premier League,Leicester City,AFC Bournemouth,72.13,65.98,0.4374,0.2639,0.2987,1.61,1.29,2.0,0.0,0,6.1499999999999915
2018,2019-03-30,Barclays Premier League,Crystal Palace,Huddersfield Town,71.66,53.47,0.647,0.2374,0.1156,1.79,0.6,2.0,0.0,0,18.189999999999998
2018,2019-03-30,Barclays Premier League,Burnley,Wolverhampton,64.46,70.66,0.4235,0.2758,0.3007,1.48,1.21,2.0,0.0,0,6.200000000000003
2018,2019-03-30,Barclays Premier League,Fulham,Manchester City,56.72,94.7,0.0382,0.0958,0.866,0.61,3.28,0.0,2.0,0,37.980000000000004
2018,2019-03-30,Barclays Premier League,Brighton and Hove Albion,Southampton,62.63,66.15,0.3946,0.2856,0.3198,1.36,1.2,0.0,1.0,0,3.520000000000003
2018,2019-03-31,Barclays Premier League,Cardiff City,Chelsea,57.61,85.31,0.143,0.2122,0.6448,0.89,2.13,1.0,2.0,0,27.700000000000003
2018,2019-03-31,Barclays Premier League,Liverpool,Tottenham Hotspur,93.05,82.61,0.6482,0.213,0.1388,2.11,0.86,2.0,1.0,0,10.439999999999998
2018,2019-04-01,Barclays Premier League,Arsenal,Newcastle,81.33,66.94,0.714,0.1873,0.0988,2.27,0.71,2.0,0.0,0,14.39
2018,2019-04-02,Barclays Premier League,Wolverhampton,Manchester United,70.53,79.74,0.2544,0.258,0.4875,1.17,1.71,2.0,1.0,0,9.209999999999994
2018,2019-04-02,Barclays Premier League,Watford,Fulham,70.2,56.61,0.4815,0.254,0.2645,1.75,1.24,4.0,1.0,0,13.590000000000003
2018,2019-04-03,Barclays Premier League,Manchester City,Cardiff City,94.84,57.68,0.9389,0.0531,0.008,3.43,0.2,2.0,0.0,0,37.160000000000004
2018,2019-04-03,Barclays Premier League,Tottenham Hotspur,Crystal Palace,82.88,71.76,0.6766,0.2058,0.1177,2.12,0.75,2.0,0.0,0,11.11999999999999
2018,2019-04-03,Barclays Premier League,Chelsea,Brighton and Hove Albion,85.26,62.21,0.8182,0.1399,0.0419,2.47,0.4,3.0,0.0,0,23.050000000000004
2018,2019-04-05,Barclays Premier League,Southampton,Liverpool,66.93,92.89,0.0889,0.177,0.7341,0.68,2.35,1.0,3.0,0,25.959999999999994
2018,2019-04-06,Barclays Premier League,Newcastle,Crystal Palace,66.53,70.82,0.3879,0.2907,0.3214,1.32,1.17,0.0,1.0,0,4.289999999999992
2018,2019-04-06,Barclays Premier League,Huddersfield Town,Leicester City,53.18,72.86,0.2925,0.2944,0.4131,1.07,1.33,1.0,4.0,0,19.68
2018,2019-04-06,Barclays Premier League,AFC Bournemouth,Burnley,65.4,65.02,0.4351,0.2624,0.3025,1.62,1.31,1.0,3.0,0,0.38000000000000966
2018,2019-04-07,Barclays Premier League,Everton,Arsenal,72.75,81.93,0.2525,0.2555,0.492,1.18,1.74,1.0,0.0,0,9.180000000000007
2018,2019-04-08,Barclays Premier League,Chelsea,West Ham United,85.96,61.56,0.8416,0.1187,0.0397,2.78,0.47,2.0,0.0,0,24.39999999999999
2018,2019-04-12,Barclays Premier League,Leicester City,Newcastle,73.31,66.42,0.5212,0.2692,0.2096,1.61,0.92,0.0,1.0,0,6.890000000000001
2018,2019-04-13,Barclays Premier League,Manchester United,West Ham United,79.65,61.78,0.7008,0.186,0.1132,2.37,0.84,2.0,1.0,0,17.870000000000005
2018,2019-04-13,Barclays Premier League,Fulham,Everton,56.74,74.38,0.3181,0.2732,0.4088,1.28,1.48,2.0,0.0,0,17.639999999999993
2018,2019-04-13,Barclays Premier League,Southampton,Wolverhampton,66.77,70.44,0.4118,0.2874,0.3008,1.38,1.14,3.0,1.0,0,3.6700000000000017
2018,2019-04-13,Barclays Premier League,Brighton and Hove Albion,AFC Bournemouth,61.11,64.21,0.4146,0.2742,0.3112,1.48,1.25,0.0,5.0,0,3.0999999999999943
2018,2019-04-13,Barclays Premier League,Tottenham Hotspur,Huddersfield Town,84.1,52.04,0.8818,0.1019,0.0162,2.65,0.2,4.0,0.0,0,32.059999999999995
2018,2019-04-13,Barclays Premier League,Burnley,Cardiff City,65.98,57.83,0.5172,0.2615,0.2214,1.68,1.01,2.0,0.0,0,8.150000000000006
2018,2019-04-14,Barclays Premier League,Crystal Palace,Manchester City,71.09,94.51,0.0858,0.1669,0.7473,0.72,2.48,1.0,3.0,0,23.42
2018,2019-04-14,Barclays Premier League,Liverpool,Chelsea,92.95,85.61,0.5896,0.2337,0.1767,1.95,0.96,2.0,0.0,0,7.340000000000003
2018,2019-04-15,Barclays Premier League,Watford,Arsenal,69.66,81.44,0.2381,0.2358,0.526,1.27,1.98,0.0,1.0,0,11.780000000000001
2018,2019-04-16,Barclays Premier League,Brighton and Hove Albion,Cardiff City,57.98,57.19,0.4455,0.2881,0.2663,1.41,1.03,0.0,2.0,0,0.7899999999999991
2018,2019-04-20,Barclays Premier League,West Ham United,Leicester City,62.59,72.47,0.3567,0.2679,0.3754,1.42,1.47,2.0,2.0,1,9.879999999999995
2018,2019-04-20,Barclays Premier League,Newcastle,Southampton,67.49,68.09,0.3976,0.2901,0.3123,1.34,1.15,3.0,1.0,0,0.6000000000000085
2018,2019-04-20,Barclays Premier League,AFC Bournemouth,Fulham,67.05,58.03,0.4589,0.2531,0.288,1.74,1.34,0.0,1.0,0,9.019999999999996
2018,2019-04-20,Barclays Premier League,Wolverhampton,Brighton and Hove Albion,68.79,57.06,0.5156,0.2733,0.2111,1.57,0.91,0.0,0.0,1,11.730000000000004
2018,2019-04-20,Barclays Premier League,Manchester City,Tottenham Hotspur,94.85,84.13,0.7047,0.1839,0.1114,2.39,0.84,1.0,0.0,0,10.719999999999999
2018,2019-04-20,Barclays Premier League,Huddersfield Town,Watford,51.83,68.75,0.3091,0.276,0.4148,1.23,1.47,1.0,2.0,0,16.92
2018,2019-04-21,Barclays Premier League,Everton,Manchester United,73.26,78.53,0.3218,0.2682,0.41,1.33,1.53,4.0,0.0,0,5.269999999999996
2018,2019-04-21,Barclays Premier League,Cardiff City,Liverpool,58.28,93.55,0.0745,0.1533,0.7722,0.69,2.6,0.0,2.0,0,35.269999999999996
2018,2019-04-21,Barclays Premier League,Arsenal,Crystal Palace,82.37,70.31,0.6883,0.2011,0.1107,2.15,0.73,2.0,3.0,0,12.060000000000002
2018,2019-04-22,Barclays Premier League,Chelsea,Burnley,84.85,66.76,0.7527,0.1684,0.0789,2.4,0.64,2.0,2.0,1,18.08999999999999
2018,2019-04-23,Barclays Premier League,Watford,Southampton,68.94,67.84,0.4248,0.2631,0.3121,1.6,1.34,1.0,1.0,1,1.0999999999999943
2018,2019-04-23,Barclays Premier League,Tottenham Hotspur,Brighton and Hove Albion,84.36,56.21,0.8326,0.1312,0.0361,2.52,0.36,1.0,0.0,0,28.15
2018,2019-04-24,Barclays Premier League,Wolverhampton,Arsenal,69.87,80.8,0.2307,0.2541,0.5152,1.1,1.76,3.0,1.0,0,10.929999999999993
2018,2019-04-24,Barclays Premier League,Manchester United,Manchester City,76.84,94.68,0.1526,0.1973,0.65,1.07,2.38,0.0,2.0,0,17.840000000000003
2018,2019-04-26,Barclays Premier League,Liverpool,Huddersfield Town,93.6,51.84,0.9344,0.057,0.0087,3.34,0.2,5.0,0.0,0,41.75999999999999
2018,2019-04-27,Barclays Premier League,Brighton and Hove Albion,Newcastle,56.38,67.48,0.3471,0.3051,0.3479,1.15,1.15,1.0,1.0,1,11.100000000000001
2018,2019-04-27,Barclays Premier League,Fulham,Cardiff City,59.3,58.27,0.4114,0.2785,0.3101,1.44,1.22,1.0,0.0,0,1.029999999999994
2018,2019-04-27,Barclays Premier League,Crystal Palace,Everton,71.78,75.05,0.3834,0.2834,0.3332,1.36,1.25,0.0,0.0,1,3.269999999999996
2018,2019-04-27,Barclays Premier League,Southampton,AFC Bournemouth,68.0,65.73,0.4208,0.26,0.3191,1.62,1.39,3.0,3.0,1,2.269999999999996
2018,2019-04-27,Barclays Premier League,Tottenham Hotspur,West Ham United,84.53,62.88,0.7612,0.1631,0.0757,2.46,0.64,0.0,1.0,0,21.65
2018,2019-04-27,Barclays Premier League,Watford,Wolverhampton,68.81,70.5,0.3987,0.2756,0.3257,1.45,1.28,1.0,2.0,0,1.6899999999999977
2018,2019-04-28,Barclays Premier League,Leicester City,Arsenal,72.17,80.21,0.2654,0.2537,0.4809,1.25,1.75,3.0,0.0,0,8.039999999999992
2018,2019-04-28,Barclays Premier League,Burnley,Manchester City,67.14,94.57,0.067,0.1415,0.7916,0.68,2.73,0.0,1.0,0,27.429999999999993
2018,2019-04-28,Barclays Premier League,Manchester United,Chelsea,76.54,84.53,0.3421,0.2565,0.4014,1.49,1.63,1.0,1.0,1,7.989999999999995
2018,2019-05-03,Barclays Premier League,Everton,Burnley,76.29,66.4,0.4491,0.2813,0.2697,1.47,1.08,2.0,0.0,0,9.89
2018,2019-05-04,Barclays Premier League,Newcastle,Liverpool,66.75,93.43,0.0786,0.1672,0.7542,0.64,2.42,2.0,3.0,0,26.680000000000007
2018,2019-05-04,Barclays Premier League,Cardiff City,Crystal Palace,58.7,70.87,0.331,0.2903,0.3787,1.2,1.3,2.0,3.0,0,12.170000000000002
2018,2019-05-04,Barclays Premier League,Wolverhampton,Fulham,71.55,59.31,0.4614,0.2714,0.2671,1.56,1.13,1.0,0.0,0,12.239999999999995
2018,2019-05-04,Barclays Premier League,AFC Bournemouth,Tottenham Hotspur,65.39,83.33,0.2201,0.2379,0.542,1.16,1.94,1.0,0.0,0,17.939999999999998
2018,2019-05-04,Barclays Premier League,West Ham United,Southampton,64.18,67.71,0.3891,0.2621,0.3488,1.55,1.45,3.0,0.0,0,3.529999999999987
2018,2019-05-05,Barclays Premier League,Chelsea,Watford,84.99,67.58,0.7433,0.1705,0.0862,2.43,0.7,3.0,0.0,0,17.409999999999997
2018,2019-05-05,Barclays Premier League,Huddersfield Town,Manchester United,51.35,76.47,0.1666,0.2374,0.596,0.88,1.89,1.0,1.0,1,25.119999999999997
2018,2019-05-05,Barclays Premier League,Arsenal,Brighton and Hove Albion,78.65,57.2,0.7961,0.15,0.0539,2.45,0.48,1.0,1.0,1,21.450000000000003
2018,2019-05-06,Barclays Premier League,Manchester City,Leicester City,94.49,74.37,0.885,0.0946,0.0204,2.86,0.29,1.0,0.0,0,20.11999999999999
2018,2019-05-12,Barclays Premier League,Manchester United,Cardiff City,76.84,58.35,0.5125,0.2524,0.2351,1.78,1.13,0.0,2.0,0,18.490000000000002
2018,2019-05-12,Barclays Premier League,Brighton and Hove Albion,Manchester City,58.23,94.24,0.0346,0.1127,0.8527,0.43,2.8,1.0,4.0,0,36.01
2018,2019-05-12,Barclays Premier League,Tottenham Hotspur,Everton,83.51,76.69,0.4852,0.276,0.2388,1.54,1.0,2.0,2.0,1,6.820000000000007
2018,2019-05-12,Barclays Premier League,Fulham,Newcastle,58.81,67.54,0.3598,0.2847,0.3555,1.3,1.29,0.0,4.0,0,8.730000000000004
2018,2019-05-12,Barclays Premier League,Leicester City,Chelsea,74.79,84.48,0.3403,0.2709,0.3888,1.36,1.47,0.0,0.0,1,9.689999999999998
2018,2019-05-12,Barclays Premier League,Southampton,Huddersfield Town,66.77,50.81,0.4893,0.2718,0.239,1.58,1.02,1.0,1.0,1,15.959999999999994
2018,2019-05-12,Barclays Premier League,Burnley,Arsenal,66.06,77.72,0.3295,0.2536,0.4169,1.48,1.68,1.0,3.0,0,11.659999999999997
2018,2019-05-12,Barclays Premier League,Crystal Palace,AFC Bournemouth,70.33,67.16,0.4222,0.2559,0.322,1.67,1.43,5.0,3.0,0,3.1700000000000017
2018,2019-05-12,Barclays Premier League,Watford,West Ham United,67.32,65.35,0.4209,0.258,0.3211,1.64,1.41,1.0,4.0,0,1.9699999999999989
2018,2019-05-12,Barclays Premier League,Liverpool,Wolverhampton,93.31,72.23,0.8453,0.1196,0.0351,2.69,0.4,2.0,0.0,0,21.08
2019,2019-08-09,Barclays Premier League,Liverpool,Norwich City,92.88,62.33,0.8801,0.0947,0.0252,2.84,0.34,4.0,1.0,0,30.549999999999997
2019,2019-08-10,Barclays Premier League,Tottenham Hotspur,Aston Villa,85.07,64.64,0.729,0.1804,0.0906,2.18,0.62,3.0,1.0,0,20.429999999999993
2019,2019-08-10,Barclays Premier League,Crystal Palace,Everton,71.02,78.66,0.3564,0.2644,0.3793,1.33,1.38,0.0,0.0,1,7.640000000000001
2019,2019-08-10,Barclays Premier League,AFC Bournemouth,Sheffield United,69.61,61.84,0.5512,0.2374,0.2114,1.8,1.02,1.0,1.0,1,7.769999999999996
2019,2019-08-10,Barclays Premier League,Watford,Brighton and Hove Albion,67.64,62.74,0.5133,0.2496,0.2371,1.67,1.05,0.0,3.0,0,4.899999999999999
2019,2019-08-10,Barclays Premier League,Burnley,Southampton,67.63,68.57,0.445,0.2594,0.2956,1.53,1.2,3.0,0.0,0,0.9399999999999977
2019,2019-08-10,Barclays Premier League,West Ham United,Manchester City,69.97,94.24,0.0997,0.161,0.7393,0.82,2.52,0.0,5.0,0,24.269999999999996
2019,2019-08-11,Barclays Premier League,Leicester City,Wolverhampton,75.28,74.05,0.4683,0.268,0.2637,1.48,1.04,0.0,0.0,1,1.230000000000004
2019,2019-08-11,Barclays Premier League,Newcastle,Arsenal,70.33,79.72,0.3059,0.2471,0.4471,1.33,1.65,0.0,1.0,0,9.39
2019,2019-08-11,Barclays Premier League,Manchester United,Chelsea,79.99,85.88,0.3664,0.2494,0.3843,1.48,1.52,4.0,0.0,0,5.890000000000001
2019,2019-08-17,Barclays Premier League,Manchester City,Tottenham Hotspur,94.37,85.29,0.6913,0.1886,0.1201,2.21,0.8,2.0,2.0,1,9.079999999999998
2019,2019-08-17,Barclays Premier League,Brighton and Hove Albion,West Ham United,64.36,69.09,0.3963,0.2665,0.3373,1.39,1.27,1.0,1.0,1,4.730000000000004
2019,2019-08-17,Barclays Premier League,Everton,Watford,79.14,66.14,0.589,0.2318,0.1792,1.83,0.9,1.0,0.0,0,13.0
2019,2019-08-17,Barclays Premier League,Southampton,Liverpool,67.97,92.4,0.14,0.1866,0.6734,0.96,2.32,1.0,2.0,0,24.430000000000007
2019,2019-08-17,Barclays Premier League,Aston Villa,AFC Bournemouth,64.1,69.08,0.397,0.256,0.347,1.48,1.37,1.0,2.0,0,4.980000000000004
2019,2019-08-17,Barclays Premier League,Arsenal,Burnley,80.42,68.31,0.6384,0.2059,0.1557,2.1,0.93,2.0,1.0,0,12.11
2019,2019-08-17,Barclays Premier League,Norwich City,Newcastle,63.1,70.04,0.3873,0.283,0.3297,1.26,1.14,3.0,1.0,0,6.940000000000005
2019,2019-08-18,Barclays Premier League,Sheffield United,Crystal Palace,62.64,71.0,0.3675,0.2742,0.3583,1.28,1.26,1.0,0.0,0,8.36
2019,2019-08-18,Barclays Premier League,Chelsea,Leicester City,84.6,75.41,0.6168,0.2238,0.1593,1.89,0.84,1.0,1.0,1,9.189999999999998
2019,2019-08-19,Barclays Premier League,Wolverhampton,Manchester United,74.35,81.35,0.3177,0.2598,0.4225,1.26,1.49,1.0,1.0,1,7.0
2019,2019-08-23,Barclays Premier League,Aston Villa,Everton,64.23,78.57,0.3039,0.2747,0.4214,1.12,1.37,2.0,0.0,0,14.33999999999999
2019,2019-08-24,Barclays Premier League,Brighton and Hove Albion,Southampton,65.23,68.94,0.405,0.2714,0.3236,1.37,1.2,0.0,2.0,0,3.7099999999999937
2019,2019-08-24,Barclays Premier League,Norwich City,Chelsea,64.26,84.09,0.2096,0.2357,0.5547,1.02,1.81,2.0,3.0,0,19.83
2019,2019-08-24,Barclays Premier League,Sheffield United,Leicester City,63.78,76.13,0.3262,0.2837,0.3901,1.13,1.26,1.0,2.0,0,12.349999999999994
2019,2019-08-24,Barclays Premier League,Watford,West Ham United,67.17,68.3,0.4507,0.2489,0.3003,1.63,1.29,1.0,3.0,0,1.1299999999999955
2019,2019-08-24,Barclays Premier League,Manchester United,Crystal Palace,81.86,70.22,0.6352,0.211,0.1538,2.03,0.88,1.0,2.0,0,11.64
2019,2019-08-24,Barclays Premier League,Liverpool,Arsenal,91.91,79.81,0.6648,0.1874,0.1478,2.34,1.02,3.0,1.0,0,12.099999999999994
2019,2019-08-25,Barclays Premier League,Wolverhampton,Burnley,74.08,68.99,0.4908,0.267,0.2421,1.5,0.97,1.0,1.0,1,5.090000000000003
2019,2019-08-25,Barclays Premier League,Tottenham Hotspur,Newcastle,84.92,68.71,0.6953,0.1955,0.1092,2.08,0.68,0.0,1.0,0,16.210000000000008
2019,2019-08-25,Barclays Premier League,AFC Bournemouth,Manchester City,68.67,94.54,0.0899,0.145,0.7651,0.85,2.74,1.0,3.0,0,25.870000000000005
2019,2019-08-31,Barclays Premier League,Manchester City,Brighton and Hove Albion,94.68,64.45,0.9146,0.0721,0.0133,3.03,0.22,4.0,0.0,0,30.230000000000004
2019,2019-08-31,Barclays Premier League,Chelsea,Sheffield United,84.31,63.46,0.7425,0.1751,0.0824,2.2,0.58,2.0,2.0,1,20.85
2019,2019-08-31,Barclays Premier League,Burnley,Liverpool,69.73,92.14,0.1445,0.1915,0.664,0.96,2.26,0.0,3.0,0,22.409999999999997
2019,2019-08-31,Barclays Premier League,Newcastle,Watford,69.56,65.98,0.4637,0.2582,0.2781,1.56,1.15,1.0,1.0,1,3.5799999999999983
2019,2019-08-31,Barclays Premier League,West Ham United,Norwich City,68.63,63.58,0.5156,0.243,0.2414,1.74,1.11,2.0,0.0,0,5.049999999999997
2019,2019-08-31,Barclays Premier League,Crystal Palace,Aston Villa,70.22,64.61,0.5031,0.2565,0.2404,1.6,1.02,1.0,0.0,0,5.609999999999999
2019,2019-08-31,Barclays Premier League,Southampton,Manchester United,69.85,81.82,0.2847,0.2457,0.4696,1.26,1.69,1.0,1.0,1,11.969999999999999
2019,2019-08-31,Barclays Premier League,Leicester City,AFC Bournemouth,76.34,68.59,0.5334,0.2374,0.2292,1.8,1.1,3.0,1.0,0,7.75
2019,2019-09-01,Barclays Premier League,Everton,Wolverhampton,78.37,73.38,0.5148,0.2737,0.2115,1.46,0.83,3.0,2.0,0,4.990000000000009
2019,2019-09-01,Barclays Premier League,Arsenal,Tottenham Hotspur,79.36,84.49,0.3918,0.2446,0.3636,1.58,1.52,2.0,2.0,1,5.1299999999999955
2019,2019-09-14,Barclays Premier League,Norwich City,Manchester City,62.87,94.69,0.0712,0.136,0.7928,0.71,2.72,3.0,2.0,0,31.82
2019,2019-09-14,Barclays Premier League,Wolverhampton,Chelsea,73.43,83.5,0.2857,0.2534,0.4609,1.21,1.6,2.0,5.0,0,10.069999999999993
2019,2019-09-14,Barclays Premier League,Manchester United,Leicester City,82.17,76.73,0.5508,0.2408,0.2084,1.76,0.99,1.0,0.0,0,5.439999999999998
2019,2019-09-14,Barclays Premier League,Brighton and Hove Albion,Burnley,64.86,69.1,0.413,0.2756,0.3114,1.35,1.14,1.0,1.0,1,4.239999999999995
2019,2019-09-14,Barclays Premier League,Tottenham Hotspur,Crystal Palace,83.73,71.06,0.655,0.206,0.139,2.05,0.82,4.0,0.0,0,12.670000000000002
2019,2019-09-14,Barclays Premier League,Liverpool,Newcastle,92.6,69.14,0.8504,0.1157,0.0339,2.61,0.36,3.0,1.0,0,23.459999999999994
2019,2019-09-14,Barclays Premier League,Sheffield United,Southampton,64.23,69.57,0.397,0.2746,0.3284,1.33,1.19,0.0,1.0,0,5.339999999999989
2019,2019-09-15,Barclays Premier League,AFC Bournemouth,Everton,68.07,77.62,0.3608,0.2526,0.3866,1.44,1.5,3.0,1.0,0,9.550000000000011
2019,2019-09-15,Barclays Premier League,Watford,Arsenal,66.62,79.93,0.2921,0.2286,0.4793,1.45,1.9,2.0,2.0,1,13.310000000000002
2019,2019-09-16,Barclays Premier League,Aston Villa,West Ham United,64.02,69.4,0.3959,0.2592,0.3449,1.45,1.34,0.0,0.0,1,5.38000000000001
2019,2019-09-20,Barclays Premier League,Southampton,AFC Bournemouth,69.83,68.53,0.4506,0.2441,0.3054,1.69,1.35,1.0,3.0,0,1.2999999999999972
2019,2019-09-21,Barclays Premier League,Newcastle,Brighton and Hove Albion,68.53,65.56,0.473,0.2772,0.2498,1.41,0.94,0.0,0.0,1,2.969999999999999
2019,2019-09-21,Barclays Premier League,Everton,Sheffield United,77.18,63.99,0.5826,0.2464,0.1711,1.68,0.78,0.0,2.0,0,13.190000000000005
2019,2019-09-21,Barclays Premier League,Leicester City,Tottenham Hotspur,77.09,84.19,0.3223,0.2637,0.414,1.25,1.45,2.0,1.0,0,7.099999999999994
2019,2019-09-21,Barclays Premier League,Manchester City,Watford,94.87,68.34,0.892,0.0807,0.0273,3.24,0.46,8.0,0.0,0,26.53
2019,2019-09-21,Barclays Premier League,Burnley,Norwich City,68.65,64.42,0.4875,0.2585,0.2541,1.57,1.06,2.0,0.0,0,4.230000000000004
2019,2019-09-22,Barclays Premier League,West Ham United,Manchester United,69.7,82.34,0.2788,0.2454,0.4758,1.24,1.7,2.0,0.0,0,12.64
2019,2019-09-22,Barclays Premier League,Crystal Palace,Wolverhampton,70.51,71.4,0.4394,0.2697,0.2909,1.43,1.12,1.0,1.0,1,0.8900000000000006
2019,2019-09-22,Barclays Premier League,Arsenal,Aston Villa,79.23,64.34,0.6588,0.1992,0.142,2.15,0.88,3.0,2.0,0,14.89
2019,2019-09-22,Barclays Premier League,Chelsea,Liverpool,84.09,92.4,0.3013,0.2339,0.4648,1.43,1.82,1.0,2.0,0,8.310000000000002
2019,2019-09-28,Barclays Premier League,Tottenham Hotspur,Southampton,83.71,69.72,0.6654,0.1995,0.1351,2.12,0.83,2.0,1.0,0,13.989999999999995
2019,2019-09-28,Barclays Premier League,Sheffield United,Liverpool,65.05,92.43,0.1093,0.1794,0.7113,0.77,2.29,0.0,1.0,0,27.38000000000001
2019,2019-09-28,Barclays Premier League,Wolverhampton,Watford,71.85,65.57,0.4945,0.2452,0.2603,1.71,1.18,2.0,0.0,0,6.280000000000001
2019,2019-09-28,Barclays Premier League,Crystal Palace,Norwich City,70.03,63.34,0.5116,0.251,0.2374,1.65,1.05,2.0,0.0,0,6.689999999999998
2019,2019-09-28,Barclays Premier League,Aston Villa,Burnley,64.63,69.57,0.4102,0.2741,0.3157,1.36,1.16,2.0,2.0,1,4.939999999999998
2019,2019-09-28,Barclays Premier League,AFC Bournemouth,West Ham United,68.56,70.23,0.4479,0.2399,0.3122,1.73,1.41,2.0,2.0,1,1.6700000000000017
2019,2019-09-28,Barclays Premier League,Chelsea,Brighton and Hove Albion,84.1,66.7,0.705,0.1889,0.106,2.14,0.69,2.0,0.0,0,17.39999999999999
2019,2019-09-28,Barclays Premier League,Everton,Manchester City,76.51,95.46,0.1276,0.1821,0.6904,0.9,2.34,1.0,3.0,0,18.94999999999999
2019,2019-09-29,Barclays Premier League,Leicester City,Newcastle,77.55,67.87,0.5619,0.2586,0.1794,1.58,0.77,5.0,0.0,0,9.679999999999993
2019,2019-09-30,Barclays Premier League,Manchester United,Arsenal,82.24,78.55,0.4857,0.2333,0.2809,1.84,1.36,1.0,1.0,1,3.6899999999999977
2019,2019-10-05,Barclays Premier League,Watford,Sheffield United,65.89,65.49,0.4898,0.2538,0.2563,1.62,1.1,0.0,0.0,1,0.4000000000000057
2019,2019-10-05,Barclays Premier League,West Ham United,Crystal Palace,70.0,70.37,0.4541,0.2568,0.289,1.56,1.19,1.0,2.0,0,0.37000000000000455
2019,2019-10-05,Barclays Premier League,Norwich City,Aston Villa,63.19,64.12,0.4479,0.265,0.2871,1.48,1.13,1.0,5.0,0,0.9300000000000068
2019,2019-10-05,Barclays Premier League,Burnley,Everton,69.81,76.75,0.3768,0.2712,0.352,1.32,1.27,1.0,0.0,0,6.939999999999998
2019,2019-10-05,Barclays Premier League,Liverpool,Leicester City,92.34,79.2,0.7015,0.1881,0.1104,2.17,0.73,2.0,1.0,0,13.14
2019,2019-10-05,Barclays Premier League,Brighton and Hove Albion,Tottenham Hotspur,65.79,82.63,0.2294,0.2426,0.5279,1.07,1.74,3.0,0.0,0,16.83999999999999
2019,2019-10-06,Barclays Premier League,Manchester City,Wolverhampton,95.75,71.81,0.8938,0.0836,0.0226,3.03,0.35,0.0,2.0,0,23.939999999999998
2019,2019-10-06,Barclays Premier League,Southampton,Chelsea,70.68,84.99,0.2411,0.2326,0.5263,1.19,1.86,1.0,4.0,0,14.309999999999988
2019,2019-10-06,Barclays Premier League,Arsenal,AFC Bournemouth,80.35,68.46,0.6415,0.1851,0.1734,2.48,1.23,1.0,0.0,0,11.89
2019,2019-10-06,Barclays Premier League,Newcastle,Manchester United,65.84,81.27,0.2735,0.2734,0.4531,1.04,1.42,1.0,0.0,0,15.429999999999993
2019,2019-10-19,Barclays Premier League,Crystal Palace,Manchester City,71.43,95.22,0.1049,0.1576,0.7376,0.9,2.62,0.0,2.0,0,23.789999999999992
2019,2019-10-19,Barclays Premier League,Tottenham Hotspur,Watford,80.19,66.18,0.6352,0.2003,0.1645,2.2,1.03,1.0,1.0,1,14.009999999999991
2019,2019-10-19,Barclays Premier League,Wolverhampton,Southampton,73.43,70.04,0.4679,0.2691,0.263,1.47,1.03,1.0,1.0,1,3.3900000000000006
2019,2019-10-19,Barclays Premier League,Aston Villa,Brighton and Hove Albion,65.69,68.56,0.4381,0.2699,0.2921,1.43,1.12,2.0,1.0,0,2.8700000000000045
2019,2019-10-19,Barclays Premier League,AFC Bournemouth,Norwich City,69.05,60.26,0.5449,0.2233,0.2318,1.98,1.23,0.0,0.0,1,8.79
2019,2019-10-19,Barclays Premier League,Chelsea,Newcastle,85.47,66.57,0.7279,0.1793,0.0928,2.2,0.64,1.0,0.0,0,18.900000000000006
2019,2019-10-19,Barclays Premier League,Leicester City,Burnley,78.33,70.11,0.5723,0.2485,0.1791,1.67,0.81,2.0,1.0,0,8.219999999999999
2019,2019-10-19,Barclays Premier League,Everton,West Ham United,76.89,68.8,0.5362,0.2456,0.2182,1.71,1.0,2.0,0.0,0,8.090000000000003
2019,2019-10-20,Barclays Premier League,Manchester United,Liverpool,80.99,92.78,0.2227,0.235,0.5423,1.09,1.83,1.0,1.0,1,11.790000000000006
2019,2019-10-21,Barclays Premier League,Sheffield United,Arsenal,65.95,80.25,0.2465,0.2426,0.511,1.14,1.74,1.0,0.0,0,14.299999999999997
2019,2019-10-25,Barclays Premier League,Southampton,Leicester City,71.1,77.71,0.36,0.2721,0.3679,1.28,1.3,0.0,9.0,0,6.609999999999999
2019,2019-10-26,Barclays Premier League,Burnley,Chelsea,70.57,86.37,0.2214,0.235,0.5436,1.08,1.83,2.0,4.0,0,15.800000000000011
2019,2019-10-26,Barclays Premier League,West Ham United,Sheffield United,67.87,66.31,0.4852,0.2677,0.2471,1.49,0.98,1.0,1.0,1,1.5600000000000023
2019,2019-10-26,Barclays Premier League,Manchester City,Aston Villa,95.41,66.15,0.9164,0.0642,0.0194,3.49,0.42,3.0,0.0,0,29.25999999999999
2019,2019-10-26,Barclays Premier League,Watford,AFC Bournemouth,66.88,68.89,0.448,0.2425,0.3095,1.7,1.38,0.0,0.0,1,2.010000000000005
2019,2019-10-26,Barclays Premier League,Brighton and Hove Albion,Everton,67.57,77.8,0.3508,0.2798,0.3694,1.21,1.25,3.0,2.0,0,10.230000000000004
2019,2019-10-27,Barclays Premier League,Newcastle,Wolverhampton,66.29,72.26,0.3958,0.2961,0.3081,1.19,1.02,1.0,1.0,1,5.969999999999999
2019,2019-10-27,Barclays Premier League,Norwich City,Manchester United,61.29,80.61,0.2686,0.2629,0.4686,1.09,1.52,1.0,3.0,0,19.32
2019,2019-10-27,Barclays Premier League,Arsenal,Crystal Palace,79.59,70.49,0.6186,0.2088,0.1726,2.1,1.01,2.0,2.0,1,9.100000000000009
2019,2019-10-27,Barclays Premier League,Liverpool,Tottenham Hotspur,92.97,81.43,0.6837,0.1803,0.1359,2.4,0.98,2.0,1.0,0,11.539999999999992
2019,2019-11-02,Barclays Premier League,Watford,Chelsea,66.87,85.82,0.2182,0.2234,0.5584,1.16,1.97,1.0,2.0,0,18.94999999999999
2019,2019-11-02,Barclays Premier League,AFC Bournemouth,Manchester United,69.67,81.48,0.311,0.2633,0.4257,1.22,1.47,1.0,0.0,0,11.810000000000002
2019,2019-11-02,Barclays Premier League,Manchester City,Southampton,95.42,65.92,0.918,0.0633,0.0188,3.49,0.41,2.0,1.0,0,29.5
2019,2019-11-02,Barclays Premier League,West Ham United,Newcastle,68.0,65.45,0.4875,0.2626,0.2499,1.54,1.02,2.0,3.0,0,2.549999999999997
2019,2019-11-02,Barclays Premier League,Aston Villa,Liverpool,66.07,92.93,0.1075,0.1608,0.7317,0.9,2.58,1.0,2.0,0,26.860000000000014
2019,2019-11-02,Barclays Premier League,Arsenal,Wolverhampton,78.8,72.87,0.5827,0.225,0.1923,1.92,1.01,1.0,1.0,1,5.929999999999993
2019,2019-11-02,Barclays Premier League,Brighton and Hove Albion,Norwich City,68.0,59.65,0.5169,0.2499,0.2333,1.67,1.04,2.0,0.0,0,8.350000000000001
2019,2019-11-02,Barclays Premier League,Sheffield United,Burnley,65.99,70.99,0.3877,0.2842,0.3281,1.25,1.13,3.0,0.0,0,5.0
2019,2019-11-03,Barclays Premier League,Everton,Tottenham Hotspur,77.22,81.42,0.3517,0.2534,0.3949,1.41,1.5,1.0,1.0,1,4.200000000000003
2019,2019-11-03,Barclays Premier League,Crystal Palace,Leicester City,71.28,81.33,0.2928,0.2617,0.4455,1.17,1.51,0.0,2.0,0,10.049999999999997
2019,2019-11-08,Barclays Premier League,Norwich City,Watford,57.95,66.95,0.363,0.2556,0.3814,1.42,1.46,0.0,2.0,0,9.0
2019,2019-11-09,Barclays Premier League,Chelsea,Crystal Palace,86.49,70.4,0.717,0.1774,0.1056,2.3,0.76,2.0,0.0,0,16.08999999999999
2019,2019-11-09,Barclays Premier League,Burnley,West Ham United,68.6,67.15,0.4559,0.2472,0.2968,1.66,1.29,3.0,0.0,0,1.4499999999999886
2019,2019-11-09,Barclays Premier League,Newcastle,AFC Bournemouth,65.45,70.6,0.4003,0.2674,0.3323,1.39,1.25,2.0,1.0,0,5.1499999999999915
2019,2019-11-09,Barclays Premier League,Southampton,Everton,65.51,77.72,0.349,0.2668,0.3842,1.29,1.37,1.0,2.0,0,12.209999999999994
2019,2019-11-09,Barclays Premier League,Tottenham Hotspur,Sheffield United,82.91,68.02,0.6792,0.1993,0.1215,2.08,0.74,1.0,1.0,1,14.89
2019,2019-11-09,Barclays Premier League,Leicester City,Arsenal,82.33,77.5,0.5248,0.2344,0.2408,1.84,1.18,2.0,0.0,0,4.829999999999998
2019,2019-11-10,Barclays Premier League,Manchester United,Brighton and Hove Albion,81.29,69.39,0.5965,0.2416,0.1619,1.71,0.76,3.0,1.0,0,11.900000000000006
2019,2019-11-10,Barclays Premier League,Wolverhampton,Aston Villa,73.39,65.81,0.5006,0.2601,0.2392,1.56,1.0,2.0,1.0,0,7.579999999999998
2019,2019-11-10,Barclays Premier League,Liverpool,Manchester City,92.71,95.44,0.3757,0.2271,0.3972,1.75,1.8,3.0,1.0,0,2.730000000000004
2019,2019-11-23,Barclays Premier League,Manchester City,Chelsea,95.24,87.16,0.6756,0.1768,0.1476,2.52,1.11,2.0,1.0,0,8.079999999999998
2019,2019-11-23,Barclays Premier League,Everton,Norwich City,78.91,57.42,0.6468,0.2148,0.1384,1.95,0.77,0.0,2.0,0,21.489999999999995
2019,2019-11-23,Barclays Premier League,Watford,Burnley,67.8,70.07,0.4488,0.2595,0.2917,1.53,1.18,0.0,3.0,0,2.269999999999996
2019,2019-11-23,Barclays Premier League,Brighton and Hove Albion,Leicester City,68.39,82.68,0.2574,0.2571,0.4855,1.08,1.58,0.0,2.0,0,14.290000000000006
2019,2019-11-23,Barclays Premier League,AFC Bournemouth,Wolverhampton,70.31,73.67,0.4366,0.268,0.2954,1.44,1.14,1.0,2.0,0,3.3599999999999994
2019,2019-11-23,Barclays Premier League,Crystal Palace,Liverpool,69.54,92.96,0.1164,0.1769,0.7067,0.85,2.36,1.0,2.0,0,23.419999999999987
2019,2019-11-23,Barclays Premier League,West Ham United,Tottenham Hotspur,65.69,82.39,0.2616,0.2235,0.5149,1.37,1.99,2.0,3.0,0,16.700000000000003
2019,2019-11-23,Barclays Premier League,Arsenal,Southampton,77.16,64.05,0.607,0.2073,0.1857,2.15,1.11,2.0,2.0,1,13.11
2019,2019-11-24,Barclays Premier League,Sheffield United,Manchester United,68.72,81.68,0.2804,0.281,0.4385,1.02,1.35,3.0,3.0,1,12.960000000000008
2019,2019-11-25,Barclays Premier League,Aston Villa,Newcastle,65.61,65.53,0.4722,0.2616,0.2662,1.53,1.09,2.0,0.0,0,0.0799999999999983
2019,2019-11-30,Barclays Premier League,Southampton,Watford,65.31,66.44,0.4499,0.2517,0.2984,1.61,1.26,2.0,1.0,0,1.1299999999999955
2019,2019-11-30,Barclays Premier League,Tottenham Hotspur,AFC Bournemouth,82.95,69.08,0.6622,0.1889,0.1489,2.32,1.01,3.0,2.0,0,13.870000000000005
2019,2019-11-30,Barclays Premier League,Liverpool,Brighton and Hove Albion,92.43,66.85,0.8744,0.0959,0.0297,2.91,0.4,2.0,1.0,0,25.580000000000013
2019,2019-11-30,Barclays Premier League,Chelsea,West Ham United,86.72,65.51,0.7748,0.1431,0.0821,2.7,0.78,0.0,1.0,0,21.209999999999994
2019,2019-11-30,Barclays Premier League,Newcastle,Manchester City,64.07,94.74,0.0799,0.1389,0.7812,0.79,2.76,2.0,2.0,1,30.67
2019,2019-11-30,Barclays Premier League,Burnley,Crystal Palace,71.33,70.21,0.4637,0.2621,0.2743,1.52,1.11,0.0,2.0,0,1.1200000000000045
2019,2019-12-01,Barclays Premier League,Wolverhampton,Sheffield United,74.84,68.92,0.5073,0.2737,0.2191,1.46,0.86,1.0,1.0,1,5.920000000000002
2019,2019-12-01,Barclays Premier League,Norwich City,Arsenal,59.35,75.38,0.2973,0.2314,0.4712,1.44,1.86,2.0,2.0,1,16.029999999999994
2019,2019-12-01,Barclays Premier League,Manchester United,Aston Villa,80.16,67.06,0.5956,0.2272,0.1772,1.88,0.91,2.0,2.0,1,13.099999999999994
2019,2019-12-01,Barclays Premier League,Leicester City,Everton,83.73,77.3,0.5814,0.245,0.1736,1.69,0.8,2.0,1.0,0,6.430000000000007
2019,2019-12-03,Barclays Premier League,Crystal Palace,AFC Bournemouth,70.71,68.83,0.4509,0.2551,0.294,1.57,1.22,1.0,0.0,0,1.8799999999999955
2019,2019-12-03,Barclays Premier League,Burnley,Manchester City,70.9,94.79,0.107,0.1568,0.7362,0.93,2.65,1.0,4.0,0,23.89
2019,2019-12-04,Barclays Premier League,Leicester City,Watford,83.69,65.76,0.6789,0.2004,0.1207,2.06,0.73,2.0,0.0,0,17.929999999999993
2019,2019-12-04,Barclays Premier League,Wolverhampton,West Ham United,73.96,66.53,0.4958,0.2543,0.2499,1.62,1.07,2.0,0.0,0,7.429999999999993
2019,2019-12-04,Barclays Premier League,Liverpool,Everton,91.85,77.05,0.7575,0.1622,0.0802,2.36,0.63,5.0,2.0,0,14.799999999999997
2019,2019-12-04,Barclays Premier League,Chelsea,Aston Villa,86.21,67.26,0.7574,0.1546,0.088,2.54,0.75,2.0,1.0,0,18.94999999999999
2019,2019-12-04,Barclays Premier League,Manchester United,Tottenham Hotspur,79.77,82.88,0.3759,0.2432,0.3809,1.56,1.57,2.0,1.0,0,3.1099999999999994
2019,2019-12-04,Barclays Premier League,Southampton,Norwich City,66.11,58.96,0.5329,0.2352,0.2319,1.83,1.13,2.0,1.0,0,7.149999999999999
2019,2019-12-05,Barclays Premier League,Sheffield United,Newcastle,69.78,63.91,0.4897,0.2733,0.237,1.45,0.92,0.0,2.0,0,5.8700000000000045
2019,2019-12-05,Barclays Premier League,Arsenal,Brighton and Hove Albion,75.68,68.11,0.5518,0.2247,0.2234,1.96,1.17,1.0,2.0,0,7.570000000000007
2019,2019-12-07,Barclays Premier League,Everton,Chelsea,77.31,86.08,0.2891,0.2433,0.4675,1.3,1.71,3.0,1.0,0,8.769999999999996
2019,2019-12-07,Barclays Premier League,AFC Bournemouth,Liverpool,69.44,91.43,0.1418,0.18,0.6783,1.03,2.44,0.0,3.0,0,21.99000000000001
2019,2019-12-07,Barclays Premier League,Watford,Crystal Palace,65.51,70.64,0.4274,0.2728,0.2998,1.39,1.12,0.0,0.0,1,5.1299999999999955
2019,2019-12-07,Barclays Premier League,Tottenham Hotspur,Burnley,82.7,70.35,0.6527,0.1959,0.1515,2.22,0.97,5.0,0.0,0,12.350000000000009
2019,2019-12-07,Barclays Premier League,Manchester City,Manchester United,95.01,80.08,0.7926,0.1381,0.0693,2.66,0.67,1.0,2.0,0,14.930000000000007
2019,2019-12-08,Barclays Premier League,Norwich City,Sheffield United,58.67,69.04,0.3765,0.2701,0.3534,1.33,1.28,1.0,2.0,0,10.370000000000005
2019,2019-12-08,Barclays Premier League,Aston Villa,Leicester City,67.47,84.07,0.2553,0.2451,0.4996,1.16,1.71,1.0,4.0,0,16.599999999999994
2019,2019-12-08,Barclays Premier League,Newcastle,Southampton,64.74,66.4,0.4115,0.2643,0.3242,1.44,1.25,2.0,1.0,0,1.6600000000000108
2019,2019-12-08,Barclays Premier League,Brighton and Hove Albion,Wolverhampton,69.41,74.74,0.4037,0.2782,0.3181,1.32,1.14,2.0,2.0,1,5.329999999999998
2019,2019-12-09,Barclays Premier League,West Ham United,Arsenal,65.85,74.5,0.372,0.2354,0.3926,1.64,1.69,1.0,3.0,0,8.650000000000006
2019,2019-12-14,Barclays Premier League,Leicester City,Norwich City,84.51,58.31,0.7936,0.144,0.0625,2.49,0.55,1.0,1.0,1,26.200000000000003
2019,2019-12-14,Barclays Premier League,Southampton,West Ham United,66.58,64.92,0.4718,0.2431,0.2851,1.72,1.29,0.0,1.0,0,1.6599999999999966
2019,2019-12-14,Barclays Premier League,Sheffield United,Aston Villa,69.54,66.09,0.4483,0.2605,0.2912,1.52,1.18,2.0,0.0,0,3.450000000000003
2019,2019-12-14,Barclays Premier League,Burnley,Newcastle,69.3,64.5,0.5176,0.2569,0.2255,1.6,0.96,1.0,0.0,0,4.799999999999997
2019,2019-12-14,Barclays Premier League,Liverpool,Watford,92.96,66.52,0.8534,0.1081,0.0385,2.83,0.47,2.0,0.0,0,26.439999999999998
2019,2019-12-14,Barclays Premier League,Chelsea,AFC Bournemouth,85.86,67.86,0.741,0.161,0.0979,2.51,0.8,0.0,1.0,0,18.0
2019,2019-12-15,Barclays Premier League,Manchester United,Everton,81.2,77.53,0.5294,0.246,0.2247,1.71,1.02,1.0,1.0,1,3.6700000000000017
2019,2019-12-15,Barclays Premier League,Wolverhampton,Tottenham Hotspur,76.17,83.27,0.3115,0.2488,0.4397,1.33,1.62,1.0,2.0,0,7.099999999999994
2019,2019-12-15,Barclays Premier League,Arsenal,Manchester City,75.54,94.9,0.1524,0.1687,0.6789,1.25,2.71,0.0,3.0,0,19.36
2019,2019-12-16,Barclays Premier League,Crystal Palace,Brighton and Hove Albion,70.27,68.71,0.4461,0.2718,0.2821,1.42,1.08,1.0,1.0,1,1.5600000000000023
2019,2019-12-21,Barclays Premier League,AFC Bournemouth,Burnley,68.97,69.34,0.4582,0.2579,0.284,1.56,1.17,0.0,1.0,0,0.37000000000000455
2019,2019-12-21,Barclays Premier League,Manchester City,Leicester City,95.29,83.55,0.7512,0.1562,0.0927,2.55,0.79,3.0,1.0,0,11.740000000000009
2019,2019-12-21,Barclays Premier League,Aston Villa,Southampton,65.24,65.8,0.4545,0.244,0.3014,1.69,1.34,1.0,3.0,0,0.5600000000000023
2019,2019-12-21,Barclays Premier League,Norwich City,Wolverhampton,59.79,76.1,0.3155,0.2665,0.418,1.21,1.43,1.0,2.0,0,16.309999999999995
2019,2019-12-21,Barclays Premier League,Newcastle,Crystal Palace,64.79,69.23,0.4143,0.2868,0.2989,1.28,1.04,1.0,0.0,0,4.439999999999998
2019,2019-12-21,Barclays Premier League,Everton,Arsenal,77.48,74.95,0.4733,0.2455,0.2812,1.69,1.25,0.0,0.0,1,2.530000000000001
2019,2019-12-21,Barclays Premier League,Brighton and Hove Albion,Sheffield United,69.71,70.44,0.4639,0.2697,0.2664,1.46,1.04,0.0,1.0,0,0.730000000000004
2019,2019-12-22,Barclays Premier League,Tottenham Hotspur,Chelsea,83.37,85.22,0.4286,0.2283,0.3431,1.85,1.64,0.0,2.0,0,1.8499999999999943
2019,2019-12-22,Barclays Premier League,Watford,Manchester United,67.57,81.47,0.2956,0.2658,0.4386,1.15,1.46,2.0,0.0,0,13.900000000000006
2019,2019-12-26,Barclays Premier League,Aston Villa,Norwich City,63.9,59.27,0.5254,0.2339,0.2407,1.85,1.18,1.0,0.0,0,4.6299999999999955
2019,2019-12-26,Barclays Premier League,Chelsea,Southampton,86.28,66.8,0.759,0.154,0.087,2.54,0.74,0.0,2.0,0,19.480000000000004
2019,2019-12-26,Barclays Premier League,Manchester United,Newcastle,80.44,64.6,0.6517,0.2195,0.1288,1.87,0.69,4.0,1.0,0,15.840000000000003
2019,2019-12-26,Barclays Premier League,Leicester City,Liverpool,83.05,92.56,0.2631,0.2335,0.5034,1.28,1.85,0.0,4.0,0,9.510000000000005
2019,2019-12-26,Barclays Premier League,AFC Bournemouth,Arsenal,68.68,75.46,0.3855,0.2565,0.358,1.46,1.4,1.0,1.0,1,6.779999999999987
2019,2019-12-26,Barclays Premier League,Sheffield United,Watford,71.45,68.73,0.4268,0.2852,0.288,1.31,1.02,1.0,1.0,1,2.719999999999999
2019,2019-12-26,Barclays Premier League,Tottenham Hotspur,Brighton and Hove Albion,82.47,69.12,0.6555,0.1985,0.146,2.17,0.92,2.0,1.0,0,13.349999999999994
2019,2019-12-26,Barclays Premier League,Everton,Burnley,77.57,70.43,0.5368,0.2569,0.2063,1.6,0.89,1.0,0.0,0,7.139999999999986
2019,2019-12-26,Barclays Premier League,Crystal Palace,West Ham United,69.68,66.1,0.4536,0.2675,0.2789,1.47,1.09,2.0,1.0,0,3.5800000000000125
2019,2019-12-27,Barclays Premier League,Wolverhampton,Manchester City,76.49,95.47,0.1503,0.1919,0.6578,1.0,2.28,3.0,2.0,0,18.980000000000004
2019,2019-12-28,Barclays Premier League,Brighton and Hove Albion,AFC Bournemouth,69.85,68.23,0.4663,0.2628,0.271,1.52,1.09,2.0,0.0,0,1.6199999999999903
2019,2019-12-28,Barclays Premier League,Watford,Aston Villa,68.22,63.42,0.4875,0.2504,0.2621,1.65,1.15,3.0,0.0,0,4.799999999999997
2019,2019-12-28,Barclays Premier League,Newcastle,Everton,63.78,77.89,0.3077,0.279,0.4133,1.11,1.33,1.0,2.0,0,14.11
2019,2019-12-28,Barclays Premier League,Southampton,Crystal Palace,68.37,70.19,0.4622,0.2634,0.2744,1.51,1.1,1.0,1.0,1,1.8199999999999932
2019,2019-12-28,Barclays Premier League,Norwich City,Tottenham Hotspur,60.16,82.0,0.1965,0.2126,0.5909,1.13,2.09,2.0,2.0,1,21.840000000000003
2019,2019-12-28,Barclays Premier League,Burnley,Manchester United,70.38,80.8,0.2997,0.2662,0.4341,1.16,1.46,0.0,2.0,0,10.420000000000002
2019,2019-12-28,Barclays Premier League,West Ham United,Leicester City,65.09,80.89,0.2727,0.242,0.4852,1.25,1.74,1.0,2.0,0,15.799999999999997
2019,2019-12-29,Barclays Premier League,Arsenal,Chelsea,75.9,85.4,0.2822,0.2354,0.4825,1.34,1.82,1.0,2.0,0,9.5
2019,2019-12-29,Barclays Premier League,Liverpool,Wolverhampton,93.8,78.45,0.76,0.1598,0.0802,2.4,0.64,1.0,0.0,0,15.349999999999994
2019,2019-12-29,Barclays Premier League,Manchester City,Sheffield United,94.53,71.91,0.8507,0.1095,0.0398,2.82,0.48,2.0,0.0,0,22.620000000000005
2019,2020-01-01,Barclays Premier League,Arsenal,Manchester United,75.56,81.75,0.3459,0.2551,0.399,1.38,1.5,2.0,0.0,0,6.189999999999998
2019,2020-01-01,Barclays Premier League,West Ham United,AFC Bournemouth,64.78,68.0,0.4361,0.2566,0.3073,1.54,1.26,4.0,0.0,0,3.219999999999999
2019,2020-01-01,Barclays Premier League,Norwich City,Crystal Palace,59.95,69.91,0.3742,0.2764,0.3493,1.28,1.23,1.0,1.0,1,9.959999999999994
2019,2020-01-01,Barclays Premier League,Manchester City,Everton,94.17,77.82,0.7866,0.1413,0.0721,2.63,0.68,2.0,1.0,0,16.35000000000001
2019,2020-01-01,Barclays Premier League,Southampton,Tottenham Hotspur,68.97,82.24,0.2711,0.2339,0.495,1.31,1.84,1.0,0.0,0,13.269999999999996
2019,2020-01-01,Barclays Premier League,Newcastle,Leicester City,63.33,81.03,0.2378,0.2476,0.5146,1.07,1.69,0.0,3.0,0,17.700000000000003
2019,2020-01-01,Barclays Premier League,Burnley,Aston Villa,69.44,61.33,0.4966,0.251,0.2524,1.65,1.1,1.0,2.0,0,8.11
2019,2020-01-01,Barclays Premier League,Brighton and Hove Albion,Chelsea,70.31,85.74,0.2215,0.2334,0.5452,1.1,1.85,1.0,1.0,1,15.429999999999993
2019,2020-01-01,Barclays Premier League,Watford,Wolverhampton,69.87,78.66,0.368,0.278,0.354,1.26,1.23,2.0,1.0,0,8.789999999999992
2019,2020-01-02,Barclays Premier League,Liverpool,Sheffield United,93.82,72.98,0.8273,0.1304,0.0423,2.49,0.4,2.0,0.0,0,20.83999999999999
2019,2020-01-10,Barclays Premier League,Sheffield United,West Ham United,72.3,66.85,0.4565,0.2661,0.2774,1.48,1.1,1.0,0.0,0,5.450000000000003
2019,2020-01-11,Barclays Premier League,Tottenham Hotspur,Liverpool,81.9,94.08,0.2652,0.2248,0.5101,1.37,1.97,0.0,1.0,0,12.179999999999993
2019,2020-01-11,Barclays Premier League,Wolverhampton,Newcastle,78.08,61.28,0.6187,0.2335,0.1478,1.77,0.73,1.0,1.0,1,16.799999999999997
2019,2020-01-11,Barclays Premier League,Leicester City,Southampton,82.63,69.75,0.6287,0.2153,0.156,1.98,0.87,1.0,2.0,0,12.879999999999995
2019,2020-01-11,Barclays Premier League,Manchester United,Norwich City,81.06,60.11,0.6904,0.1942,0.1154,2.12,0.73,4.0,0.0,0,20.950000000000003
2019,2020-01-11,Barclays Premier League,Chelsea,Burnley,85.02,68.81,0.7051,0.1874,0.1075,2.17,0.71,3.0,0.0,0,16.209999999999994
2019,2020-01-11,Barclays Premier League,Crystal Palace,Arsenal,69.75,76.4,0.3593,0.2684,0.3723,1.31,1.33,1.0,1.0,1,6.650000000000006
2019,2020-01-11,Barclays Premier League,Everton,Brighton and Hove Albion,78.48,71.24,0.5247,0.2558,0.2195,1.61,0.95,1.0,0.0,0,7.240000000000009
2019,2020-01-12,Barclays Premier League,AFC Bournemouth,Watford,65.91,70.44,0.4036,0.2707,0.3257,1.37,1.21,0.0,3.0,0,4.530000000000001
2019,2020-01-12,Barclays Premier League,Aston Villa,Manchester City,61.64,93.85,0.1068,0.1412,0.752,1.1,3.0,1.0,6.0,0,32.209999999999994
2019,2020-01-18,Barclays Premier League,West Ham United,Everton,66.6,78.52,0.3558,0.2605,0.3837,1.36,1.42,1.0,1.0,1,11.920000000000002
2019,2020-01-18,Barclays Premier League,Newcastle,Chelsea,61.99,85.76,0.1633,0.2132,0.6235,0.93,2.02,1.0,0.0,0,23.770000000000003
2019,2020-01-18,Barclays Premier League,Norwich City,AFC Bournemouth,58.45,63.55,0.3729,0.2653,0.3617,1.36,1.33,1.0,0.0,0,5.099999999999994
2019,2020-01-18,Barclays Premier League,Brighton and Hove Albion,Aston Villa,71.28,60.78,0.5269,0.2371,0.236,1.81,1.13,1.0,1.0,1,10.5
2019,2020-01-18,Barclays Premier League,Manchester City,Crystal Palace,94.12,69.69,0.8569,0.1057,0.0374,2.86,0.46,2.0,2.0,1,24.430000000000007
2019,2020-01-18,Barclays Premier League,Southampton,Wolverhampton,71.77,77.82,0.3757,0.2742,0.35,1.3,1.24,2.0,3.0,0,6.049999999999997
2019,2020-01-18,Barclays Premier League,Arsenal,Sheffield United,76.75,72.75,0.5081,0.2626,0.2293,1.55,0.95,1.0,1.0,1,4.0
2019,2020-01-18,Barclays Premier League,Watford,Tottenham Hotspur,72.54,81.33,0.3367,0.253,0.4103,1.37,1.54,0.0,0.0,1,8.789999999999992
2019,2020-01-19,Barclays Premier League,Burnley,Leicester City,67.91,80.97,0.2895,0.2623,0.4483,1.16,1.51,2.0,1.0,0,13.060000000000002
2019,2020-01-19,Barclays Premier League,Liverpool,Manchester United,94.34,82.12,0.6523,0.1995,0.1482,2.16,0.92,2.0,0.0,0,12.219999999999999
2019,2020-01-21,Barclays Premier League,Chelsea,Arsenal,85.66,76.11,0.6458,0.2039,0.1503,2.11,0.91,2.0,2.0,1,9.549999999999997
2019,2020-01-21,Barclays Premier League,Crystal Palace,Southampton,69.82,70.46,0.4263,0.2693,0.3043,1.42,1.16,0.0,2.0,0,0.6400000000000006
2019,2020-01-21,Barclays Premier League,Aston Villa,Watford,61.3,73.07,0.3586,0.2536,0.3878,1.42,1.49,2.0,1.0,0,11.769999999999996
2019,2020-01-21,Barclays Premier League,Everton,Newcastle,78.54,62.34,0.6204,0.2342,0.1454,1.76,0.71,2.0,2.0,1,16.200000000000003
2019,2020-01-21,Barclays Premier League,Sheffield United,Manchester City,73.52,93.89,0.1586,0.198,0.6434,1.01,2.22,0.0,1.0,0,20.370000000000005
2019,2020-01-21,Barclays Premier League,AFC Bournemouth,Brighton and Hove Albion,63.18,71.18,0.3863,0.2753,0.3384,1.31,1.21,3.0,1.0,0,8.000000000000007
2019,2020-01-22,Barclays Premier League,Tottenham Hotspur,Norwich City,80.98,59.19,0.7332,0.1701,0.0966,2.35,0.73,2.0,1.0,0,21.790000000000006
2019,2020-01-22,Barclays Premier League,Leicester City,West Ham United,81.01,66.69,0.6279,0.2099,0.1621,2.06,0.94,4.0,1.0,0,14.320000000000007
2019,2020-01-22,Barclays Premier League,Manchester United,Burnley,82.15,67.68,0.6513,0.216,0.1327,1.92,0.73,0.0,2.0,0,14.469999999999999
2019,2020-01-23,Barclays Premier League,Wolverhampton,Liverpool,78.63,94.3,0.2195,0.2319,0.5486,1.1,1.86,1.0,2.0,0,15.670000000000002
2019,2020-01-29,Barclays Premier League,West Ham United,Liverpool,66.05,94.14,0.1367,0.174,0.6893,1.05,2.52,0.0,2.0,0,28.090000000000003
2019,2020-02-01,Barclays Premier League,Newcastle,Norwich City,62.67,60.22,0.4707,0.2651,0.2643,1.5,1.06,0.0,0.0,1,2.450000000000003
2019,2020-02-01,Barclays Premier League,Manchester United,Wolverhampton,81.23,79.12,0.4833,0.2616,0.2551,1.54,1.05,0.0,0.0,1,2.1099999999999994
2019,2020-02-01,Barclays Premier League,Watford,Everton,72.44,78.02,0.4195,0.2711,0.3093,1.4,1.16,2.0,3.0,0,5.579999999999998
2019,2020-02-01,Barclays Premier League,Crystal Palace,Sheffield United,68.62,73.18,0.4014,0.3006,0.298,1.18,0.97,0.0,1.0,0,4.560000000000002
2019,2020-02-01,Barclays Premier League,Leicester City,Chelsea,81.3,86.07,0.3511,0.2471,0.4018,1.46,1.58,2.0,2.0,1,4.769999999999996
2019,2020-02-01,Barclays Premier League,AFC Bournemouth,Aston Villa,63.46,61.99,0.4556,0.248,0.2963,1.65,1.29,2.0,1.0,0,1.4699999999999989
2019,2020-02-01,Barclays Premier League,West Ham United,Brighton and Hove Albion,65.73,70.36,0.4282,0.2582,0.3137,1.52,1.26,3.0,3.0,1,4.6299999999999955
2019,2020-02-01,Barclays Premier League,Liverpool,Southampton,94.18,71.86,0.831,0.1204,0.0486,2.74,0.53,4.0,0.0,0,22.320000000000007
2019,2020-02-02,Barclays Premier League,Burnley,Arsenal,68.77,75.43,0.3706,0.2651,0.3644,1.36,1.34,0.0,0.0,1,6.660000000000011
2019,2020-02-02,Barclays Premier League,Tottenham Hotspur,Manchester City,80.09,94.11,0.2429,0.2066,0.5505,1.45,2.25,2.0,0.0,0,14.019999999999996
2019,2020-02-08,Barclays Premier League,Everton,Crystal Palace,78.85,68.27,0.573,0.2495,0.1776,1.66,0.8,3.0,1.0,0,10.579999999999998
2019,2020-02-08,Barclays Premier League,Brighton and Hove Albion,Watford,70.61,71.11,0.431,0.2624,0.3066,1.48,1.21,1.0,1.0,1,0.5
2019,2020-02-09,Barclays Premier League,Sheffield United,AFC Bournemouth,73.76,63.46,0.4945,0.2745,0.231,1.44,0.89,2.0,1.0,0,10.300000000000004
2019,2020-02-14,Barclays Premier League,Wolverhampton,Leicester City,79.65,81.44,0.4148,0.266,0.3192,1.43,1.22,0.0,0.0,1,1.789999999999992
2019,2020-02-15,Barclays Premier League,Southampton,Burnley,71.53,69.06,0.4888,0.2584,0.2528,1.57,1.06,1.0,2.0,0,2.469999999999999
2019,2020-02-15,Barclays Premier League,Norwich City,Liverpool,61.71,94.31,0.1007,0.1564,0.7428,0.87,2.61,0.0,1.0,0,32.6
2019,2020-02-16,Barclays Premier League,Arsenal,Newcastle,75.26,61.49,0.6057,0.2293,0.165,1.84,0.84,4.0,0.0,0,13.770000000000003
2019,2020-02-16,Barclays Premier League,Aston Villa,Tottenham Hotspur,61.75,79.88,0.2507,0.2239,0.5254,1.31,1.98,2.0,3.0,0,18.129999999999995
2019,2020-02-17,Barclays Premier League,Chelsea,Manchester United,85.95,80.94,0.5353,0.2373,0.2274,1.8,1.09,0.0,2.0,0,5.010000000000005
2019,2020-02-19,Barclays Premier League,Manchester City,West Ham United,94.28,64.85,0.8652,0.0923,0.0425,3.32,0.67,2.0,0.0,0,29.430000000000007
2019,2020-02-22,Barclays Premier League,Chelsea,Tottenham Hotspur,85.34,79.18,0.5411,0.2278,0.2311,1.92,1.18,2.0,1.0,0,6.159999999999997
2019,2020-02-22,Barclays Premier League,Sheffield United,Brighton and Hove Albion,73.43,70.98,0.4744,0.2785,0.2471,1.4,0.93,1.0,1.0,1,2.450000000000003
2019,2020-02-22,Barclays Premier League,Burnley,AFC Bournemouth,69.78,63.43,0.4586,0.2648,0.2767,1.5,1.1,3.0,0.0,0,6.350000000000001
2019,2020-02-22,Barclays Premier League,Crystal Palace,Newcastle,67.99,60.2,0.5244,0.2672,0.2084,1.51,0.85,1.0,0.0,0,7.789999999999992
2019,2020-02-22,Barclays Premier League,Southampton,Aston Villa,70.89,61.28,0.5094,0.2317,0.2589,1.87,1.28,2.0,0.0,0,9.61
2019,2020-02-22,Barclays Premier League,Leicester City,Manchester City,81.41,94.51,0.2246,0.2135,0.5619,1.28,2.12,0.0,1.0,0,13.100000000000009
2019,2020-02-23,Barclays Premier League,Wolverhampton,Norwich City,80.49,61.57,0.6729,0.2139,0.1132,1.89,0.62,3.0,0.0,0,18.919999999999995
2019,2020-02-23,Barclays Premier League,Manchester United,Watford,81.74,71.06,0.6058,0.2314,0.1628,1.81,0.82,3.0,0.0,0,10.679999999999993
2019,2020-02-23,Barclays Premier League,Arsenal,Everton,77.44,78.83,0.4211,0.256,0.3229,1.53,1.31,3.0,2.0,0,1.3900000000000006
2019,2020-02-24,Barclays Premier League,Liverpool,West Ham United,93.97,64.61,0.8612,0.1013,0.0376,2.96,0.5,3.0,2.0,0,29.36
2019,2020-02-28,Barclays Premier League,Norwich City,Leicester City,60.42,80.96,0.232,0.246,0.522,1.06,1.71,1.0,0.0,0,20.539999999999992
2019,2020-02-29,Barclays Premier League,Brighton and Hove Albion,Crystal Palace,70.68,68.96,0.5,0.2674,0.2327,1.5,0.93,0.0,1.0,0,1.720000000000013
2019,2020-02-29,Barclays Premier League,West Ham United,Southampton,65.53,71.96,0.4304,0.2507,0.319,1.59,1.34,3.0,1.0,0,6.429999999999993
2019,2020-02-29,Barclays Premier League,AFC Bournemouth,Chelsea,62.54,84.59,0.2047,0.222,0.5733,1.1,1.98,2.0,2.0,1,22.050000000000004
2019,2020-02-29,Barclays Premier League,Newcastle,Burnley,59.44,70.18,0.352,0.2801,0.3679,1.21,1.24,0.0,0.0,1,10.740000000000009
2019,2020-02-29,Barclays Premier League,Watford,Liverpool,70.07,93.98,0.1706,0.2061,0.6234,1.02,2.13,3.0,0.0,0,23.91000000000001
2019,2020-03-01,Barclays Premier League,Tottenham Hotspur,Wolverhampton,79.11,80.36,0.4565,0.2595,0.284,1.54,1.16,2.0,3.0,0,1.25
2019,2020-03-01,Barclays Premier League,Everton,Manchester United,78.94,84.18,0.3294,0.2601,0.4105,1.29,1.47,1.0,1.0,1,5.240000000000009
2019,2020-03-07,Barclays Premier League,Burnley,Tottenham Hotspur,70.05,78.06,0.2921,0.2543,0.4536,1.22,1.58,1.0,1.0,1,8.010000000000005
2019,2020-03-07,Barclays Premier League,Arsenal,West Ham United,77.04,66.68,0.5585,0.2229,0.2185,1.98,1.16,1.0,0.0,0,10.36
2019,2020-03-07,Barclays Premier League,Wolverhampton,Brighton and Hove Albion,80.93,69.59,0.6184,0.227,0.1547,1.85,0.8,0.0,0.0,1,11.340000000000003
2019,2020-03-07,Barclays Premier League,Liverpool,AFC Bournemouth,92.67,62.75,0.8299,0.1171,0.053,2.88,0.62,2.0,1.0,0,29.92
2019,2020-03-07,Barclays Premier League,Southampton,Newcastle,70.68,60.18,0.5515,0.2503,0.1982,1.66,0.89,0.0,1.0,0,10.500000000000007
2019,2020-03-07,Barclays Premier League,Sheffield United,Norwich City,73.71,61.04,0.5783,0.2573,0.1644,1.58,0.71,1.0,0.0,0,12.669999999999995
2019,2020-03-07,Barclays Premier League,Crystal Palace,Watford,69.8,72.94,0.3687,0.2794,0.3519,1.25,1.21,1.0,0.0,0,3.1400000000000006
2019,2020-03-08,Barclays Premier League,Chelsea,Everton,84.22,79.26,0.5712,0.2295,0.1993,1.88,1.01,4.0,0.0,0,4.959999999999994
2019,2020-03-08,Barclays Premier League,Manchester United,Manchester City,83.94,95.12,0.296,0.2332,0.4708,1.42,1.83,2.0,0.0,0,11.180000000000007
2019,2020-03-09,Barclays Premier League,Leicester City,Aston Villa,80.78,60.54,0.6535,0.1995,0.1469,2.16,0.91,4.0,0.0,0,20.240000000000002
2019,2020-06-17,Barclays Premier League,Aston Villa,Sheffield United,59.63,73.32,0.3455,0.2687,0.3859,1.27,1.36,0.0,0.0,1,13.68999999999999
2019,2020-06-17,Barclays Premier League,Manchester City,Arsenal,94.8,76.77,0.7727,0.1445,0.0828,2.68,0.77,3.0,0.0,0,18.03
2019,2020-06-19,Barclays Premier League,Norwich City,Southampton,61.63,68.31,0.3699,0.269,0.3611,1.32,1.31,0.0,3.0,0,6.68
2019,2020-06-19,Barclays Premier League,Tottenham Hotspur,Manchester United,76.59,86.23,0.3011,0.2458,0.4531,1.32,1.67,1.0,1.0,1,9.64
2019,2020-06-20,Barclays Premier League,AFC Bournemouth,Crystal Palace,64.05,70.27,0.4583,0.2653,0.2764,1.49,1.1,0.0,2.0,0,6.219999999999999
2019,2020-06-20,Barclays Premier League,Watford,Leicester City,72.81,81.58,0.3603,0.271,0.3687,1.29,1.31,1.0,1.0,1,8.769999999999996
2019,2020-06-20,Barclays Premier League,Brighton and Hove Albion,Arsenal,70.62,76.5,0.3886,0.2626,0.3489,1.41,1.32,2.0,1.0,0,5.8799999999999955
2019,2020-06-20,Barclays Premier League,West Ham United,Wolverhampton,67.27,80.53,0.2975,0.2601,0.4424,1.2,1.52,0.0,2.0,0,13.260000000000005
2019,2020-06-21,Barclays Premier League,Everton,Liverpool,77.72,91.91,0.2355,0.227,0.5375,1.21,1.93,0.0,0.0,1,14.189999999999998
2019,2020-06-21,Barclays Premier League,Newcastle,Sheffield United,62.72,72.95,0.3176,0.3067,0.3757,0.99,1.1,3.0,0.0,0,10.230000000000004
2019,2020-06-21,Barclays Premier League,Aston Villa,Chelsea,60.72,85.54,0.1778,0.203,0.6192,1.09,2.19,1.0,2.0,0,24.820000000000007
2019,2020-06-22,Barclays Premier League,Manchester City,Burnley,94.93,71.17,0.82,0.1263,0.0536,2.7,0.56,5.0,0.0,0,23.760000000000005
2019,2020-06-23,Barclays Premier League,Leicester City,Brighton and Hove Albion,81.3,70.91,0.5381,0.2525,0.2094,1.64,0.92,0.0,0.0,1,10.39
2019,2020-06-23,Barclays Premier League,Tottenham Hotspur,West Ham United,76.24,66.4,0.5009,0.2371,0.262,1.8,1.25,2.0,0.0,0,9.83999999999999
2019,2020-06-24,Barclays Premier League,Newcastle,Aston Villa,64.41,60.95,0.3669,0.2662,0.367,1.34,1.34,1.0,1.0,1,3.4599999999999937
2019,2020-06-24,Barclays Premier League,Manchester United,Sheffield United,86.71,71.24,0.6739,0.22,0.1061,1.82,0.56,3.0,0.0,0,15.469999999999999
2019,2020-06-24,Barclays Premier League,Liverpool,Crystal Palace,92.03,71.25,0.733,0.1778,0.0893,2.2,0.62,4.0,0.0,0,20.78
2019,2020-06-24,Barclays Premier League,Norwich City,Everton,59.83,78.01,0.2238,0.2532,0.523,0.98,1.63,0.0,1.0,0,18.180000000000007
2019,2020-06-24,Barclays Premier League,Wolverhampton,AFC Bournemouth,81.59,63.35,0.6032,0.2329,0.1639,1.8,0.81,1.0,0.0,0,18.240000000000002
2019,2020-06-25,Barclays Premier League,Southampton,Arsenal,70.01,76.44,0.3267,0.2566,0.4167,1.31,1.51,0.0,2.0,0,6.429999999999993
2019,2020-06-25,Barclays Premier League,Burnley,Watford,69.85,73.19,0.3222,0.2779,0.3998,1.15,1.32,1.0,0.0,0,3.3400000000000034
2019,2020-06-25,Barclays Premier League,Chelsea,Manchester City,85.43,95.08,0.2474,0.2249,0.5277,1.29,1.96,2.0,1.0,0,9.649999999999991
2019,2020-06-27,Barclays Premier League,Aston Villa,Wolverhampton,61.95,81.95,0.2066,0.2477,0.5457,0.94,1.69,0.0,1.0,0,20.0
2019,2020-06-28,Barclays Premier League,Watford,Southampton,72.89,69.38,0.4745,0.2635,0.262,1.52,1.06,1.0,3.0,0,3.510000000000005
2019,2020-06-29,Barclays Premier League,Crystal Palace,Burnley,69.7,70.59,0.3711,0.2973,0.3316,1.15,1.07,0.0,1.0,0,0.8900000000000006
2019,2020-06-30,Barclays Premier League,Brighton and Hove Albion,Manchester United,71.45,88.01,0.1373,0.2198,0.6429,0.74,1.89,0.0,3.0,0,16.560000000000002
2019,2020-07-01,Barclays Premier League,West Ham United,Chelsea,65.78,86.92,0.1725,0.2063,0.6212,1.03,2.13,3.0,2.0,0,21.14
2019,2020-07-01,Barclays Premier League,AFC Bournemouth,Newcastle,63.65,63.67,0.4708,0.27,0.2592,1.46,1.01,1.0,4.0,0,0.020000000000003126
2019,2020-07-01,Barclays Premier League,Everton,Leicester City,78.42,81.32,0.3182,0.2798,0.402,1.13,1.31,2.0,1.0,0,2.8999999999999915
2019,2020-07-01,Barclays Premier League,Arsenal,Norwich City,77.25,59.93,0.5912,0.2348,0.174,1.79,0.86,4.0,0.0,0,17.32
2019,2020-07-02,Barclays Premier League,Sheffield United,Tottenham Hotspur,69.19,76.94,0.2706,0.271,0.4584,1.04,1.44,3.0,1.0,0,7.75
2019,2020-07-02,Barclays Premier League,Manchester City,Liverpool,94.66,92.83,0.422,0.2387,0.3393,1.71,1.51,4.0,0.0,0,1.8299999999999983
2019,2020-07-04,Barclays Premier League,Norwich City,Brighton and Hove Albion,58.55,70.66,0.2729,0.2823,0.4448,0.99,1.35,0.0,1.0,0,12.11
2019,2020-07-04,Barclays Premier League,Manchester United,AFC Bournemouth,88.68,61.82,0.7856,0.1492,0.0652,2.44,0.55,5.0,2.0,0,26.860000000000007
2019,2020-07-04,Barclays Premier League,Leicester City,Crystal Palace,81.69,70.08,0.6124,0.2449,0.1426,1.66,0.66,3.0,0.0,0,11.61
2019,2020-07-04,Barclays Premier League,Wolverhampton,Arsenal,82.16,78.55,0.5001,0.2753,0.2246,1.44,0.87,0.0,2.0,0,3.6099999999999994
2019,2020-07-04,Barclays Premier League,Chelsea,Watford,85.69,70.91,0.6193,0.2139,0.1668,2.02,0.94,3.0,0.0,0,14.780000000000001
2019,2020-07-05,Barclays Premier League,Burnley,Sheffield United,70.54,70.15,0.3907,0.3034,0.306,1.15,0.98,1.0,1.0,1,0.39000000000000057
2019,2020-07-05,Barclays Premier League,Newcastle,West Ham United,64.82,67.17,0.3357,0.2648,0.3995,1.27,1.41,2.0,2.0,1,2.3500000000000085
2019,2020-07-05,Barclays Premier League,Liverpool,Aston Villa,92.04,62.3,0.7883,0.1383,0.0734,2.7,0.72,2.0,0.0,0,29.74000000000001
2019,2020-07-05,Barclays Premier League,Southampton,Manchester City,70.96,95.13,0.2199,0.2073,0.5727,1.31,2.21,1.0,0.0,0,24.17
2019,2020-07-06,Barclays Premier League,Tottenham Hotspur,Everton,75.76,77.79,0.3918,0.2591,0.3492,1.45,1.35,1.0,0.0,0,2.030000000000001
2019,2020-07-07,Barclays Premier League,Watford,Norwich City,70.28,58.53,0.5912,0.246,0.1628,1.68,0.75,2.0,1.0,0,11.75
2019,2020-07-07,Barclays Premier League,Arsenal,Leicester City,79.44,82.38,0.3462,0.2701,0.3838,1.26,1.34,1.0,1.0,1,2.9399999999999977
2019,2020-07-07,Barclays Premier League,Crystal Palace,Chelsea,69.15,86.23,0.1622,0.2258,0.612,0.84,1.87,2.0,3.0,0,17.08
2019,2020-07-08,Barclays Premier League,Brighton and Hove Albion,Liverpool,70.99,91.92,0.2388,0.2442,0.517,1.1,1.73,1.0,3.0,0,20.930000000000007
2019,2020-07-08,Barclays Premier League,West Ham United,Burnley,67.26,70.03,0.4164,0.2642,0.3193,1.45,1.23,0.0,1.0,0,2.769999999999996
2019,2020-07-08,Barclays Premier League,Sheffield United,Wolverhampton,70.49,81.43,0.2178,0.3001,0.4821,0.75,1.27,1.0,0.0,0,10.940000000000012
2019,2020-07-08,Barclays Premier League,Manchester City,Newcastle,95.07,64.28,0.6549,0.1877,0.1573,2.37,1.08,5.0,0.0,0,30.789999999999992
2019,2020-07-09,Barclays Premier League,AFC Bournemouth,Tottenham Hotspur,61.67,76.24,0.2857,0.2409,0.4735,1.31,1.74,0.0,0.0,1,14.569999999999993
2019,2020-07-09,Barclays Premier League,Everton,Southampton,77.85,71.06,0.4176,0.27,0.3124,1.4,1.18,1.0,1.0,1,6.789999999999992
2019,2020-07-09,Barclays Premier League,Aston Villa,Manchester United,62.99,88.33,0.1616,0.2073,0.6311,0.96,2.09,0.0,3.0,0,25.339999999999996
2019,2020-07-11,Barclays Premier League,Brighton and Hove Albion,Manchester City,71.4,95.24,0.2039,0.2123,0.5838,1.17,2.11,0.0,5.0,0,23.83999999999999
2019,2020-07-11,Barclays Premier League,Watford,Newcastle,69.89,63.15,0.5239,0.2588,0.2173,1.58,0.92,2.0,1.0,0,6.740000000000002
2019,2020-07-11,Barclays Premier League,Norwich City,West Ham United,58.87,67.63,0.2627,0.2557,0.4816,1.11,1.6,0.0,4.0,0,8.759999999999998
2019,2020-07-11,Barclays Premier League,Liverpool,Burnley,91.39,69.76,0.6691,0.1995,0.1314,2.11,0.81,1.0,1.0,1,21.629999999999995
2019,2020-07-11,Barclays Premier League,Sheffield United,Chelsea,71.73,85.6,0.2127,0.2448,0.5424,0.98,1.72,3.0,0.0,0,13.86999999999999
2019,2020-07-12,Barclays Premier League,Wolverhampton,Everton,80.74,76.48,0.4517,0.2989,0.2494,1.25,0.85,3.0,0.0,0,4.259999999999991
2019,2020-07-12,Barclays Premier League,Aston Villa,Crystal Palace,62.14,69.45,0.3621,0.2768,0.3611,1.25,1.25,2.0,0.0,0,7.310000000000002
2019,2020-07-12,Barclays Premier League,Tottenham Hotspur,Arsenal,75.82,79.66,0.3561,0.262,0.3819,1.35,1.4,2.0,1.0,0,3.8400000000000034
2019,2020-07-12,Barclays Premier League,AFC Bournemouth,Leicester City,62.72,82.23,0.2,0.2345,0.5655,0.99,1.82,4.0,1.0,0,19.510000000000005
2019,2020-07-13,Barclays Premier League,Manchester United,Southampton,88.91,72.53,0.7117,0.1845,0.1038,2.19,0.7,2.0,2.0,1,16.379999999999995
2019,2020-07-14,Barclays Premier League,Chelsea,Norwich City,84.05,55.85,0.8477,0.1139,0.0383,2.71,0.43,1.0,0.0,0,28.199999999999996
2019,2020-07-15,Barclays Premier League,Arsenal,Liverpool,78.83,91.4,0.2926,0.2439,0.4635,1.31,1.7,2.0,1.0,0,12.570000000000007
2019,2020-07-15,Barclays Premier League,Burnley,Wolverhampton,69.79,82.24,0.231,0.2964,0.4726,0.8,1.28,1.0,1.0,1,12.449999999999989
2019,2020-07-15,Barclays Premier League,Manchester City,AFC Bournemouth,95.61,64.49,0.8547,0.0988,0.0465,3.22,0.68,2.0,1.0,0,31.120000000000005
2019,2020-07-15,Barclays Premier League,Newcastle,Tottenham Hotspur,61.74,76.74,0.3022,0.2604,0.4374,1.21,1.51,1.0,3.0,0,14.999999999999993
2019,2020-07-16,Barclays Premier League,Everton,Aston Villa,74.56,63.46,0.4572,0.2636,0.2793,1.5,1.12,1.0,1.0,1,11.100000000000001
2019,2020-07-16,Barclays Premier League,Leicester City,Sheffield United,80.58,73.52,0.5859,0.2536,0.1605,1.61,0.71,2.0,0.0,0,7.060000000000002
2019,2020-07-16,Barclays Premier League,Southampton,Brighton and Hove Albion,73.64,69.29,0.4521,0.2635,0.2844,1.5,1.13,1.0,1.0,1,4.349999999999994
2019,2020-07-16,Barclays Premier League,Crystal Palace,Manchester United,68.3,88.1,0.1098,0.2023,0.6879,0.65,2.0,0.0,2.0,0,19.799999999999997
2019,2020-07-17,Barclays Premier League,West Ham United,Watford,70.01,70.86,0.3769,0.2532,0.3699,1.47,1.45,3.0,1.0,0,0.8499999999999943
2019,2020-07-18,Barclays Premier League,Norwich City,Burnley,54.93,70.19,0.3002,0.286,0.4138,1.05,1.28,0.0,2.0,0,15.259999999999998
2019,2020-07-19,Barclays Premier League,AFC Bournemouth,Southampton,67.22,73.87,0.4103,0.2497,0.34,1.57,1.41,0.0,2.0,0,6.650000000000006
2019,2020-07-19,Barclays Premier League,Tottenham Hotspur,Leicester City,76.65,81.74,0.2599,0.255,0.485,1.11,1.6,3.0,0.0,0,5.089999999999989
2019,2020-07-20,Barclays Premier League,Brighton and Hove Albion,Newcastle,69.09,61.75,0.4143,0.2759,0.3099,1.35,1.13,0.0,0.0,1,7.340000000000003
2019,2020-07-20,Barclays Premier League,Sheffield United,Everton,72.16,74.13,0.3536,0.2975,0.3489,1.11,1.1,0.0,1.0,0,1.9699999999999989
2019,2020-07-20,Barclays Premier League,Wolverhampton,Crystal Palace,81.76,67.73,0.4408,0.3007,0.2585,1.23,0.87,2.0,0.0,0,14.030000000000001
2019,2020-07-21,Barclays Premier League,Watford,Manchester City,71.04,95.31,0.121,0.1696,0.7094,0.95,2.51,0.0,4.0,0,24.269999999999996
2019,2020-07-21,Barclays Premier League,Aston Villa,Arsenal,64.07,78.57,0.3293,0.2577,0.413,1.31,1.5,1.0,0.0,0,14.5
2019,2020-07-22,Barclays Premier League,Liverpool,Chelsea,91.46,84.95,0.5037,0.2277,0.2687,1.93,1.36,5.0,3.0,0,6.509999999999991
2019,2020-07-22,Barclays Premier League,Manchester United,West Ham United,88.54,69.83,0.7324,0.1688,0.0989,2.39,0.75,1.0,1.0,1,18.710000000000008
2019,2020-07-26,Barclays Premier League,Manchester City,Norwich City,95.44,53.58,0.7125,0.1619,0.1256,2.69,1.07,5.0,0.0,0,41.86
2019,2020-07-26,Barclays Premier League,Everton,AFC Bournemouth,74.69,66.28,0.4462,0.2614,0.2924,1.51,1.17,1.0,3.0,0,8.409999999999997
2019,2020-07-26,Barclays Premier League,Crystal Palace,Tottenham Hotspur,67.39,77.18,0.3182,0.2753,0.4065,1.16,1.35,1.0,1.0,1,9.790000000000006
2019,2020-07-26,Barclays Premier League,Burnley,Brighton and Hove Albion,71.58,68.87,0.3847,0.2919,0.3233,1.2,1.08,1.0,2.0,0,2.7099999999999937
2019,2020-07-26,Barclays Premier League,Leicester City,Manchester United,81.27,88.15,0.298,0.2635,0.4385,1.18,1.48,0.0,2.0,0,6.88000000000001
2019,2020-07-26,Barclays Premier League,Southampton,Sheffield United,74.84,72.0,0.4002,0.2854,0.3144,1.27,1.09,3.0,1.0,0,2.8400000000000034
2019,2020-07-26,Barclays Premier League,West Ham United,Aston Villa,70.66,64.88,0.3946,0.2535,0.3519,1.5,1.41,1.0,1.0,1,5.780000000000001
2019,2020-07-26,Barclays Premier League,Chelsea,Wolverhampton,85.21,82.16,0.5658,0.2439,0.1903,1.72,0.88,2.0,0.0,0,3.049999999999997
2019,2020-07-26,Barclays Premier League,Newcastle,Liverpool,62.56,91.07,0.2208,0.218,0.5612,1.22,2.05,1.0,3.0,0,28.50999999999999
2019,2020-07-26,Barclays Premier League,Arsenal,Watford,78.35,69.73,0.409,0.2688,0.3221,1.4,1.21,3.0,2.0,0,8.61999999999999
2020,2020-09-12,Barclays Premier League,Fulham,Arsenal,64.18,77.16,0.2817,0.2575,0.4608,1.17,1.56,0.0,3.0,0,12.97999999999999
2020,2020-09-12,Barclays Premier League,Crystal Palace,Southampton,67.69,72.48,0.3698,0.2771,0.3531,1.27,1.23,1.0,0.0,0,4.790000000000006
2020,2020-09-12,Barclays Premier League,Liverpool,Leeds United,91.07,64.09,0.8358,0.1203,0.0438,2.67,0.47,4.0,3.0,0,26.97999999999999
2020,2020-09-12,Barclays Premier League,West Ham United,Newcastle,70.38,64.72,0.4887,0.2558,0.2556,1.6,1.08,0.0,2.0,0,5.659999999999997
2020,2020-09-13,Barclays Premier League,West Bromwich Albion,Leicester City,61.67,79.02,0.2392,0.2596,0.5013,1.0,1.57,0.0,3.0,0,17.349999999999994
2020,2020-09-13,Barclays Premier League,Tottenham Hotspur,Everton,78.51,74.05,0.5024,0.2533,0.2443,1.63,1.06,0.0,1.0,0,4.460000000000008
2020,2020-09-14,Barclays Premier League,Sheffield United,Wolverhampton,69.2,78.0,0.3155,0.3024,0.382,1.01,1.14,0.0,2.0,0,8.799999999999997
2020,2020-09-14,Barclays Premier League,Brighton and Hove Albion,Chelsea,68.03,85.37,0.1944,0.2249,0.5806,1.02,1.93,1.0,3.0,0,17.340000000000003
2020,2020-09-19,Barclays Premier League,Manchester United,Crystal Palace,86.83,68.03,0.7097,0.1941,0.0963,2.04,0.6,1.0,3.0,0,18.799999999999997
2020,2020-09-19,Barclays Premier League,Arsenal,West Ham United,79.17,68.77,0.5707,0.2283,0.201,1.89,1.03,2.0,1.0,0,10.400000000000006
2020,2020-09-19,Barclays Premier League,Everton,West Bromwich Albion,74.96,60.24,0.5662,0.252,0.1817,1.64,0.81,5.0,2.0,0,14.719999999999992
2020,2020-09-19,Barclays Premier League,Leeds United,Fulham,64.27,61.96,0.4509,0.2708,0.2783,1.44,1.07,4.0,3.0,0,2.309999999999995
2020,2020-09-20,Barclays Premier League,Southampton,Tottenham Hotspur,72.32,77.91,0.3495,0.2622,0.3883,1.33,1.41,2.0,5.0,0,5.590000000000003
2020,2020-09-20,Barclays Premier League,Newcastle,Brighton and Hove Albion,66.46,68.46,0.395,0.2815,0.3235,1.28,1.13,0.0,3.0,0,2.0
2020,2020-09-20,Barclays Premier League,Chelsea,Liverpool,85.04,90.62,0.3359,0.2327,0.4314,1.56,1.79,0.0,2.0,0,5.579999999999998
2020,2020-09-20,Barclays Premier League,Leicester City,Burnley,80.34,69.08,0.5784,0.2455,0.1761,1.69,0.81,4.0,2.0,0,11.260000000000005
2020,2020-09-21,Barclays Premier League,Aston Villa,Sheffield United,66.48,68.43,0.4085,0.2844,0.307,1.29,1.08,1.0,0.0,0,1.9500000000000028
2020,2020-09-21,Barclays Premier League,Wolverhampton,Manchester City,78.54,94.11,0.1549,0.211,0.6341,0.89,2.03,1.0,3.0,0,15.569999999999993
2020,2020-09-26,Barclays Premier League,Burnley,Southampton,69.22,70.94,0.4048,0.2631,0.3321,1.44,1.28,0.0,1.0,0,1.7199999999999989
2020,2020-09-26,Barclays Premier League,West Bromwich Albion,Chelsea,58.24,84.16,0.1528,0.2029,0.6443,0.93,2.13,3.0,3.0,1,25.919999999999995
2020,2020-09-26,Barclays Premier League,Crystal Palace,Everton,69.71,75.8,0.3302,0.277,0.3928,1.18,1.31,1.0,2.0,0,6.090000000000003
2020,2020-09-26,Barclays Premier League,Brighton and Hove Albion,Manchester United,70.26,85.38,0.2135,0.2421,0.5444,1.0,1.75,2.0,3.0,0,15.11999999999999
2020,2020-09-27,Barclays Premier League,Sheffield United,Leeds United,67.59,63.59,0.4454,0.2754,0.2793,1.4,1.05,0.0,1.0,0,4.0
2020,2020-09-27,Barclays Premier League,Tottenham Hotspur,Newcastle,78.56,64.78,0.6036,0.2288,0.1677,1.85,0.86,1.0,1.0,1,13.780000000000001
2020,2020-09-27,Barclays Premier League,Manchester City,Leicester City,94.16,79.59,0.7425,0.1618,0.0957,2.48,0.77,2.0,5.0,0,14.569999999999993
2020,2020-09-27,Barclays Premier League,West Ham United,Wolverhampton,69.01,78.46,0.3324,0.2743,0.3933,1.2,1.33,4.0,0.0,0,9.449999999999989
2020,2020-09-28,Barclays Premier League,Liverpool,Arsenal,91.38,78.83,0.66,0.1932,0.1468,2.25,0.96,3.0,1.0,0,12.549999999999997
2020,2020-09-28,Barclays Premier League,Fulham,Aston Villa,61.8,67.61,0.373,0.2748,0.3521,1.29,1.24,0.0,3.0,0,5.810000000000002
2020,2020-10-03,Barclays Premier League,Leeds United,Manchester City,64.26,92.85,0.0873,0.1417,0.771,0.85,2.78,1.0,1.0,1,28.58999999999999
2020,2020-10-03,Barclays Premier League,Newcastle,Burnley,64.22,69.05,0.377,0.282,0.341,1.25,1.17,3.0,1.0,0,4.829999999999998
2020,2020-10-03,Barclays Premier League,Chelsea,Crystal Palace,83.65,68.75,0.6733,0.1995,0.1272,2.09,0.78,4.0,0.0,0,14.900000000000006
2020,2020-10-03,Barclays Premier League,Everton,Brighton and Hove Albion,76.6,71.45,0.5098,0.2544,0.2357,1.62,1.02,4.0,2.0,0,5.1499999999999915
2020,2020-10-04,Barclays Premier League,Leicester City,West Ham United,81.71,71.38,0.5933,0.2192,0.1875,1.99,1.02,0.0,3.0,0,10.329999999999998
2020,2020-10-04,Barclays Premier League,Southampton,West Bromwich Albion,71.66,58.44,0.5561,0.24,0.2039,1.76,0.97,2.0,0.0,0,13.219999999999999
2020,2020-10-04,Barclays Premier League,Wolverhampton,Fulham,76.14,59.94,0.5636,0.2521,0.1843,1.64,0.82,1.0,0.0,0,16.200000000000003
2020,2020-10-04,Barclays Premier League,Arsenal,Sheffield United,78.69,66.93,0.5815,0.2413,0.1772,1.73,0.84,2.0,1.0,0,11.759999999999991
2020,2020-10-04,Barclays Premier League,Manchester United,Tottenham Hotspur,83.96,78.87,0.5211,0.2329,0.246,1.86,1.21,1.0,6.0,0,5.089999999999989
2020,2020-10-04,Barclays Premier League,Aston Villa,Liverpool,69.04,91.44,0.1201,0.18,0.7,0.85,2.33,7.0,2.0,0,22.39999999999999
2020,2020-10-17,Barclays Premier League,Newcastle,Manchester United,65.22,81.34,0.2254,0.233,0.5416,1.12,1.85,1.0,4.0,0,16.120000000000005
2020,2020-10-17,Barclays Premier League,Manchester City,Arsenal,92.02,78.56,0.6943,0.1766,0.1291,2.43,0.96,1.0,0.0,0,13.459999999999994
2020,2020-10-17,Barclays Premier League,Everton,Liverpool,76.89,88.81,0.2461,0.2186,0.5353,1.34,2.05,2.0,2.0,1,11.920000000000002
2020,2020-10-17,Barclays Premier League,Chelsea,Southampton,84.52,72.31,0.6372,0.2067,0.1561,2.09,0.92,3.0,3.0,1,12.209999999999994
2020,2020-10-18,Barclays Premier League,Sheffield United,Fulham,67.39,60.7,0.4739,0.2795,0.2466,1.39,0.92,1.0,1.0,1,6.689999999999998
2020,2020-10-18,Barclays Premier League,Crystal Palace,Brighton and Hove Albion,67.68,70.38,0.3834,0.2746,0.342,1.31,1.22,1.0,1.0,1,2.6999999999999886
2020,2020-10-18,Barclays Premier League,Tottenham Hotspur,West Ham United,81.3,73.65,0.5588,0.2242,0.217,1.96,1.14,3.0,3.0,1,7.6499999999999915
2020,2020-10-18,Barclays Premier League,Leicester City,Aston Villa,79.83,72.43,0.5424,0.2342,0.2234,1.84,1.1,0.0,1.0,0,7.3999999999999915
2020,2020-10-19,Barclays Premier League,West Bromwich Albion,Burnley,58.34,67.75,0.3278,0.2753,0.3969,1.18,1.33,0.0,0.0,1,9.409999999999997
2020,2020-10-19,Barclays Premier League,Leeds United,Wolverhampton,65.87,75.81,0.3342,0.2777,0.3881,1.18,1.3,0.0,1.0,0,9.939999999999998
2020,2020-10-23,Barclays Premier League,Aston Villa,Leeds United,73.95,66.41,0.528,0.2416,0.2304,1.76,1.08,0.0,3.0,0,7.540000000000006
2020,2020-10-24,Barclays Premier League,Liverpool,Sheffield United,88.69,66.54,0.8014,0.1391,0.0595,2.54,0.55,2.0,1.0,0,22.14999999999999
2020,2020-10-24,Barclays Premier League,Manchester United,Chelsea,82.69,83.55,0.4231,0.2358,0.3411,1.74,1.55,0.0,0.0,1,0.8599999999999994
2020,2020-10-24,Barclays Premier League,West Ham United,Manchester City,74.1,92.0,0.1623,0.1876,0.6501,1.12,2.39,1.0,1.0,1,17.900000000000006
2020,2020-10-24,Barclays Premier League,Fulham,Crystal Palace,61.47,66.66,0.3859,0.2816,0.3326,1.27,1.16,1.0,2.0,0,5.189999999999998
2020,2020-10-25,Barclays Premier League,Southampton,Everton,72.99,76.77,0.3545,0.2568,0.3887,1.38,1.46,2.0,0.0,0,3.780000000000001
2020,2020-10-25,Barclays Premier League,Wolverhampton,Newcastle,75.6,64.29,0.5205,0.2712,0.2083,1.48,0.83,1.0,1.0,1,11.309999999999988
2020,2020-10-25,Barclays Premier League,Arsenal,Leicester City,78.65,78.77,0.4219,0.2594,0.3188,1.5,1.27,0.0,1.0,0,0.11999999999999034
2020,2020-10-26,Barclays Premier League,Brighton and Hove Albion,West Bromwich Albion,71.53,58.62,0.56,0.2456,0.1944,1.7,0.89,1.0,1.0,1,12.910000000000004
2020,2020-10-26,Barclays Premier League,Burnley,Tottenham Hotspur,68.18,81.03,0.2586,0.2475,0.4939,1.15,1.68,0.0,1.0,0,12.849999999999994
2020,2020-10-30,Barclays Premier League,Wolverhampton,Crystal Palace,75.44,67.21,0.4931,0.2854,0.2215,1.37,0.81,2.0,0.0,0,8.230000000000004
2020,2020-10-31,Barclays Premier League,Burnley,Chelsea,68.35,84.29,0.216,0.2435,0.5405,1.0,1.73,0.0,3.0,0,15.940000000000012
2020,2020-10-31,Barclays Premier League,Sheffield United,Manchester City,67.42,92.5,0.1012,0.1758,0.7229,0.73,2.3,0.0,1.0,0,25.08
2020,2020-10-31,Barclays Premier League,Liverpool,West Ham United,87.43,74.43,0.6518,0.1888,0.1594,2.36,1.09,2.0,1.0,0,13.0
2020,2020-11-01,Barclays Premier League,Aston Villa,Southampton,71.23,74.16,0.4048,0.2581,0.3371,1.48,1.33,3.0,4.0,0,2.9299999999999926
2020,2020-11-01,Barclays Premier League,Newcastle,Everton,64.88,75.99,0.292,0.2629,0.445,1.16,1.5,2.0,1.0,0,11.11
2020,2020-11-01,Barclays Premier League,Manchester United,Arsenal,84.41,79.73,0.5183,0.2409,0.2408,1.76,1.13,0.0,1.0,0,4.679999999999993
2020,2020-11-01,Barclays Premier League,Tottenham Hotspur,Brighton and Hove Albion,80.41,71.01,0.5757,0.229,0.1952,1.88,1.0,2.0,1.0,0,9.399999999999991
2020,2020-11-02,Barclays Premier League,Leeds United,Leicester City,68.84,79.12,0.2881,0.2517,0.4602,1.23,1.62,1.0,4.0,0,10.280000000000001
2020,2020-11-02,Barclays Premier League,Fulham,West Bromwich Albion,60.4,59.62,0.4399,0.2742,0.2859,1.4,1.07,2.0,0.0,0,0.7800000000000011
2020,2020-11-06,Barclays Premier League,Southampton,Newcastle,73.42,65.52,0.5183,0.2518,0.2299,1.65,1.01,2.0,0.0,0,7.900000000000006
2020,2020-11-06,Barclays Premier League,Brighton and Hove Albion,Burnley,71.04,67.29,0.4592,0.2747,0.2661,1.42,1.01,0.0,0.0,1,3.75
2020,2020-11-07,Barclays Premier League,Everton,Manchester United,75.24,83.19,0.3139,0.2494,0.4368,1.33,1.61,1.0,3.0,0,7.950000000000003
2020,2020-11-07,Barclays Premier League,Crystal Palace,Leeds United,66.28,67.48,0.4042,0.2654,0.3304,1.42,1.26,4.0,1.0,0,1.2000000000000028
2020,2020-11-07,Barclays Premier League,Chelsea,Sheffield United,85.6,67.39,0.6861,0.2034,0.1105,1.99,0.65,4.0,1.0,0,18.209999999999994
2020,2020-11-07,Barclays Premier League,West Ham United,Fulham,74.36,61.36,0.5519,0.2382,0.2099,1.79,1.01,1.0,0.0,0,13.0
2020,2020-11-08,Barclays Premier League,West Bromwich Albion,Tottenham Hotspur,58.99,82.04,0.1702,0.2203,0.6096,0.92,1.95,0.0,1.0,0,23.050000000000004
2020,2020-11-08,Barclays Premier League,Leicester City,Wolverhampton,80.7,76.13,0.5283,0.2619,0.2098,1.56,0.88,1.0,0.0,0,4.570000000000007
2020,2020-11-08,Barclays Premier League,Manchester City,Liverpool,92.97,88.64,0.5277,0.2185,0.2537,2.06,1.38,1.0,1.0,1,4.329999999999998
2020,2020-11-08,Barclays Premier League,Arsenal,Aston Villa,81.07,71.42,0.563,0.233,0.204,1.84,1.01,0.0,3.0,0,9.649999999999991
2020,2020-11-21,Barclays Premier League,Newcastle,Chelsea,65.29,86.07,0.1655,0.2181,0.6164,0.91,1.97,0.0,2.0,0,20.779999999999987
2020,2020-11-21,Barclays Premier League,Aston Villa,Brighton and Hove Albion,73.17,71.82,0.4605,0.2514,0.2881,1.62,1.23,1.0,2.0,0,1.3500000000000085
2020,2020-11-21,Barclays Premier League,Tottenham Hotspur,Manchester City,82.27,92.84,0.2468,0.2277,0.5255,1.26,1.93,2.0,0.0,0,10.570000000000007
2020,2020-11-21,Barclays Premier League,Manchester United,West Bromwich Albion,83.8,58.87,0.7811,0.1572,0.0617,2.3,0.48,1.0,0.0,0,24.93
2020,2020-11-22,Barclays Premier League,Fulham,Everton,62.0,74.52,0.3089,0.2584,0.4326,1.25,1.52,2.0,3.0,0,12.519999999999996
2020,2020-11-22,Barclays Premier League,Sheffield United,West Ham United,66.44,73.91,0.3457,0.277,0.3773,1.22,1.28,0.0,1.0,0,7.469999999999999
2020,2020-11-22,Barclays Premier League,Leeds United,Arsenal,66.29,79.46,0.2822,0.2497,0.4681,1.22,1.64,0.0,0.0,1,13.169999999999987
2020,2020-11-22,Barclays Premier League,Liverpool,Leicester City,88.95,80.85,0.5804,0.2152,0.2045,2.07,1.15,3.0,0.0,0,8.100000000000009
2020,2020-11-23,Barclays Premier League,Wolverhampton,Southampton,76.19,74.1,0.4163,0.2871,0.2966,1.28,1.03,1.0,1.0,1,2.0900000000000034
2020,2020-11-23,Barclays Premier League,Burnley,Crystal Palace,66.85,67.14,0.4344,0.2862,0.2794,1.31,0.99,1.0,0.0,0,0.29000000000000625
2020,2020-11-27,Barclays Premier League,Crystal Palace,Newcastle,67.16,64.76,0.441,0.2811,0.2779,1.35,1.01,0.0,2.0,0,2.3999999999999915
2020,2020-11-28,Barclays Premier League,Brighton and Hove Albion,Liverpool,72.08,88.63,0.182,0.2094,0.6086,1.07,2.11,1.0,1.0,1,16.549999999999997
2020,2020-11-28,Barclays Premier League,Manchester City,Burnley,93.52,66.74,0.8416,0.1202,0.0382,2.6,0.4,5.0,0.0,0,26.78
2020,2020-11-28,Barclays Premier League,Everton,Leeds United,74.03,67.56,0.5099,0.2369,0.2532,1.81,1.21,0.0,1.0,0,6.469999999999999
2020,2020-11-28,Barclays Premier League,West Bromwich Albion,Sheffield United,58.65,65.25,0.3437,0.3034,0.3529,1.06,1.08,1.0,0.0,0,6.600000000000001
2020,2020-11-29,Barclays Premier League,Southampton,Manchester United,74.22,84.0,0.2774,0.2465,0.4761,1.23,1.68,2.0,3.0,0,9.780000000000001
2020,2020-11-29,Barclays Premier League,Chelsea,Tottenham Hotspur,86.44,83.74,0.4751,0.2385,0.2864,1.77,1.33,0.0,0.0,1,2.700000000000003
2020,2020-11-29,Barclays Premier League,Arsenal,Wolverhampton,79.21,75.96,0.4873,0.2812,0.2316,1.39,0.87,1.0,2.0,0,3.25
2020,2020-11-30,Barclays Premier League,Leicester City,Fulham,79.28,61.81,0.642,0.2065,0.1514,2.08,0.9,1.0,2.0,0,17.47
2020,2020-11-30,Barclays Premier League,West Ham United,Aston Villa,75.13,72.89,0.45,0.2458,0.3042,1.67,1.33,2.0,1.0,0,2.239999999999995
2020,2020-12-05,Barclays Premier League,Burnley,Everton,65.97,72.51,0.3582,0.2691,0.3727,1.3,1.33,1.0,1.0,1,6.540000000000006
2020,2020-12-05,Barclays Premier League,Manchester City,Fulham,93.9,63.43,0.8799,0.0916,0.0285,2.99,0.41,2.0,0.0,0,30.470000000000006
2020,2020-12-05,Barclays Premier League,West Ham United,Manchester United,74.21,84.2,0.277,0.2426,0.4804,1.26,1.73,1.0,3.0,0,9.990000000000009
2020,2020-12-05,Barclays Premier League,Chelsea,Leeds United,87.55,69.07,0.7095,0.1795,0.111,2.3,0.79,3.0,1.0,0,18.480000000000004
2020,2020-12-06,Barclays Premier League,Sheffield United,Leicester City,65.58,76.84,0.2901,0.2648,0.4452,1.14,1.48,1.0,2.0,0,11.260000000000005
2020,2020-12-06,Barclays Premier League,Tottenham Hotspur,Arsenal,83.59,78.66,0.5336,0.238,0.2283,1.79,1.09,2.0,0.0,0,4.930000000000007
2020,2020-12-06,Barclays Premier League,West Bromwich Albion,Crystal Palace,57.66,66.16,0.3383,0.2859,0.3757,1.14,1.22,1.0,5.0,0,8.5
2020,2020-12-06,Barclays Premier League,Liverpool,Wolverhampton,87.72,76.84,0.6319,0.2172,0.1508,1.95,0.83,4.0,0.0,0,10.879999999999995
2020,2020-12-07,Barclays Premier League,Brighton and Hove Albion,Southampton,73.6,73.0,0.4225,0.2665,0.311,1.44,1.2,1.0,2.0,0,0.5999999999999943
2020,2020-12-11,Barclays Premier League,Leeds United,West Ham United,68.23,74.45,0.3638,0.2496,0.3865,1.47,1.52,1.0,2.0,0,6.219999999999999
2020,2020-12-12,Barclays Premier League,Wolverhampton,Aston Villa,75.96,73.86,0.4172,0.2698,0.313,1.4,1.18,0.0,1.0,0,2.0999999999999943
2020,2020-12-12,Barclays Premier League,Newcastle,West Bromwich Albion,65.84,55.2,0.5218,0.2693,0.2089,1.49,0.84,2.0,1.0,0,10.64
2020,2020-12-12,Barclays Premier League,Manchester United,Manchester City,84.18,93.95,0.2507,0.2279,0.5214,1.28,1.92,0.0,0.0,1,9.769999999999996
2020,2020-12-12,Barclays Premier League,Everton,Chelsea,73.01,87.43,0.219,0.2247,0.5562,1.15,1.95,1.0,0.0,0,14.420000000000002
2020,2020-12-13,Barclays Premier League,Southampton,Sheffield United,73.28,65.09,0.5123,0.2612,0.2265,1.56,0.94,3.0,0.0,0,8.189999999999998
2020,2020-12-13,Barclays Premier League,Crystal Palace,Tottenham Hotspur,67.9,83.63,0.2056,0.2358,0.5586,1.0,1.81,1.0,1.0,1,15.72999999999999
2020,2020-12-13,Barclays Premier League,Fulham,Liverpool,63.04,87.37,0.1473,0.1889,0.6639,1.0,2.31,1.0,1.0,1,24.330000000000005
2020,2020-12-13,Barclays Premier League,Leicester City,Brighton and Hove Albion,77.71,73.19,0.5107,0.2509,0.2383,1.65,1.05,3.0,0.0,0,4.519999999999996
2020,2020-12-13,Barclays Premier League,Arsenal,Burnley,79.61,65.51,0.5724,0.2475,0.18,1.68,0.82,0.0,1.0,0,14.099999999999994
2020,2020-12-15,Barclays Premier League,Wolverhampton,Chelsea,75.46,87.22,0.2172,0.2596,0.5231,0.92,1.57,2.0,1.0,0,11.760000000000005
2020,2020-12-15,Barclays Premier League,Manchester City,West Bromwich Albion,93.68,55.23,0.9287,0.0612,0.0101,3.18,0.2,1.0,1.0,1,38.45000000000001
2020,2020-12-16,Barclays Premier League,Liverpool,Tottenham Hotspur,86.89,82.75,0.5081,0.2316,0.2603,1.87,1.29,2.0,1.0,0,4.140000000000001
2020,2020-12-16,Barclays Premier League,West Ham United,Crystal Palace,74.89,68.96,0.5142,0.2486,0.2372,1.68,1.06,1.0,1.0,1,5.930000000000007
2020,2020-12-16,Barclays Premier League,Fulham,Brighton and Hove Albion,63.95,72.17,0.3568,0.2699,0.3734,1.29,1.32,0.0,0.0,1,8.219999999999999
2020,2020-12-16,Barclays Premier League,Leeds United,Newcastle,67.67,65.82,0.4687,0.2594,0.272,1.55,1.12,5.0,2.0,0,1.8500000000000085
2020,2020-12-16,Barclays Premier League,Arsenal,Southampton,79.28,74.67,0.4665,0.2559,0.2776,1.58,1.16,1.0,1.0,1,4.609999999999999
2020,2020-12-16,Barclays Premier League,Leicester City,Everton,78.67,73.64,0.5142,0.2408,0.245,1.76,1.15,0.0,2.0,0,5.030000000000001
2020,2020-12-17,Barclays Premier League,Aston Villa,Burnley,74.61,65.91,0.5447,0.2463,0.2089,1.7,0.95,0.0,0.0,1,8.700000000000003
2020,2020-12-17,Barclays Premier League,Sheffield United,Manchester United,63.64,84.18,0.1756,0.2302,0.5942,0.89,1.84,2.0,3.0,0,20.540000000000006
2020,2020-12-19,Barclays Premier League,Crystal Palace,Liverpool,69.98,87.15,0.1764,0.2132,0.6104,1.0,2.05,0.0,7.0,0,17.17
2020,2020-12-19,Barclays Premier League,Southampton,Manchester City,75.59,93.53,0.1438,0.2009,0.6553,0.88,2.13,0.0,1.0,0,17.939999999999998
2020,2020-12-19,Barclays Premier League,Everton,Arsenal,75.11,78.61,0.4034,0.2608,0.3359,1.45,1.31,2.0,1.0,0,3.5
2020,2020-12-19,Barclays Premier League,Newcastle,Fulham,63.96,64.5,0.4005,0.2767,0.3227,1.33,1.16,1.0,1.0,1,0.5399999999999991
2020,2020-12-20,Barclays Premier League,West Bromwich Albion,Aston Villa,56.05,75.19,0.2281,0.2447,0.5273,1.05,1.72,0.0,3.0,0,19.14
2020,2020-12-20,Barclays Premier League,Manchester United,Leeds United,83.42,68.56,0.6638,0.188,0.1482,2.33,1.01,6.0,2.0,0,14.86
2020,2020-12-20,Barclays Premier League,Tottenham Hotspur,Leicester City,82.51,77.44,0.5233,0.2409,0.2358,1.76,1.11,0.0,2.0,0,5.070000000000007
2020,2020-12-20,Barclays Premier League,Brighton and Hove Albion,Sheffield United,72.36,64.21,0.5045,0.273,0.2225,1.46,0.87,1.0,1.0,1,8.150000000000006
2020,2020-12-21,Barclays Premier League,Burnley,Wolverhampton,65.8,75.78,0.3376,0.3086,0.3539,1.02,1.06,2.0,1.0,0,9.980000000000004
2020,2020-12-21,Barclays Premier League,Chelsea,West Ham United,86.96,74.21,0.6419,0.2086,0.1495,2.05,0.87,3.0,0.0,0,12.75
2020,2020-12-26,Barclays Premier League,Manchester City,Newcastle,93.28,63.45,0.8936,0.0889,0.0175,2.79,0.24,2.0,0.0,0,29.83
2020,2020-12-26,Barclays Premier League,Leicester City,Manchester United,78.52,83.91,0.3364,0.2418,0.4217,1.47,1.67,2.0,2.0,1,5.390000000000001
2020,2020-12-26,Barclays Premier League,Fulham,Southampton,65.2,75.89,0.3266,0.2702,0.4032,1.21,1.38,0.0,0.0,1,10.689999999999998
2020,2020-12-26,Barclays Premier League,Aston Villa,Crystal Palace,76.95,67.53,0.5594,0.2384,0.2022,1.78,0.97,3.0,0.0,0,9.420000000000002
2020,2020-12-26,Barclays Premier League,Arsenal,Chelsea,78.9,87.34,0.2594,0.2519,0.4888,1.12,1.64,3.0,1.0,0,8.439999999999998
2020,2020-12-26,Barclays Premier League,Sheffield United,Everton,62.98,74.9,0.2886,0.2639,0.4475,1.15,1.49,0.0,1.0,0,11.920000000000009
2020,2020-12-27,Barclays Premier League,Wolverhampton,Tottenham Hotspur,74.99,81.48,0.2848,0.2714,0.4438,1.09,1.43,1.0,1.0,1,6.490000000000009
2020,2020-12-27,Barclays Premier League,Liverpool,West Bromwich Albion,88.6,54.39,0.8901,0.0872,0.0227,2.95,0.33,1.0,1.0,1,34.209999999999994
2020,2020-12-27,Barclays Premier League,West Ham United,Brighton and Hove Albion,73.71,73.11,0.433,0.2664,0.3006,1.45,1.17,2.0,2.0,1,0.5999999999999943
2020,2020-12-27,Barclays Premier League,Leeds United,Burnley,67.03,66.19,0.4573,0.2516,0.291,1.61,1.24,1.0,0.0,0,0.8400000000000034
2020,2020-12-28,Barclays Premier League,Crystal Palace,Leicester City,65.48,78.35,0.2639,0.2504,0.4857,1.15,1.65,1.0,1.0,1,12.86999999999999
2020,2020-12-28,Barclays Premier League,Chelsea,Aston Villa,86.9,78.38,0.5681,0.2254,0.2066,1.93,1.08,1.0,1.0,1,8.52000000000001
2020,2020-12-29,Barclays Premier League,Brighton and Hove Albion,Arsenal,73.12,79.2,0.354,0.27,0.376,1.28,1.33,0.0,1.0,0,6.079999999999998
2020,2020-12-29,Barclays Premier League,Southampton,West Ham United,75.78,73.48,0.4497,0.2629,0.2874,1.5,1.15,0.0,0.0,1,2.299999999999997
2020,2020-12-29,Barclays Premier League,West Bromwich Albion,Leeds United,55.47,66.57,0.299,0.2482,0.4528,1.29,1.64,0.0,5.0,0,11.099999999999994
2020,2020-12-29,Barclays Premier League,Burnley,Sheffield United,66.74,63.05,0.4663,0.2882,0.2455,1.33,0.88,1.0,0.0,0,3.6899999999999977
2020,2020-12-29,Barclays Premier League,Manchester United,Wolverhampton,84.02,75.51,0.6179,0.2232,0.159,1.9,0.84,1.0,0.0,0,8.509999999999991
2020,2020-12-30,Barclays Premier League,Newcastle,Liverpool,63.16,88.01,0.1267,0.1859,0.6874,0.86,2.28,0.0,0.0,1,24.85000000000001
2020,2021-01-01,Barclays Premier League,Manchester United,Aston Villa,84.51,78.66,0.5364,0.2269,0.2368,1.93,1.22,2.0,1.0,0,5.8500000000000085
2020,2021-01-01,Barclays Premier League,Everton,West Ham United,75.2,74.45,0.4606,0.2562,0.2832,1.57,1.18,0.0,1.0,0,0.75
2020,2021-01-02,Barclays Premier League,Tottenham Hotspur,Leeds United,81.2,68.81,0.6193,0.2038,0.1768,2.18,1.08,3.0,0.0,0,12.39
2020,2021-01-02,Barclays Premier League,Crystal Palace,Sheffield United,65.24,62.81,0.4628,0.2782,0.259,1.39,0.97,2.0,0.0,0,2.4299999999999926
2020,2021-01-02,Barclays Premier League,Brighton and Hove Albion,Wolverhampton,73.0,75.2,0.4235,0.2946,0.2819,1.24,0.96,3.0,3.0,1,2.200000000000003
2020,2021-01-02,Barclays Premier League,West Bromwich Albion,Arsenal,53.26,79.59,0.173,0.2362,0.5908,0.84,1.78,0.0,4.0,0,26.330000000000005
2020,2021-01-03,Barclays Premier League,Newcastle,Leicester City,63.53,78.86,0.231,0.2559,0.513,0.99,1.61,1.0,2.0,0,15.329999999999998
2020,2021-01-03,Barclays Premier League,Chelsea,Manchester City,86.79,93.3,0.2705,0.2486,0.4809,1.19,1.67,1.0,3.0,0,6.509999999999991
2020,2021-01-04,Barclays Premier League,Southampton,Liverpool,75.26,88.07,0.2218,0.2374,0.5408,1.07,1.8,1.0,0.0,0,12.809999999999988
2020,2021-01-12,Barclays Premier League,Burnley,Manchester United,67.47,84.52,0.1903,0.231,0.5787,0.96,1.85,0.0,1.0,0,17.049999999999997
2020,2021-01-12,Barclays Premier League,Sheffield United,Newcastle,62.4,63.52,0.3854,0.3004,0.3142,1.15,1.01,1.0,0.0,0,1.1200000000000045
2020,2021-01-12,Barclays Premier League,Wolverhampton,Everton,74.07,74.54,0.3788,0.282,0.3392,1.25,1.17,1.0,2.0,0,0.4700000000000131
2020,2021-01-13,Barclays Premier League,Manchester City,Brighton and Hove Albion,93.69,73.17,0.8545,0.1127,0.0328,2.65,0.36,1.0,0.0,0,20.519999999999996
2020,2021-01-13,Barclays Premier League,Tottenham Hotspur,Fulham,81.61,66.13,0.6405,0.2185,0.141,1.91,0.76,1.0,1.0,1,15.480000000000004
2020,2021-01-14,Barclays Premier League,Arsenal,Crystal Palace,80.51,66.1,0.6053,0.2306,0.1641,1.83,0.83,0.0,0.0,1,14.41000000000001
2020,2021-01-16,Barclays Premier League,Leicester City,Southampton,79.09,74.73,0.5163,0.2605,0.2232,1.57,0.93,2.0,0.0,0,4.359999999999999
2020,2021-01-16,Barclays Premier League,Wolverhampton,West Bromwich Albion,73.94,51.63,0.635,0.235,0.13,1.73,0.63,2.0,3.0,0,22.309999999999995
2020,2021-01-16,Barclays Premier League,West Ham United,Burnley,75.54,66.97,0.517,0.2708,0.2123,1.48,0.84,1.0,0.0,0,8.570000000000007
2020,2021-01-16,Barclays Premier League,Leeds United,Brighton and Hove Albion,68.19,72.8,0.383,0.2452,0.3718,1.56,1.53,0.0,1.0,0,4.609999999999999
2020,2021-01-16,Barclays Premier League,Fulham,Chelsea,65.92,85.78,0.1895,0.2298,0.5808,0.96,1.87,0.0,1.0,0,19.86
2020,2021-01-17,Barclays Premier League,Sheffield United,Tottenham Hotspur,63.41,81.54,0.1885,0.2421,0.5694,0.89,1.73,1.0,3.0,0,18.13000000000001
2020,2021-01-17,Barclays Premier League,Liverpool,Manchester United,88.56,85.11,0.4935,0.2305,0.2761,1.88,1.36,0.0,0.0,1,3.450000000000003
2020,2021-01-17,Barclays Premier League,Manchester City,Crystal Palace,93.67,67.05,0.9004,0.0852,0.0144,2.79,0.2,4.0,0.0,0,26.620000000000005
2020,2021-01-18,Barclays Premier League,Arsenal,Newcastle,80.16,62.53,0.6098,0.2367,0.1535,1.75,0.74,3.0,0.0,0,17.629999999999995
2020,2021-01-19,Barclays Premier League,West Ham United,West Bromwich Albion,75.81,52.83,0.6612,0.2101,0.1287,1.97,0.73,2.0,1.0,0,22.980000000000004
2020,2021-01-19,Barclays Premier League,Leicester City,Chelsea,79.97,86.31,0.3319,0.2588,0.4092,1.31,1.48,2.0,0.0,0,6.340000000000003
2020,2021-01-20,Barclays Premier League,Manchester City,Aston Villa,93.6,78.55,0.7839,0.1494,0.0667,2.45,0.57,2.0,0.0,0,15.049999999999997
2020,2021-01-20,Barclays Premier League,Fulham,Manchester United,65.5,85.0,0.1871,0.2265,0.5864,0.97,1.9,1.0,2.0,0,19.5
2020,2021-01-21,Barclays Premier League,Liverpool,Burnley,88.83,66.86,0.7865,0.1567,0.0568,2.26,0.44,0.0,1.0,0,21.97
2020,2021-01-23,Barclays Premier League,Aston Villa,Newcastle,77.73,61.01,0.626,0.2231,0.151,1.88,0.8,2.0,0.0,0,16.720000000000006
2020,2021-01-26,Barclays Premier League,Crystal Palace,West Ham United,66.9,75.64,0.3112,0.2772,0.4116,1.13,1.34,2.0,3.0,0,8.739999999999995
2020,2021-01-26,Barclays Premier League,Newcastle,Leeds United,60.39,67.55,0.3534,0.2587,0.3879,1.37,1.44,1.0,2.0,0,7.159999999999997
2020,2021-01-26,Barclays Premier League,West Bromwich Albion,Manchester City,52.98,93.77,0.0283,0.0902,0.8816,0.41,3.01,0.0,5.0,0,40.79
2020,2021-01-26,Barclays Premier League,Southampton,Arsenal,73.91,81.34,0.3209,0.2801,0.399,1.14,1.3,1.0,3.0,0,7.430000000000007
2020,2021-01-27,Barclays Premier League,Manchester United,Sheffield United,85.07,63.11,0.7481,0.1723,0.0796,2.22,0.57,1.0,2.0,0,21.959999999999994
2020,2021-01-27,Barclays Premier League,Brighton and Hove Albion,Fulham,73.85,65.49,0.4888,0.2714,0.2398,1.46,0.94,0.0,0.0,1,8.36
2020,2021-01-27,Barclays Premier League,Everton,Leicester City,74.78,80.87,0.3213,0.2672,0.4115,1.22,1.41,1.0,1.0,1,6.090000000000003
2020,2021-01-27,Barclays Premier League,Chelsea,Wolverhampton,85.67,71.69,0.6611,0.2108,0.1281,1.96,0.73,0.0,0.0,1,13.980000000000004
2020,2021-01-27,Barclays Premier League,Burnley,Aston Villa,67.42,78.41,0.263,0.2704,0.4666,1.02,1.46,3.0,2.0,0,10.989999999999995
2020,2021-01-28,Barclays Premier League,Tottenham Hotspur,Liverpool,81.7,88.42,0.333,0.2449,0.4221,1.43,1.64,1.0,3.0,0,6.719999999999999
2020,2021-01-30,Barclays Premier League,Everton,Newcastle,74.74,60.48,0.568,0.2528,0.1791,1.63,0.79,0.0,2.0,0,14.259999999999998
2020,2021-01-30,Barclays Premier League,West Bromwich Albion,Fulham,52.33,64.83,0.2784,0.2774,0.4442,1.03,1.38,2.0,2.0,1,12.5
2020,2021-01-30,Barclays Premier League,Manchester City,Sheffield United,93.83,64.36,0.8958,0.0891,0.0151,2.74,0.2,1.0,0.0,0,29.47
2020,2021-01-30,Barclays Premier League,Crystal Palace,Wolverhampton,65.74,72.44,0.3635,0.2867,0.3498,1.19,1.16,1.0,0.0,0,6.700000000000003
2020,2021-01-30,Barclays Premier League,Arsenal,Manchester United,81.76,84.2,0.3626,0.2545,0.3829,1.42,1.47,0.0,0.0,1,2.4399999999999977
2020,2021-01-30,Barclays Premier League,Southampton,Aston Villa,73.1,78.21,0.3256,0.264,0.4104,1.25,1.44,0.0,1.0,0,5.109999999999999
2020,2021-01-31,Barclays Premier League,Brighton and Hove Albion,Tottenham Hotspur,74.69,80.18,0.3122,0.2625,0.4253,1.23,1.48,1.0,0.0,0,5.490000000000009
2020,2021-01-31,Barclays Premier League,West Ham United,Liverpool,76.06,89.56,0.2399,0.2342,0.5259,1.17,1.84,1.0,3.0,0,13.5
2020,2021-01-31,Barclays Premier League,Leicester City,Leeds United,81.17,67.46,0.6364,0.2063,0.1573,2.1,0.94,1.0,3.0,0,13.710000000000008
2020,2021-01-31,Barclays Premier League,Chelsea,Burnley,85.58,67.17,0.6866,0.2097,0.1037,1.91,0.58,2.0,0.0,0,18.409999999999997
2020,2021-02-02,Barclays Premier League,Wolverhampton,Arsenal,71.99,81.22,0.2895,0.279,0.4315,1.06,1.35,2.0,1.0,0,9.230000000000004
2020,2021-02-02,Barclays Premier League,Sheffield United,West Bromwich Albion,65.23,52.2,0.5369,0.266,0.1971,1.52,0.81,2.0,1.0,0,13.030000000000001
2020,2021-02-02,Barclays Premier League,Newcastle,Crystal Palace,62.82,66.41,0.4027,0.2877,0.3096,1.26,1.06,1.0,2.0,0,3.5899999999999963
2020,2021-02-02,Barclays Premier League,Manchester United,Southampton,84.94,73.92,0.6335,0.219,0.1475,1.92,0.8,9.0,0.0,0,11.019999999999996
2020,2021-02-03,Barclays Premier League,Aston Villa,West Ham United,77.5,75.33,0.4746,0.2479,0.2775,1.67,1.22,1.0,3.0,0,2.1700000000000017
2020,2021-02-03,Barclays Premier League,Leeds United,Everton,68.73,72.49,0.3965,0.2481,0.3554,1.56,1.46,1.0,2.0,0,3.759999999999991
2020,2021-02-03,Barclays Premier League,Liverpool,Brighton and Hove Albion,90.01,76.14,0.6713,0.2005,0.1282,2.08,0.78,0.0,1.0,0,13.870000000000005
2020,2021-02-03,Barclays Premier League,Burnley,Manchester City,66.73,93.54,0.06,0.1575,0.7825,0.47,2.28,0.0,2.0,0,26.810000000000002
2020,2021-02-03,Barclays Premier League,Fulham,Leicester City,64.65,80.06,0.234,0.2631,0.5029,0.96,1.54,0.0,2.0,0,15.409999999999997
2020,2021-02-04,Barclays Premier League,Tottenham Hotspur,Chelsea,78.8,85.98,0.3266,0.2576,0.4158,1.3,1.5,0.0,1.0,0,7.180000000000007
2020,2021-02-06,Barclays Premier League,Aston Villa,Arsenal,76.18,80.67,0.3886,0.2595,0.3519,1.44,1.36,1.0,0.0,0,4.489999999999995
2020,2021-02-06,Barclays Premier League,Newcastle,Southampton,63.13,70.0,0.3808,0.2831,0.3361,1.25,1.15,3.0,2.0,0,6.869999999999997
2020,2021-02-06,Barclays Premier League,Burnley,Brighton and Hove Albion,66.34,77.19,0.3049,0.295,0.4001,1.01,1.21,1.0,1.0,1,10.849999999999994
2020,2021-02-06,Barclays Premier League,Fulham,West Ham United,64.56,76.6,0.2873,0.2685,0.4442,1.11,1.45,0.0,0.0,1,12.039999999999992
2020,2021-02-06,Barclays Premier League,Manchester United,Everton,87.31,72.76,0.6527,0.2025,0.1449,2.11,0.88,3.0,3.0,1,14.549999999999997
2020,2021-02-07,Barclays Premier League,Sheffield United,Chelsea,64.7,86.95,0.1453,0.2329,0.6218,0.72,1.78,1.0,2.0,0,22.25
2020,2021-02-07,Barclays Premier League,Liverpool,Manchester City,89.42,93.48,0.2765,0.2539,0.4696,1.17,1.6,1.0,4.0,0,4.060000000000002
2020,2021-02-07,Barclays Premier League,Tottenham Hotspur,West Bromwich Albion,77.77,52.3,0.735,0.1726,0.0924,2.29,0.67,2.0,0.0,0,25.47
2020,2021-02-07,Barclays Premier League,Wolverhampton,Leicester City,72.66,80.15,0.266,0.2764,0.4576,1.0,1.4,0.0,0.0,1,7.490000000000009
2020,2021-02-08,Barclays Premier League,Leeds United,Crystal Palace,68.43,65.72,0.4806,0.243,0.2763,1.73,1.25,2.0,0.0,0,2.710000000000008
2020,2021-02-13,Barclays Premier League,Leicester City,Liverpool,79.97,88.81,0.2999,0.2528,0.4473,1.26,1.59,3.0,1.0,0,8.840000000000003
2020,2021-02-13,Barclays Premier League,Crystal Palace,Burnley,64.6,67.94,0.3811,0.2949,0.324,1.18,1.06,0.0,3.0,0,3.3400000000000034
2020,2021-02-13,Barclays Premier League,Manchester City,Tottenham Hotspur,93.81,77.94,0.77,0.1582,0.0718,2.36,0.57,3.0,0.0,0,15.870000000000005
2020,2021-02-13,Barclays Premier League,Brighton and Hove Albion,Aston Villa,75.5,76.22,0.3758,0.2645,0.3597,1.37,1.34,0.0,0.0,1,0.7199999999999989
2020,2021-02-14,Barclays Premier League,Everton,Fulham,73.55,65.59,0.5014,0.2659,0.2327,1.52,0.94,0.0,2.0,0,7.959999999999994
2020,2021-02-14,Barclays Premier League,Arsenal,Leeds United,80.83,69.7,0.5509,0.2303,0.2188,1.88,1.11,4.0,2.0,0,11.129999999999995
2020,2021-02-14,Barclays Premier League,Southampton,Wolverhampton,69.9,73.12,0.3908,0.2862,0.3231,1.25,1.11,1.0,2.0,0,3.219999999999999
2020,2021-02-14,Barclays Premier League,West Bromwich Albion,Manchester United,52.36,86.52,0.0828,0.1464,0.7708,0.76,2.64,1.0,1.0,1,34.16
2020,2021-02-15,Barclays Premier League,West Ham United,Sheffield United,75.99,64.86,0.5699,0.2518,0.1783,1.64,0.79,3.0,0.0,0,11.129999999999995
2020,2021-02-15,Barclays Premier League,Chelsea,Newcastle,86.81,62.81,0.76,0.171,0.0691,2.17,0.49,2.0,0.0,0,24.0
2020,2021-02-17,Barclays Premier League,Burnley,Fulham,69.32,68.21,0.386,0.3019,0.3121,1.15,1.0,1.0,1.0,1,1.1099999999999994
2020,2021-02-17,Barclays Premier League,Everton,Manchester City,71.12,93.92,0.1062,0.1806,0.7132,0.74,2.26,1.0,3.0,0,22.799999999999997
2020,2021-02-19,Barclays Premier League,Wolverhampton,Leeds United,73.68,68.99,0.449,0.2552,0.2958,1.57,1.23,1.0,0.0,0,4.690000000000012
2020,2021-02-20,Barclays Premier League,Fulham,Sheffield United,68.34,64.64,0.4893,0.2879,0.2228,1.35,0.81,1.0,0.0,0,3.700000000000003
2020,2021-02-20,Barclays Premier League,Liverpool,Everton,88.84,71.37,0.7287,0.1728,0.0984,2.32,0.72,0.0,2.0,0,17.47
2020,2021-02-20,Barclays Premier League,Southampton,Chelsea,69.36,87.02,0.1681,0.231,0.6008,0.85,1.83,1.0,1.0,1,17.659999999999997
2020,2021-02-20,Barclays Premier League,Burnley,West Bromwich Albion,69.29,53.76,0.5735,0.2544,0.1721,1.61,0.75,0.0,0.0,1,15.530000000000008
2020,2021-02-21,Barclays Premier League,West Ham United,Tottenham Hotspur,76.08,77.6,0.4092,0.2568,0.3341,1.5,1.33,2.0,1.0,0,1.519999999999996
2020,2021-02-21,Barclays Premier League,Aston Villa,Leicester City,75.01,79.71,0.3413,0.2676,0.3912,1.27,1.38,1.0,2.0,0,4.699999999999989
2020,2021-02-21,Barclays Premier League,Arsenal,Manchester City,81.35,93.85,0.1828,0.2341,0.5831,0.9,1.81,0.0,1.0,0,12.5
2020,2021-02-21,Barclays Premier League,Manchester United,Newcastle,87.04,62.52,0.8011,0.1397,0.0592,2.53,0.54,3.0,1.0,0,24.520000000000003
2020,2021-02-22,Barclays Premier League,Brighton and Hove Albion,Crystal Palace,76.97,62.76,0.5643,0.2494,0.1863,1.66,0.84,1.0,2.0,0,14.21
2020,2021-02-23,Barclays Premier League,Leeds United,Southampton,70.17,69.36,0.4576,0.2467,0.2957,1.67,1.3,3.0,0.0,0,0.8100000000000023
2020,2021-02-27,Barclays Premier League,Manchester City,West Ham United,93.84,76.06,0.7711,0.1605,0.0684,2.3,0.53,2.0,1.0,0,17.78
2020,2021-02-27,Barclays Premier League,West Bromwich Albion,Brighton and Hove Albion,55.15,77.3,0.2052,0.2502,0.5446,0.92,1.66,1.0,0.0,0,22.15
2020,2021-02-27,Barclays Premier League,Leeds United,Aston Villa,71.09,74.84,0.3834,0.2419,0.3747,1.59,1.57,0.0,1.0,0,3.75
2020,2021-02-27,Barclays Premier League,Newcastle,Wolverhampton,62.59,72.95,0.3604,0.2972,0.3424,1.13,1.09,1.0,1.0,1,10.36
2020,2021-02-28,Barclays Premier League,Chelsea,Manchester United,87.82,86.77,0.4675,0.2546,0.278,1.6,1.17,0.0,0.0,1,1.0499999999999972
2020,2021-02-28,Barclays Premier League,Tottenham Hotspur,Burnley,78.14,68.55,0.5614,0.2514,0.1872,1.64,0.83,4.0,0.0,0,9.590000000000003
2020,2021-02-28,Barclays Premier League,Sheffield United,Liverpool,64.07,87.99,0.1119,0.192,0.6961,0.72,2.13,0.0,2.0,0,23.92
2020,2021-02-28,Barclays Premier League,Crystal Palace,Fulham,62.12,69.15,0.3193,0.2857,0.3951,1.1,1.26,0.0,0.0,1,7.030000000000008
2020,2021-02-28,Barclays Premier League,Leicester City,Arsenal,78.59,81.0,0.4454,0.2788,0.2758,1.37,1.02,1.0,3.0,0,2.4099999999999966
2020,2021-03-01,Barclays Premier League,Everton,Southampton,72.62,68.58,0.4894,0.2622,0.2483,1.54,1.02,1.0,0.0,0,4.040000000000006
2020,2021-03-02,Barclays Premier League,Manchester City,Wolverhampton,93.5,72.31,0.8354,0.1333,0.0313,2.33,0.28,4.0,1.0,0,21.189999999999998
2020,2021-03-03,Barclays Premier League,Burnley,Leicester City,67.05,76.86,0.2541,0.2892,0.4566,0.9,1.31,1.0,1.0,1,9.810000000000002
2020,2021-03-03,Barclays Premier League,Sheffield United,Aston Villa,63.31,75.19,0.2624,0.2735,0.464,1.0,1.43,1.0,0.0,0,11.879999999999995
2020,2021-03-03,Barclays Premier League,Crystal Palace,Manchester United,61.45,86.89,0.1269,0.1955,0.6775,0.8,2.14,0.0,0.0,1,25.439999999999998
2020,2021-03-04,Barclays Premier League,West Bromwich Albion,Everton,55.2,73.24,0.2306,0.2557,0.5137,0.99,1.61,0.0,1.0,0,18.039999999999992
2020,2021-03-04,Barclays Premier League,Fulham,Tottenham Hotspur,70.4,79.24,0.3086,0.2738,0.4176,1.14,1.37,0.0,1.0,0,8.83999999999999
2020,2021-03-04,Barclays Premier League,Liverpool,Chelsea,88.54,88.07,0.4489,0.2619,0.2892,1.51,1.16,0.0,1.0,0,0.4700000000000131
2020,2021-03-06,Barclays Premier League,Burnley,Arsenal,67.42,82.44,0.2451,0.2746,0.4804,0.94,1.43,1.0,1.0,1,15.019999999999996
2020,2021-03-06,Barclays Premier League,Sheffield United,Southampton,63.1,68.4,0.3505,0.2993,0.3502,1.1,1.1,0.0,2.0,0,5.300000000000004
2020,2021-03-06,Barclays Premier League,Aston Villa,Wolverhampton,75.54,71.91,0.4934,0.2681,0.2386,1.49,0.95,0.0,0.0,1,3.6300000000000097
2020,2021-03-06,Barclays Premier League,Brighton and Hove Albion,Leicester City,77.28,76.39,0.3618,0.2843,0.3539,1.2,1.19,1.0,2.0,0,0.8900000000000006
2020,2021-03-07,Barclays Premier League,West Bromwich Albion,Newcastle,55.58,63.02,0.3158,0.2803,0.4039,1.12,1.31,0.0,0.0,1,7.440000000000005
2020,2021-03-07,Barclays Premier League,Liverpool,Fulham,88.17,70.34,0.7096,0.1941,0.0963,2.04,0.6,0.0,1.0,0,17.83
2020,2021-03-07,Barclays Premier League,Manchester City,Manchester United,93.73,86.89,0.5838,0.2325,0.1837,1.83,0.92,0.0,2.0,0,6.840000000000003
2020,2021-03-07,Barclays Premier League,Tottenham Hotspur,Crystal Palace,79.42,62.08,0.6762,0.204,0.1199,2.02,0.71,4.0,1.0,0,17.340000000000003
2020,2021-03-08,Barclays Premier League,West Ham United,Leeds United,77.66,71.2,0.5525,0.2278,0.2197,1.91,1.13,2.0,0.0,0,6.459999999999994
2020,2021-03-08,Barclays Premier League,Chelsea,Everton,88.59,73.03,0.6603,0.2218,0.1178,1.83,0.62,2.0,0.0,0,15.560000000000002
2020,2021-03-10,Barclays Premier League,Manchester City,Southampton,93.58,69.55,0.8503,0.1183,0.0314,2.54,0.32,5.0,2.0,0,24.03
2020,2021-03-12,Barclays Premier League,Newcastle,Aston Villa,62.44,74.88,0.3275,0.2759,0.3966,1.18,1.32,1.0,1.0,1,12.439999999999998
2020,2021-03-13,Barclays Premier League,Leeds United,Chelsea,70.87,89.17,0.1655,0.2223,0.6123,0.88,1.92,0.0,0.0,1,18.299999999999997
2020,2021-03-13,Barclays Premier League,Crystal Palace,West Bromwich Albion,61.02,56.59,0.4737,0.2755,0.2508,1.42,0.96,1.0,0.0,0,4.43
2020,2021-03-13,Barclays Premier League,Everton,Burnley,72.26,67.2,0.4832,0.2782,0.2386,1.41,0.9,1.0,2.0,0,5.060000000000002
2020,2021-03-13,Barclays Premier League,Fulham,Manchester City,71.75,93.83,0.1434,0.2185,0.6381,0.78,1.92,0.0,3.0,0,22.08
2020,2021-03-14,Barclays Premier League,Leicester City,Sheffield United,76.94,61.77,0.6809,0.222,0.0971,1.78,0.5,5.0,0.0,0,15.169999999999995
2020,2021-03-14,Barclays Premier League,Southampton,Brighton and Hove Albion,70.24,76.65,0.3303,0.2745,0.3952,1.19,1.33,1.0,2.0,0,6.410000000000011
2020,2021-03-14,Barclays Premier League,Arsenal,Tottenham Hotspur,83.38,80.7,0.409,0.2578,0.3332,1.49,1.32,2.0,1.0,0,2.6799999999999926
2020,2021-03-14,Barclays Premier League,Manchester United,West Ham United,87.36,78.0,0.5325,0.2403,0.2272,1.77,1.07,1.0,0.0,0,9.36
2020,2021-03-15,Barclays Premier League,Wolverhampton,Liverpool,73.03,87.71,0.1806,0.2377,0.5817,0.87,1.77,0.0,1.0,0,14.679999999999993
2020,2021-03-19,Barclays Premier League,Fulham,Leeds United,71.28,71.14,0.4464,0.2718,0.2818,1.43,1.07,1.0,2.0,0,0.14000000000000057
2020,2021-03-20,Barclays Premier League,Brighton and Hove Albion,Newcastle,76.93,63.13,0.539,0.2615,0.1995,1.56,0.84,3.0,0.0,0,13.800000000000004
2020,2021-03-21,Barclays Premier League,Aston Villa,Tottenham Hotspur,74.43,79.7,0.3169,0.2611,0.422,1.25,1.48,0.0,2.0,0,5.269999999999996
2020,2021-03-21,Barclays Premier League,West Ham United,Arsenal,77.68,83.45,0.3925,0.2683,0.3392,1.37,1.26,3.0,3.0,1,5.769999999999996
2020,2021-04-03,Barclays Premier League,Leicester City,Manchester City,79.29,93.71,0.2198,0.241,0.5392,1.03,1.76,0.0,2.0,0,14.419999999999987
2020,2021-04-03,Barclays Premier League,Arsenal,Liverpool,83.13,87.84,0.2901,0.25,0.4599,1.25,1.63,0.0,3.0,0,4.710000000000008
2020,2021-04-03,Barclays Premier League,Chelsea,West Bromwich Albion,89.35,57.07,0.8659,0.1143,0.0198,2.44,0.2,2.0,5.0,0,32.279999999999994
2020,2021-04-03,Barclays Premier League,Leeds United,Sheffield United,71.46,58.3,0.5645,0.2397,0.1958,1.76,0.93,2.0,1.0,0,13.159999999999997
2020,2021-04-04,Barclays Premier League,Newcastle,Tottenham Hotspur,62.23,80.81,0.2097,0.2484,0.5419,0.95,1.68,2.0,2.0,1,18.580000000000005
2020,2021-04-04,Barclays Premier League,Aston Villa,Fulham,73.41,70.82,0.4006,0.2941,0.3053,1.21,1.02,3.0,1.0,0,2.5900000000000034
2020,2021-04-04,Barclays Premier League,Southampton,Burnley,70.1,67.57,0.452,0.279,0.2691,1.38,1.0,3.0,2.0,0,2.530000000000001
2020,2021-04-04,Barclays Premier League,Manchester United,Brighton and Hove Albion,87.83,77.96,0.5993,0.2374,0.1632,1.76,0.79,2.0,1.0,0,9.870000000000005
2020,2021-04-05,Barclays Premier League,Wolverhampton,West Ham United,73.01,77.45,0.2954,0.2772,0.4274,1.08,1.36,2.0,3.0,0,4.439999999999998
2020,2021-04-05,Barclays Premier League,Everton,Crystal Palace,71.52,60.87,0.5538,0.2533,0.1929,1.63,0.85,1.0,1.0,1,10.649999999999999
2020,2021-04-09,Barclays Premier League,Fulham,Wolverhampton,70.07,73.29,0.4334,0.2996,0.2671,1.23,0.9,0.0,1.0,0,3.220000000000013
2020,2021-04-10,Barclays Premier League,Manchester City,Leeds United,93.67,71.56,0.7441,0.161,0.0948,2.48,0.77,1.0,2.0,0,22.11
2020,2021-04-10,Barclays Premier League,Liverpool,Aston Villa,88.85,73.82,0.7243,0.1798,0.0958,2.21,0.66,2.0,1.0,0,15.030000000000001
2020,2021-04-10,Barclays Premier League,Crystal Palace,Chelsea,60.49,87.43,0.1015,0.2006,0.698,0.6,1.99,1.0,4.0,0,26.940000000000005
2020,2021-04-11,Barclays Premier League,Tottenham Hotspur,Manchester United,78.65,87.98,0.3312,0.2533,0.4155,1.35,1.54,1.0,3.0,0,9.329999999999998
2020,2021-04-11,Barclays Premier League,Sheffield United,Arsenal,58.13,81.17,0.1858,0.2447,0.5695,0.86,1.71,0.0,3.0,0,23.04
2020,2021-04-11,Barclays Premier League,Burnley,Newcastle,66.54,63.89,0.4086,0.2817,0.3097,1.3,1.1,1.0,2.0,0,2.6500000000000057
2020,2021-04-11,Barclays Premier League,West Ham United,Leicester City,76.56,78.51,0.4032,0.2627,0.3342,1.44,1.29,3.0,2.0,0,1.9500000000000028
2020,2021-04-12,Barclays Premier League,West Bromwich Albion,Southampton,59.42,70.25,0.3158,0.2622,0.422,1.24,1.47,3.0,0.0,0,10.829999999999998
2020,2021-04-12,Barclays Premier League,Brighton and Hove Albion,Everton,78.01,71.62,0.4878,0.2653,0.2469,1.51,1.0,0.0,0.0,1,6.390000000000001
2020,2021-04-16,Barclays Premier League,Everton,Tottenham Hotspur,71.73,77.94,0.3248,0.2577,0.4175,1.3,1.5,2.0,2.0,1,6.209999999999994
2020,2021-04-17,Barclays Premier League,Newcastle,West Ham United,63.82,76.14,0.2439,0.2429,0.5133,1.13,1.74,3.0,2.0,0,12.32
2020,2021-04-17,Barclays Premier League,Wolverhampton,Sheffield United,73.16,56.89,0.4794,0.2868,0.2338,1.35,0.85,1.0,0.0,0,16.269999999999996
2020,2021-04-18,Barclays Premier League,Manchester United,Burnley,88.18,66.06,0.7014,0.1936,0.1051,2.08,0.66,3.0,1.0,0,22.120000000000005
2020,2021-04-18,Barclays Premier League,Arsenal,Fulham,83.33,70.38,0.5553,0.2586,0.1861,1.58,0.79,1.0,1.0,1,12.950000000000003
2020,2021-04-19,Barclays Premier League,Leeds United,Liverpool,72.05,89.17,0.1571,0.1979,0.645,1.0,2.21,1.0,1.0,1,17.120000000000005
2020,2021-04-20,Barclays Premier League,Chelsea,Brighton and Hove Albion,87.33,78.29,0.6417,0.2334,0.1249,1.74,0.61,0.0,0.0,1,9.039999999999992
2020,2021-04-21,Barclays Premier League,Tottenham Hotspur,Southampton,76.93,67.89,0.5644,0.2254,0.2102,1.94,1.1,2.0,1.0,0,9.040000000000006
2020,2021-04-21,Barclays Premier League,Aston Villa,Manchester City,73.79,93.67,0.1287,0.1981,0.6732,0.8,2.12,1.0,2.0,0,19.879999999999995
2020,2021-04-22,Barclays Premier League,Leicester City,West Bromwich Albion,78.75,61.34,0.6899,0.2005,0.1096,2.02,0.66,3.0,0.0,0,17.409999999999997
2020,2021-04-23,Barclays Premier League,Arsenal,Everton,83.48,72.53,0.5623,0.2408,0.197,1.75,0.93,0.0,1.0,0,10.950000000000003
2020,2021-04-24,Barclays Premier League,Liverpool,Newcastle,88.35,64.2,0.8047,0.1385,0.0568,2.52,0.52,1.0,1.0,1,24.14999999999999
2020,2021-04-24,Barclays Premier League,West Ham United,Chelsea,75.43,87.1,0.2906,0.2588,0.4506,1.19,1.54,0.0,1.0,0,11.669999999999987
2020,2021-04-24,Barclays Premier League,Sheffield United,Brighton and Hove Albion,57.29,79.1,0.2003,0.2769,0.5228,0.77,1.44,1.0,0.0,0,21.809999999999995
2020,2021-04-25,Barclays Premier League,Aston Villa,West Bromwich Albion,74.09,60.23,0.5712,0.2377,0.1911,1.78,0.92,2.0,2.0,1,13.860000000000007
2020,2021-04-25,Barclays Premier League,Leeds United,Manchester United,73.23,88.13,0.2642,0.2361,0.4997,1.26,1.82,0.0,0.0,1,14.899999999999991
2020,2021-04-25,Barclays Premier League,Wolverhampton,Burnley,73.19,65.78,0.4677,0.28,0.2523,1.39,0.94,0.0,4.0,0,7.409999999999997
2020,2021-04-26,Barclays Premier League,Leicester City,Crystal Palace,79.73,58.67,0.7363,0.1852,0.0784,2.06,0.51,2.0,1.0,0,21.060000000000002
2020,2021-04-30,Barclays Premier League,Southampton,Leicester City,68.0,79.63,0.2508,0.2554,0.4939,1.07,1.61,1.0,1.0,1,11.629999999999995
2020,2021-05-01,Barclays Premier League,Crystal Palace,Manchester City,58.83,93.52,0.0632,0.1393,0.7974,0.59,2.58,0.0,2.0,0,34.69
2020,2021-05-01,Barclays Premier League,Brighton and Hove Albion,Leeds United,79.03,72.88,0.4851,0.2622,0.2526,1.54,1.03,2.0,0.0,0,6.150000000000006
2020,2021-05-01,Barclays Premier League,Chelsea,Fulham,88.42,70.02,0.7169,0.2095,0.0736,1.82,0.4,2.0,0.0,0,18.400000000000006
2020,2021-05-01,Barclays Premier League,Everton,Aston Villa,73.45,73.89,0.4239,0.2671,0.309,1.43,1.19,1.0,2.0,0,0.4399999999999977
2020,2021-05-02,Barclays Premier League,Newcastle,Arsenal,64.47,82.86,0.2328,0.2486,0.5186,1.04,1.68,0.0,2.0,0,18.39
2020,2021-05-02,Barclays Premier League,Tottenham Hotspur,Sheffield United,76.89,57.4,0.6862,0.2021,0.1117,2.01,0.66,4.0,0.0,0,19.490000000000002
2020,2021-05-03,Barclays Premier League,Burnley,West Ham United,69.0,74.32,0.321,0.2538,0.4252,1.32,1.55,1.0,2.0,0,5.319999999999993
2020,2021-05-03,Barclays Premier League,West Bromwich Albion,Wolverhampton,59.78,69.87,0.3413,0.2768,0.3819,1.21,1.29,1.0,1.0,1,10.090000000000003
2020,2021-05-07,Barclays Premier League,Leicester City,Newcastle,80.48,63.35,0.6988,0.2004,0.1007,1.99,0.6,2.0,4.0,0,17.130000000000003
2020,2021-05-08,Barclays Premier League,Leeds United,Tottenham Hotspur,71.71,77.86,0.3103,0.2409,0.4488,1.4,1.72,3.0,1.0,0,6.150000000000006
2020,2021-05-08,Barclays Premier League,Sheffield United,Crystal Palace,56.05,59.09,0.3661,0.2967,0.3371,1.14,1.08,0.0,2.0,0,3.0400000000000063
2020,2021-05-08,Barclays Premier League,Manchester City,Chelsea,93.26,89.41,0.4704,0.2751,0.2544,1.42,0.97,1.0,2.0,0,3.8500000000000085
2020,2021-05-08,Barclays Premier League,Liverpool,Southampton,88.11,66.99,0.7816,0.1478,0.0706,2.51,0.62,2.0,0.0,0,21.120000000000005
2020,2021-05-09,Barclays Premier League,West Ham United,Everton,74.88,72.61,0.5466,0.2368,0.2166,1.8,1.05,0.0,1.0,0,2.269999999999996
2020,2021-05-09,Barclays Premier League,Arsenal,West Bromwich Albion,84.06,59.78,0.571,0.2344,0.1946,1.82,0.96,3.0,1.0,0,24.28
2020,2021-05-09,Barclays Premier League,Wolverhampton,Brighton and Hove Albion,69.88,80.13,0.3202,0.3014,0.3784,1.02,1.14,2.0,1.0,0,10.25
2020,2021-05-09,Barclays Premier League,Aston Villa,Manchester United,74.55,87.67,0.2606,0.243,0.4964,1.19,1.73,1.0,3.0,0,13.120000000000005
2020,2021-05-10,Barclays Premier League,Fulham,Burnley,70.0,68.14,0.4238,0.2837,0.2925,1.31,1.04,0.0,2.0,0,1.8599999999999994
2020,2021-05-11,Barclays Premier League,Manchester United,Leicester City,88.25,78.36,0.4915,0.2473,0.2612,1.69,1.16,1.0,2.0,0,9.89
2020,2021-05-11,Barclays Premier League,Southampton,Crystal Palace,67.11,61.09,0.4309,0.2676,0.3015,1.44,1.16,3.0,1.0,0,6.019999999999996
2020,2021-05-12,Barclays Premier League,Chelsea,Arsenal,89.83,83.07,0.5819,0.2536,0.1645,1.61,0.72,0.0,1.0,0,6.760000000000005
2020,2021-05-13,Barclays Premier League,Aston Villa,Everton,73.71,73.46,0.4317,0.2661,0.3022,1.45,1.17,0.0,0.0,1,0.25
2020,2021-05-13,Barclays Premier League,Manchester United,Liverpool,87.2,88.09,0.3279,0.252,0.4201,1.35,1.56,2.0,4.0,0,0.8900000000000006
2020,2021-05-14,Barclays Premier League,Newcastle,Manchester City,64.74,93.19,0.2169,0.2203,0.5628,1.17,2.01,3.0,4.0,0,28.450000000000003
2020,2021-05-15,Barclays Premier League,Brighton and Hove Albion,West Ham United,79.1,74.29,0.4533,0.2652,0.2816,1.49,1.11,1.0,1.0,1,4.809999999999988
2020,2021-05-15,Barclays Premier League,Southampton,Fulham,66.81,68.64,0.3906,0.2778,0.3316,1.3,1.18,3.0,1.0,0,1.8299999999999983
2020,2021-05-15,Barclays Premier League,Burnley,Leeds United,69.1,72.9,0.3773,0.2524,0.3703,1.48,1.46,0.0,4.0,0,3.8000000000000114
2020,2021-05-16,Barclays Premier League,Crystal Palace,Aston Villa,61.13,73.14,0.3288,0.2703,0.4008,1.22,1.37,3.0,2.0,0,12.009999999999998
2020,2021-05-16,Barclays Premier League,Tottenham Hotspur,Wolverhampton,76.59,70.85,0.483,0.2557,0.2612,1.6,1.11,2.0,0.0,0,5.740000000000009
2020,2021-05-16,Barclays Premier League,West Bromwich Albion,Liverpool,61.0,88.53,0.0925,0.1551,0.7524,0.79,2.57,1.0,2.0,0,27.53
2020,2021-05-16,Barclays Premier League,Everton,Sheffield United,74.38,54.06,0.4983,0.274,0.2277,1.45,0.88,0.0,1.0,0,20.319999999999993
2020,2021-05-18,Barclays Premier League,Southampton,Leeds United,67.59,74.03,0.3663,0.2465,0.3872,1.51,1.56,0.0,2.0,0,6.439999999999998
2020,2021-05-18,Barclays Premier League,Manchester United,Fulham,86.37,67.5,0.5252,0.2458,0.229,1.71,1.04,1.0,1.0,1,18.870000000000005
2020,2021-05-18,Barclays Premier League,Brighton and Hove Albion,Manchester City,78.08,93.24,0.2723,0.2607,0.467,1.11,1.54,3.0,2.0,0,15.159999999999997
2020,2021-05-18,Barclays Premier League,Chelsea,Leicester City,89.91,79.9,0.5666,0.2506,0.1828,1.65,0.82,2.0,1.0,0,10.009999999999991
2020,2021-05-19,Barclays Premier League,Everton,Wolverhampton,72.9,69.52,0.4072,0.2865,0.3063,1.27,1.06,1.0,0.0,0,3.3800000000000097
2020,2021-05-19,Barclays Premier League,Newcastle,Sheffield United,66.67,55.57,0.4659,0.2622,0.2719,1.52,1.1,1.0,0.0,0,11.100000000000001
2020,2021-05-19,Barclays Premier League,Tottenham Hotspur,Aston Villa,77.66,71.86,0.4434,0.2431,0.3135,1.69,1.39,1.0,2.0,0,5.799999999999997
2020,2021-05-19,Barclays Premier League,Crystal Palace,Arsenal,61.79,82.98,0.2823,0.2635,0.4542,1.13,1.5,1.0,3.0,0,21.190000000000005
2020,2021-05-19,Barclays Premier League,West Bromwich Albion,West Ham United,60.98,75.35,0.3263,0.243,0.4307,1.43,1.67,1.0,3.0,0,14.369999999999997
2020,2021-05-19,Barclays Premier League,Burnley,Liverpool,67.69,88.43,0.1284,0.1822,0.6893,0.91,2.34,0.0,3.0,0,20.74000000000001
2020,2021-05-23,Barclays Premier League,Arsenal,Brighton and Hove Albion,82.71,79.66,0.41,0.2831,0.3069,1.3,1.08,2.0,0.0,0,3.049999999999997
2020,2021-05-23,Barclays Premier League,Leicester City,Tottenham Hotspur,79.7,76.85,0.5437,0.2317,0.2246,1.87,1.12,2.0,4.0,0,2.8500000000000085
2020,2021-05-23,Barclays Premier League,West Ham United,Southampton,75.89,67.07,0.4575,0.2422,0.3002,1.71,1.35,3.0,0.0,0,8.820000000000007
2020,2021-05-23,Barclays Premier League,Sheffield United,Burnley,55.73,66.86,0.3249,0.277,0.3981,1.16,1.32,1.0,0.0,0,11.130000000000003
2020,2021-05-23,Barclays Premier League,Leeds United,West Bromwich Albion,74.73,60.12,0.4859,0.2373,0.2768,1.8,1.3,3.0,1.0,0,14.610000000000007
2020,2021-05-23,Barclays Premier League,Fulham,Newcastle,68.71,66.79,0.392,0.2712,0.3368,1.35,1.23,0.0,2.0,0,1.9199999999999875
2020,2021-05-23,Barclays Premier League,Manchester City,Everton,92.39,73.32,0.5487,0.2365,0.2148,1.81,1.04,5.0,0.0,0,19.070000000000007
2020,2021-05-23,Barclays Premier League,Aston Villa,Chelsea,72.73,89.92,0.1501,0.2238,0.6261,0.79,1.87,2.0,1.0,0,17.189999999999998
2020,2021-05-23,Barclays Premier League,Wolverhampton,Manchester United,69.5,85.69,0.291,0.2627,0.4464,1.16,1.5,1.0,2.0,0,16.189999999999998
2020,2021-05-23,Barclays Premier League,Liverpool,Crystal Palace,88.84,61.9,0.839,0.1164,0.0447,2.76,0.5,2.0,0.0,0,26.940000000000005
2021,2021-08-13,Barclays Premier League,Brentford,Arsenal,62.47,80.58,0.224,0.2552,0.5209,0.96,1.61,2.0,0.0,0,18.11
2021,2021-08-14,Barclays Premier League,Norwich City,Liverpool,61.18,88.26,0.1293,0.1917,0.679,0.84,2.2,0.0,3.0,0,27.080000000000005
2021,2021-08-14,Barclays Premier League,Everton,Southampton,72.75,66.29,0.4789,0.2587,0.2624,1.56,1.08,3.0,1.0,0,6.459999999999994
2021,2021-08-14,Barclays Premier League,Watford,Aston Villa,60.59,72.1,0.3067,0.265,0.4283,1.19,1.45,3.0,2.0,0,11.509999999999991
2021,2021-08-14,Barclays Premier League,Chelsea,Crystal Palace,88.33,62.22,0.7531,0.17,0.0769,2.23,0.55,3.0,0.0,0,26.11
2021,2021-08-14,Barclays Premier League,Burnley,Brighton and Hove Albion,64.53,73.89,0.3356,0.2757,0.3888,1.19,1.31,1.0,2.0,0,9.36
2021,2021-08-14,Barclays Premier League,Manchester United,Leeds United,85.22,71.9,0.6282,0.2096,0.1622,2.06,0.94,5.0,1.0,0,13.319999999999993
2021,2021-08-14,Barclays Premier League,Leicester City,Wolverhampton,77.57,70.14,0.5333,0.2512,0.2155,1.65,0.95,1.0,0.0,0,7.429999999999993
2021,2021-08-15,Barclays Premier League,Newcastle,West Ham United,66.47,73.22,0.3533,0.2526,0.3941,1.41,1.5,2.0,4.0,0,6.75
2021,2021-08-15,Barclays Premier League,Tottenham Hotspur,Manchester City,78.71,91.76,0.2239,0.2199,0.5563,1.21,2.01,1.0,0.0,0,13.050000000000011
2021,2021-08-21,Barclays Premier League,Brighton and Hove Albion,Watford,74.19,61.0,0.5466,0.2571,0.1963,1.59,0.84,2.0,0.0,0,13.189999999999998
2021,2021-08-21,Barclays Premier League,Manchester City,Norwich City,91.64,60.67,0.8281,0.1263,0.0455,2.59,0.46,5.0,0.0,0,30.97
2021,2021-08-21,Barclays Premier League,Crystal Palace,Brentford,62.18,63.53,0.4091,0.2778,0.3131,1.33,1.12,0.0,0.0,1,1.3500000000000014
2021,2021-08-21,Barclays Premier League,Leeds United,Everton,71.33,73.47,0.4038,0.2608,0.3354,1.45,1.3,2.0,2.0,1,2.1400000000000006
2021,2021-08-21,Barclays Premier League,Liverpool,Burnley,88.58,63.96,0.7621,0.1552,0.0827,2.48,0.69,2.0,0.0,0,24.619999999999997
2021,2021-08-21,Barclays Premier League,Aston Villa,Newcastle,71.45,64.82,0.4917,0.2403,0.268,1.75,1.24,2.0,0.0,0,6.63000000000001
2021,2021-08-22,Barclays Premier League,Wolverhampton,Tottenham Hotspur,71.14,79.06,0.2905,0.2575,0.452,1.19,1.55,0.0,1.0,0,7.920000000000002
2021,2021-08-22,Barclays Premier League,Southampton,Manchester United,65.32,85.58,0.1837,0.2164,0.6,1.02,2.01,1.0,1.0,1,20.260000000000005
2021,2021-08-22,Barclays Premier League,Arsenal,Chelsea,79.65,88.51,0.2839,0.2677,0.4484,1.1,1.45,0.0,2.0,0,8.86
2021,2021-08-23,Barclays Premier League,West Ham United,Leicester City,74.06,76.88,0.3961,0.2506,0.3534,1.53,1.43,4.0,1.0,0,2.819999999999993
2021,2021-08-28,Barclays Premier League,Liverpool,Chelsea,88.74,89.61,0.4137,0.2569,0.3294,1.5,1.31,1.0,1.0,1,0.8700000000000045
2021,2021-08-28,Barclays Premier League,West Ham United,Crystal Palace,75.62,62.18,0.5911,0.227,0.182,1.88,0.94,2.0,2.0,1,13.440000000000005
2021,2021-08-28,Barclays Premier League,Newcastle,Southampton,64.5,65.31,0.4219,0.2548,0.3233,1.53,1.31,2.0,2.0,1,0.8100000000000023
2021,2021-08-28,Barclays Premier League,Norwich City,Leicester City,59.58,75.25,0.2627,0.26,0.4773,1.08,1.55,1.0,2.0,0,15.670000000000002
2021,2021-08-28,Barclays Premier League,Brighton and Hove Albion,Everton,74.76,74.02,0.425,0.275,0.3001,1.37,1.1,0.0,2.0,0,0.7400000000000091
2021,2021-08-28,Barclays Premier League,Manchester City,Arsenal,92.21,77.96,0.6898,0.1931,0.1171,2.13,0.74,5.0,0.0,0,14.25
2021,2021-08-28,Barclays Premier League,Aston Villa,Brentford,72.07,64.28,0.5099,0.2566,0.2335,1.59,0.99,1.0,1.0,1,7.789999999999992
2021,2021-08-29,Barclays Premier League,Tottenham Hotspur,Watford,78.8,60.49,0.6534,0.2068,0.1399,2.04,0.82,1.0,0.0,0,18.309999999999995
2021,2021-08-29,Barclays Premier League,Burnley,Leeds United,63.68,70.59,0.3565,0.2559,0.3876,1.39,1.46,1.0,1.0,1,6.910000000000004
2021,2021-08-29,Barclays Premier League,Wolverhampton,Manchester United,71.53,85.67,0.2141,0.2466,0.5393,0.97,1.69,0.0,1.0,0,14.14
2021,2021-09-11,Barclays Premier League,Leicester City,Manchester City,74.87,93.26,0.1543,0.2017,0.644,0.94,2.14,0.0,1.0,0,18.39
2021,2021-09-11,Barclays Premier League,Chelsea,Aston Villa,89.12,71.28,0.6941,0.1947,0.1112,2.09,0.69,3.0,0.0,0,17.840000000000003
2021,2021-09-11,Barclays Premier League,Brentford,Brighton and Hove Albion,65.34,73.85,0.3332,0.2891,0.3778,1.11,1.2,0.0,1.0,0,8.509999999999991
2021,2021-09-11,Barclays Premier League,Watford,Wolverhampton,60.91,72.32,0.31,0.2895,0.4005,1.05,1.24,0.0,2.0,0,11.409999999999997
2021,2021-09-11,Barclays Premier League,Southampton,West Ham United,66.47,74.47,0.3282,0.242,0.4298,1.44,1.67,0.0,0.0,1,8.0
2021,2021-09-11,Barclays Premier League,Arsenal,Norwich City,75.8,59.99,0.5833,0.2407,0.176,1.73,0.83,1.0,0.0,0,15.809999999999995
2021,2021-09-11,Barclays Premier League,Crystal Palace,Tottenham Hotspur,63.03,78.74,0.2345,0.2425,0.523,1.08,1.74,3.0,0.0,0,15.709999999999994
2021,2021-09-11,Barclays Premier League,Manchester United,Newcastle,85.21,62.86,0.7076,0.1786,0.1138,2.31,0.81,4.0,1.0,0,22.349999999999994
2021,2021-09-12,Barclays Premier League,Leeds United,Liverpool,70.79,89.26,0.1796,0.2065,0.6139,1.07,2.14,0.0,3.0,0,18.47
2021,2021-09-13,Barclays Premier League,Everton,Burnley,75.0,63.65,0.5412,0.2467,0.2121,1.69,0.96,3.0,1.0,0,11.350000000000001
2021,2021-09-17,Barclays Premier League,Newcastle,Leeds United,62.18,69.33,0.3663,0.2469,0.3868,1.5,1.54,1.0,1.0,1,7.149999999999999
2021,2021-09-18,Barclays Premier League,Norwich City,Watford,59.4,59.0,0.4123,0.2875,0.3002,1.27,1.04,1.0,3.0,0,0.3999999999999986
2021,2021-09-18,Barclays Premier League,Wolverhampton,Brentford,74.04,65.52,0.4942,0.2837,0.2221,1.37,0.82,0.0,2.0,0,8.52000000000001
2021,2021-09-18,Barclays Premier League,Burnley,Arsenal,63.72,76.29,0.3015,0.2585,0.44,1.22,1.52,0.0,1.0,0,12.570000000000007
2021,2021-09-18,Barclays Premier League,Liverpool,Crystal Palace,90.03,66.05,0.7755,0.1501,0.0744,2.49,0.64,3.0,0.0,0,23.980000000000004
2021,2021-09-18,Barclays Premier League,Manchester City,Southampton,93.48,66.77,0.8315,0.1201,0.0484,2.74,0.53,0.0,0.0,1,26.710000000000008
2021,2021-09-18,Barclays Premier League,Aston Villa,Everton,72.2,74.64,0.3826,0.262,0.3554,1.4,1.34,3.0,0.0,0,2.4399999999999977
2021,2021-09-19,Barclays Premier League,West Ham United,Manchester United,75.65,84.65,0.2955,0.2456,0.4589,1.3,1.67,1.0,2.0,0,9.0
2021,2021-09-19,Barclays Premier League,Brighton and Hove Albion,Leicester City,74.21,73.83,0.4068,0.2747,0.3185,1.34,1.16,2.0,1.0,0,0.37999999999999545
2021,2021-09-19,Barclays Premier League,Tottenham Hotspur,Chelsea,76.12,88.38,0.2649,0.2494,0.4857,1.16,1.65,0.0,3.0,0,12.259999999999991
2021,2021-09-25,Barclays Premier League,Watford,Newcastle,60.15,62.12,0.3874,0.2639,0.3487,1.39,1.31,1.0,1.0,1,1.9699999999999989
2021,2021-09-25,Barclays Premier League,Leeds United,West Ham United,69.48,75.26,0.3547,0.2466,0.3987,1.47,1.57,1.0,2.0,0,5.780000000000001
2021,2021-09-25,Barclays Premier League,Brentford,Liverpool,67.17,90.1,0.1236,0.1917,0.6847,0.8,2.17,3.0,3.0,1,22.929999999999993
2021,2021-09-25,Barclays Premier League,Leicester City,Burnley,73.81,63.95,0.5184,0.2442,0.2374,1.72,1.08,2.0,2.0,1,9.86
2021,2021-09-25,Barclays Premier League,Chelsea,Manchester City,89.27,93.14,0.3239,0.2617,0.4144,1.26,1.46,0.0,1.0,0,3.8700000000000045
2021,2021-09-25,Barclays Premier League,Manchester United,Aston Villa,84.87,73.43,0.6091,0.2197,0.1712,1.95,0.92,0.0,1.0,0,11.439999999999998
2021,2021-09-25,Barclays Premier League,Everton,Norwich City,73.56,57.6,0.5809,0.2395,0.1796,1.74,0.85,2.0,0.0,0,15.96
2021,2021-09-26,Barclays Premier League,Southampton,Wolverhampton,67.97,72.32,0.382,0.2823,0.3356,1.25,1.15,0.0,1.0,0,4.349999999999994
2021,2021-09-26,Barclays Premier League,Arsenal,Tottenham Hotspur,76.3,74.74,0.4261,0.255,0.3189,1.54,1.3,3.0,1.0,0,1.5600000000000023
2021,2021-09-27,Barclays Premier League,Crystal Palace,Brighton and Hove Albion,65.89,73.96,0.3333,0.2838,0.3829,1.14,1.24,1.0,1.0,1,8.069999999999993
2021,2021-10-02,Barclays Premier League,Brighton and Hove Albion,Arsenal,73.68,76.78,0.3662,0.2795,0.3543,1.24,1.21,0.0,0.0,1,3.0999999999999943
2021,2021-10-02,Barclays Premier League,Manchester United,Everton,83.68,73.89,0.5868,0.2288,0.1845,1.86,0.94,1.0,1.0,1,9.790000000000006
2021,2021-10-02,Barclays Premier League,Burnley,Norwich City,63.51,57.38,0.4991,0.2593,0.2416,1.56,1.01,0.0,0.0,1,6.1299999999999955
2021,2021-10-02,Barclays Premier League,Wolverhampton,Newcastle,72.93,62.84,0.4887,0.2607,0.2507,1.55,1.03,2.0,1.0,0,10.090000000000003
2021,2021-10-02,Barclays Premier League,Leeds United,Watford,69.09,59.65,0.5246,0.2492,0.2262,1.67,1.01,1.0,0.0,0,9.440000000000005
2021,2021-10-02,Barclays Premier League,Chelsea,Southampton,88.9,67.69,0.7083,0.1971,0.0946,2.0,0.57,3.0,1.0,0,21.210000000000008
2021,2021-10-03,Barclays Premier League,Crystal Palace,Leicester City,66.23,73.66,0.3431,0.2652,0.3917,1.28,1.39,2.0,2.0,1,7.429999999999993
2021,2021-10-03,Barclays Premier League,West Ham United,Brentford,75.59,68.83,0.5269,0.2471,0.226,1.69,1.02,1.0,2.0,0,6.760000000000005
2021,2021-10-03,Barclays Premier League,Tottenham Hotspur,Aston Villa,74.18,74.47,0.4272,0.2507,0.3221,1.58,1.34,2.0,1.0,0,0.28999999999999204
2021,2021-10-03,Barclays Premier League,Liverpool,Manchester City,89.7,93.61,0.3452,0.2328,0.422,1.58,1.77,2.0,2.0,1,3.9099999999999966
2021,2021-10-16,Barclays Premier League,Aston Villa,Wolverhampton,74.23,73.02,0.4524,0.2741,0.2734,1.41,1.03,2.0,3.0,0,1.210000000000008
2021,2021-10-16,Barclays Premier League,Brentford,Chelsea,69.25,88.67,0.1773,0.2399,0.5827,0.84,1.74,0.0,1.0,0,19.42
2021,2021-10-16,Barclays Premier League,Norwich City,Brighton and Hove Albion,57.85,74.45,0.2681,0.2825,0.4495,0.97,1.35,0.0,0.0,1,16.6
2021,2021-10-16,Barclays Premier League,Watford,Liverpool,59.39,89.79,0.1001,0.1592,0.7407,0.83,2.54,0.0,5.0,0,30.400000000000006
2021,2021-10-16,Barclays Premier League,Manchester City,Burnley,93.5,63.54,0.8511,0.1111,0.0378,2.75,0.44,2.0,0.0,0,29.96
2021,2021-10-16,Barclays Premier League,Southampton,Leeds United,67.61,69.91,0.3993,0.2628,0.3378,1.42,1.29,1.0,0.0,0,2.299999999999997
2021,2021-10-16,Barclays Premier League,Leicester City,Manchester United,72.94,83.39,0.2629,0.2409,0.4963,1.21,1.75,4.0,2.0,0,10.450000000000003
2021,2021-10-17,Barclays Premier League,Everton,West Ham United,74.26,75.14,0.4066,0.258,0.3354,1.48,1.32,0.0,1.0,0,0.8799999999999955
2021,2021-10-17,Barclays Premier League,Newcastle,Tottenham Hotspur,63.0,74.57,0.3035,0.2406,0.4559,1.37,1.72,2.0,3.0,0,11.569999999999993
2021,2021-10-18,Barclays Premier League,Arsenal,Crystal Palace,76.38,66.89,0.5285,0.2561,0.2154,1.6,0.92,2.0,2.0,1,9.489999999999995
2021,2021-10-22,Barclays Premier League,Arsenal,Aston Villa,76.18,72.99,0.4613,0.2567,0.2819,1.56,1.17,3.0,1.0,0,3.190000000000012
2021,2021-10-23,Barclays Premier League,Brighton and Hove Albion,Manchester City,74.63,93.93,0.1188,0.1975,0.6837,0.73,2.08,1.0,4.0,0,19.30000000000001
2021,2021-10-23,Barclays Premier League,Southampton,Burnley,68.8,64.33,0.4535,0.2656,0.2809,1.48,1.1,2.0,2.0,1,4.469999999999999
2021,2021-10-23,Barclays Premier League,Everton,Watford,73.64,57.99,0.5675,0.251,0.1815,1.64,0.81,2.0,5.0,0,15.649999999999999
2021,2021-10-23,Barclays Premier League,Crystal Palace,Newcastle,66.98,62.33,0.4461,0.2589,0.295,1.53,1.19,1.0,1.0,1,4.650000000000006
2021,2021-10-23,Barclays Premier League,Leeds United,Wolverhampton,69.12,73.79,0.39,0.2769,0.3331,1.3,1.18,1.0,1.0,1,4.670000000000002
2021,2021-10-23,Barclays Premier League,Chelsea,Norwich City,87.75,57.89,0.7703,0.165,0.0647,2.21,0.47,7.0,0.0,0,29.86
2021,2021-10-24,Barclays Premier League,Brentford,Leicester City,71.09,74.6,0.359,0.2577,0.3834,1.38,1.44,1.0,2.0,0,3.509999999999991
2021,2021-10-24,Barclays Premier League,West Ham United,Tottenham Hotspur,75.79,74.29,0.4407,0.246,0.3133,1.65,1.35,1.0,0.0,0,1.5
2021,2021-10-24,Barclays Premier League,Manchester United,Liverpool,82.25,90.57,0.2892,0.2188,0.492,1.53,2.04,0.0,5.0,0,8.319999999999993
2021,2021-10-30,Barclays Premier League,Tottenham Hotspur,Manchester United,73.99,80.86,0.3216,0.241,0.4373,1.42,1.69,0.0,3.0,0,6.8700000000000045
2021,2021-10-30,Barclays Premier League,Liverpool,Brighton and Hove Albion,91.41,74.67,0.7415,0.163,0.0955,2.45,0.76,2.0,2.0,1,16.739999999999995
2021,2021-10-30,Barclays Premier League,Manchester City,Crystal Palace,93.74,67.28,0.8408,0.1161,0.043,2.73,0.48,0.0,2.0,0,26.459999999999994
2021,2021-10-30,Barclays Premier League,Burnley,Brentford,64.42,71.29,0.3793,0.2721,0.3486,1.31,1.25,3.0,1.0,0,6.8700000000000045
2021,2021-10-30,Barclays Premier League,Watford,Southampton,60.34,68.59,0.3453,0.2732,0.3815,1.23,1.31,0.0,1.0,0,8.25
2021,2021-10-30,Barclays Premier League,Newcastle,Chelsea,62.03,88.87,0.147,0.2026,0.6504,0.89,2.11,0.0,3.0,0,26.840000000000003
2021,2021-10-30,Barclays Premier League,Leicester City,Arsenal,74.39,77.21,0.3964,0.2504,0.3532,1.53,1.43,0.0,2.0,0,2.819999999999993
2021,2021-10-31,Barclays Premier League,Norwich City,Leeds United,55.78,69.86,0.2705,0.2651,0.4644,1.07,1.49,1.0,2.0,0,14.079999999999998
2021,2021-10-31,Barclays Premier League,Aston Villa,West Ham United,71.36,76.43,0.3494,0.2507,0.3999,1.42,1.53,1.0,4.0,0,5.070000000000007
2021,2021-11-01,Barclays Premier League,Wolverhampton,Everton,73.13,70.03,0.4377,0.2697,0.2926,1.43,1.11,2.0,1.0,0,3.0999999999999943
2021,2021-11-05,Barclays Premier League,Southampton,Aston Villa,69.67,69.81,0.4098,0.2595,0.3307,1.47,1.29,1.0,0.0,0,0.14000000000000057
2021,2021-11-06,Barclays Premier League,Brighton and Hove Albion,Newcastle,75.99,60.79,0.558,0.2442,0.1978,1.71,0.91,1.0,1.0,1,15.199999999999996
2021,2021-11-06,Barclays Premier League,Chelsea,Burnley,89.71,65.69,0.742,0.1735,0.0845,2.23,0.6,1.0,1.0,1,24.019999999999996
2021,2021-11-06,Barclays Premier League,Brentford,Norwich City,69.77,55.51,0.5631,0.2526,0.1843,1.63,0.81,1.0,2.0,0,14.259999999999998
2021,2021-11-06,Barclays Premier League,Crystal Palace,Wolverhampton,69.55,72.96,0.384,0.2837,0.3323,1.24,1.14,2.0,0.0,0,3.4099999999999966
2021,2021-11-06,Barclays Premier League,Manchester United,Manchester City,81.64,93.05,0.2246,0.2136,0.5617,1.27,2.1,0.0,2.0,0,11.409999999999997
2021,2021-11-07,Barclays Premier League,Everton,Tottenham Hotspur,69.97,72.94,0.3861,0.2517,0.3622,1.5,1.44,0.0,0.0,1,2.969999999999999
2021,2021-11-07,Barclays Premier League,Leeds United,Leicester City,70.3,74.11,0.3776,0.2534,0.369,1.46,1.44,1.0,1.0,1,3.8100000000000023
2021,2021-11-07,Barclays Premier League,Arsenal,Watford,77.46,59.5,0.6195,0.2261,0.1544,1.85,0.8,1.0,0.0,0,17.959999999999994
2021,2021-11-07,Barclays Premier League,West Ham United,Liverpool,78.26,91.24,0.2192,0.2056,0.5751,1.32,2.22,3.0,2.0,0,12.97999999999999
2021,2021-11-20,Barclays Premier League,Liverpool,Arsenal,91.04,77.68,0.6733,0.1843,0.1424,2.36,0.99,4.0,0.0,0,13.36
2021,2021-11-20,Barclays Premier League,Watford,Manchester United,59.62,80.86,0.1957,0.2273,0.577,1.01,1.89,4.0,1.0,0,21.240000000000002
2021,2021-11-20,Barclays Premier League,Burnley,Crystal Palace,65.84,71.28,0.3898,0.2666,0.3436,1.38,1.28,3.0,3.0,1,5.439999999999998
2021,2021-11-20,Barclays Premier League,Wolverhampton,West Ham United,71.28,78.51,0.2841,0.2623,0.4536,1.14,1.5,1.0,0.0,0,7.230000000000004
2021,2021-11-20,Barclays Premier League,Leicester City,Chelsea,73.71,89.51,0.2046,0.2315,0.564,1.02,1.85,0.0,3.0,0,15.800000000000011
2021,2021-11-20,Barclays Premier League,Newcastle,Brentford,61.0,69.45,0.3583,0.2628,0.3789,1.34,1.38,3.0,3.0,1,8.450000000000003
2021,2021-11-20,Barclays Premier League,Norwich City,Southampton,55.19,69.71,0.2865,0.2753,0.4382,1.06,1.38,2.0,1.0,0,14.519999999999996
2021,2021-11-20,Barclays Premier League,Aston Villa,Brighton and Hove Albion,70.01,76.08,0.3729,0.2692,0.3578,1.32,1.29,2.0,0.0,0,6.069999999999993
2021,2021-11-21,Barclays Premier League,Manchester City,Everton,93.57,70.29,0.8212,0.1244,0.0543,2.73,0.58,3.0,0.0,0,23.279999999999987
2021,2021-11-21,Barclays Premier League,Tottenham Hotspur,Leeds United,73.18,70.96,0.4472,0.2601,0.2926,1.52,1.18,2.0,1.0,0,2.220000000000013
2021,2021-11-27,Barclays Premier League,Norwich City,Wolverhampton,55.41,72.48,0.2762,0.2805,0.4434,1.01,1.35,0.0,0.0,1,17.070000000000007
2021,2021-11-27,Barclays Premier League,Liverpool,Southampton,91.77,69.55,0.7952,0.1357,0.0691,2.7,0.68,4.0,0.0,0,22.22
2021,2021-11-27,Barclays Premier League,Brighton and Hove Albion,Leeds United,75.39,70.45,0.4487,0.2774,0.2739,1.38,1.01,0.0,0.0,1,4.939999999999998
2021,2021-11-27,Barclays Premier League,Arsenal,Newcastle,76.37,61.87,0.5674,0.2339,0.1987,1.82,0.98,2.0,0.0,0,14.500000000000007
2021,2021-11-27,Barclays Premier League,Crystal Palace,Aston Villa,71.4,71.18,0.4161,0.2588,0.325,1.49,1.28,1.0,2.0,0,0.21999999999999886
2021,2021-11-28,Barclays Premier League,Brentford,Everton,67.9,70.08,0.407,0.2599,0.3332,1.46,1.3,1.0,0.0,0,2.1799999999999926
2021,2021-11-28,Barclays Premier League,Leicester City,Watford,72.26,62.0,0.5204,0.2441,0.2355,1.72,1.08,4.0,2.0,0,10.260000000000005
2021,2021-11-28,Barclays Premier League,Manchester City,West Ham United,93.63,78.53,0.7035,0.1784,0.1182,2.34,0.85,2.0,1.0,0,15.099999999999994
2021,2021-11-28,Barclays Premier League,Chelsea,Manchester United,90.95,79.18,0.608,0.2178,0.1742,1.98,0.95,1.0,1.0,1,11.769999999999996
2021,2021-11-30,Barclays Premier League,Newcastle,Norwich City,60.49,56.67,0.4765,0.2611,0.2624,1.54,1.07,1.0,1.0,1,3.8200000000000003
2021,2021-11-30,Barclays Premier League,Leeds United,Crystal Palace,69.77,71.38,0.4199,0.2682,0.3119,1.41,1.18,1.0,0.0,0,1.6099999999999994
2021,2021-12-01,Barclays Premier League,Everton,Liverpool,70.34,91.87,0.1255,0.1687,0.7059,0.99,2.54,1.0,4.0,0,21.53
2021,2021-12-01,Barclays Premier League,Aston Villa,Manchester City,71.44,93.61,0.1059,0.1678,0.7263,0.82,2.44,1.0,2.0,0,22.17
2021,2021-12-01,Barclays Premier League,Southampton,Leicester City,69.26,71.29,0.3951,0.2575,0.3474,1.46,1.35,2.0,2.0,1,2.030000000000001
2021,2021-12-01,Barclays Premier League,West Ham United,Brighton and Hove Albion,78.68,76.17,0.4979,0.2654,0.2368,1.51,0.96,1.0,1.0,1,2.510000000000005
2021,2021-12-01,Barclays Premier League,Watford,Chelsea,62.13,91.13,0.1159,0.1892,0.6948,0.76,2.18,1.0,2.0,0,28.999999999999993
2021,2021-12-01,Barclays Premier League,Wolverhampton,Burnley,71.83,65.01,0.447,0.2691,0.284,1.44,1.09,0.0,0.0,1,6.819999999999993
2021,2021-12-02,Barclays Premier League,Tottenham Hotspur,Brentford,72.26,67.93,0.4723,0.256,0.2717,1.58,1.14,2.0,0.0,0,4.329999999999998
2021,2021-12-02,Barclays Premier League,Manchester United,Arsenal,79.01,77.57,0.4452,0.2532,0.3016,1.58,1.26,3.0,2.0,0,1.440000000000012
2021,2021-12-04,Barclays Premier League,West Ham United,Chelsea,77.81,90.52,0.2493,0.2505,0.5002,1.09,1.65,3.0,2.0,0,12.709999999999994
2021,2021-12-04,Barclays Premier League,Wolverhampton,Liverpool,72.17,92.21,0.1146,0.1793,0.7061,0.81,2.31,0.0,1.0,0,20.039999999999992
2021,2021-12-04,Barclays Premier League,Newcastle,Burnley,59.35,65.25,0.3567,0.2541,0.3892,1.41,1.48,1.0,0.0,0,5.899999999999999
2021,2021-12-04,Barclays Premier League,Southampton,Brighton and Hove Albion,69.29,77.06,0.3417,0.2895,0.3688,1.12,1.18,1.0,1.0,1,7.769999999999996
2021,2021-12-04,Barclays Premier League,Watford,Manchester City,63.36,93.34,0.0825,0.148,0.7695,0.74,2.6,1.0,3.0,0,29.980000000000004
2021,2021-12-05,Barclays Premier League,Leeds United,Brentford,70.53,66.84,0.4602,0.2627,0.2771,1.51,1.11,2.0,2.0,1,3.6899999999999977
2021,2021-12-05,Barclays Premier League,Tottenham Hotspur,Norwich City,73.37,57.92,0.5785,0.2435,0.178,1.71,0.83,3.0,0.0,0,15.450000000000003
2021,2021-12-05,Barclays Premier League,Manchester United,Crystal Palace,79.2,70.93,0.5725,0.2279,0.1995,1.89,1.02,1.0,0.0,0,8.269999999999996
2021,2021-12-05,Barclays Premier League,Aston Villa,Leicester City,72.12,71.01,0.4306,0.2441,0.3253,1.65,1.41,2.0,1.0,0,1.1099999999999994
2021,2021-12-06,Barclays Premier League,Everton,Arsenal,69.66,77.09,0.3223,0.2655,0.4122,1.23,1.42,2.0,1.0,0,7.430000000000007
2021,2021-12-10,Barclays Premier League,Brentford,Watford,67.05,62.92,0.4542,0.2548,0.291,1.57,1.21,2.0,1.0,0,4.1299999999999955
2021,2021-12-11,Barclays Premier League,Manchester City,Wolverhampton,93.17,71.5,0.8165,0.1394,0.0441,2.37,0.38,1.0,0.0,0,21.67
2021,2021-12-11,Barclays Premier League,Liverpool,Aston Villa,92.69,72.41,0.7882,0.1358,0.076,2.77,0.76,1.0,0.0,0,20.28
2021,2021-12-11,Barclays Premier League,Chelsea,Leeds United,89.38,70.11,0.6943,0.192,0.1137,2.13,0.73,3.0,2.0,0,19.269999999999996
2021,2021-12-11,Barclays Premier League,Arsenal,Southampton,76.59,69.5,0.5115,0.257,0.2315,1.59,0.98,3.0,0.0,0,7.090000000000003
2021,2021-12-11,Barclays Premier League,Norwich City,Manchester United,57.69,78.39,0.2002,0.2332,0.5667,0.99,1.83,0.0,1.0,0,20.700000000000003
2021,2021-12-12,Barclays Premier League,Burnley,West Ham United,64.81,77.52,0.2725,0.2491,0.4785,1.19,1.65,0.0,0.0,1,12.709999999999994
2021,2021-12-12,Barclays Premier League,Crystal Palace,Everton,70.91,70.3,0.4221,0.2726,0.3053,1.38,1.13,3.0,1.0,0,0.6099999999999994
2021,2021-12-12,Barclays Premier League,Leicester City,Newcastle,71.26,60.33,0.5349,0.228,0.2371,1.91,1.2,4.0,0.0,0,10.930000000000007
2021,2021-12-14,Barclays Premier League,Norwich City,Aston Villa,57.98,72.21,0.2883,0.2674,0.4443,1.12,1.45,0.0,2.0,0,14.229999999999997
2021,2021-12-14,Barclays Premier League,Manchester City,Leeds United,93.31,70.79,0.8072,0.1331,0.0597,2.64,0.59,7.0,0.0,0,22.519999999999996
2021,2021-12-15,Barclays Premier League,Brighton and Hove Albion,Wolverhampton,76.75,71.25,0.4778,0.2993,0.2229,1.26,0.76,0.0,1.0,0,5.5
2021,2021-12-15,Barclays Premier League,Crystal Palace,Southampton,71.79,68.04,0.4415,0.2725,0.286,1.41,1.08,2.0,2.0,1,3.75
2021,2021-12-15,Barclays Premier League,Arsenal,West Ham United,77.93,77.62,0.408,0.2664,0.3255,1.41,1.23,2.0,0.0,0,0.3100000000000023
2021,2021-12-16,Barclays Premier League,Chelsea,Everton,88.66,69.13,0.701,0.185,0.114,2.22,0.77,1.0,1.0,1,19.53
2021,2021-12-16,Barclays Premier League,Liverpool,Newcastle,92.9,59.55,0.8647,0.0953,0.0401,3.16,0.59,3.0,1.0,0,33.35000000000001
2021,2021-12-18,Barclays Premier League,Leeds United,Arsenal,68.61,79.43,0.2797,0.2571,0.4633,1.16,1.56,1.0,4.0,0,10.820000000000007
2021,2021-12-19,Barclays Premier League,Tottenham Hotspur,Liverpool,73.36,93.01,0.1382,0.1797,0.6821,1.0,2.42,2.0,2.0,1,19.650000000000006
2021,2021-12-19,Barclays Premier League,Newcastle,Manchester City,59.31,94.14,0.0588,0.1194,0.8219,0.68,2.9,0.0,4.0,0,34.83
2021,2021-12-19,Barclays Premier League,Wolverhampton,Chelsea,72.14,88.83,0.1856,0.2471,0.5672,0.84,1.68,0.0,0.0,1,16.689999999999998
2021,2021-12-26,Barclays Premier League,Tottenham Hotspur,Crystal Palace,75.11,71.73,0.4861,0.2554,0.2586,1.59,1.09,3.0,0.0,0,3.3799999999999955
2021,2021-12-26,Barclays Premier League,Manchester City,Leicester City,94.42,72.19,0.8188,0.1214,0.0598,2.87,0.67,6.0,3.0,0,22.230000000000004
2021,2021-12-26,Barclays Premier League,West Ham United,Southampton,76.11,67.89,0.5334,0.249,0.2176,1.67,0.97,2.0,3.0,0,8.219999999999999
2021,2021-12-26,Barclays Premier League,Norwich City,Arsenal,57.0,80.57,0.1616,0.2299,0.6085,0.81,1.82,0.0,5.0,0,23.569999999999993
2021,2021-12-26,Barclays Premier League,Aston Villa,Chelsea,73.36,88.98,0.2119,0.235,0.5531,1.03,1.82,1.0,3.0,0,15.620000000000005
2021,2021-12-26,Barclays Premier League,Brighton and Hove Albion,Brentford,76.07,67.67,0.4862,0.2707,0.2431,1.46,0.95,2.0,0.0,0,8.399999999999991
2021,2021-12-27,Barclays Premier League,Newcastle,Manchester United,58.7,78.2,0.2146,0.2277,0.5577,1.1,1.9,1.0,1.0,1,19.5
2021,2021-12-28,Barclays Premier League,Watford,West Ham United,62.37,75.38,0.3066,0.2541,0.4393,1.27,1.56,1.0,4.0,0,13.009999999999998
2021,2021-12-28,Barclays Premier League,Crystal Palace,Norwich City,69.23,55.29,0.5643,0.2523,0.1834,1.63,0.81,3.0,0.0,0,13.940000000000005
2021,2021-12-28,Barclays Premier League,Southampton,Tottenham Hotspur,68.35,77.26,0.2905,0.2537,0.4558,1.22,1.58,1.0,1.0,1,8.91000000000001
2021,2021-12-28,Barclays Premier League,Leicester City,Liverpool,73.18,91.95,0.15,0.1676,0.6824,1.23,2.71,1.0,0.0,0,18.769999999999996
2021,2021-12-29,Barclays Premier League,Chelsea,Brighton and Hove Albion,89.42,76.17,0.6325,0.2276,0.1399,1.81,0.71,1.0,1.0,1,13.25
2021,2021-12-29,Barclays Premier League,Brentford,Manchester City,67.65,93.72,0.0841,0.1445,0.7714,0.78,2.68,0.0,1.0,0,26.069999999999993
2021,2021-12-30,Barclays Premier League,Manchester United,Burnley,78.11,65.26,0.582,0.2272,0.1908,1.89,0.98,3.0,1.0,0,12.849999999999994
2021,2022-01-01,Barclays Premier League,Watford,Tottenham Hotspur,61.03,78.33,0.245,0.237,0.518,1.17,1.8,0.0,1.0,0,17.299999999999997
2021,2022-01-01,Barclays Premier League,Crystal Palace,West Ham United,70.16,76.22,0.3235,0.2608,0.4157,1.26,1.47,2.0,3.0,0,6.060000000000002
2021,2022-01-01,Barclays Premier League,Arsenal,Manchester City,81.94,93.72,0.2212,0.2261,0.5526,1.14,1.93,1.0,2.0,0,11.780000000000001
2021,2022-01-02,Barclays Premier League,Brentford,Aston Villa,68.22,72.59,0.3778,0.269,0.3533,1.33,1.28,2.0,1.0,0,4.3700000000000045
2021,2022-01-02,Barclays Premier League,Everton,Brighton and Hove Albion,68.8,77.33,0.3396,0.2822,0.3782,1.16,1.24,2.0,3.0,0,8.530000000000001
2021,2022-01-02,Barclays Premier League,Leeds United,Burnley,66.63,64.96,0.4413,0.2553,0.3034,1.55,1.25,3.0,1.0,0,1.6700000000000017
2021,2022-01-02,Barclays Premier League,Chelsea,Liverpool,88.59,92.18,0.3261,0.2348,0.439,1.5,1.77,2.0,2.0,1,3.5900000000000034
2021,2022-01-03,Barclays Premier League,Manchester United,Wolverhampton,78.2,72.45,0.5536,0.2583,0.1881,1.58,0.8,0.0,1.0,0,5.75
2021,2022-01-11,Barclays Premier League,Southampton,Brentford,67.22,68.16,0.4175,0.2702,0.3123,1.39,1.17,4.0,1.0,0,0.9399999999999977
2021,2022-01-12,Barclays Premier League,West Ham United,Norwich City,75.18,54.08,0.6725,0.2022,0.1253,2.05,0.75,2.0,0.0,0,21.10000000000001
2021,2022-01-14,Barclays Premier League,Brighton and Hove Albion,Crystal Palace,77.12,70.43,0.4879,0.2634,0.2488,1.52,1.01,1.0,1.0,1,6.689999999999998
2021,2022-01-15,Barclays Premier League,Manchester City,Chelsea,93.87,88.63,0.5859,0.2196,0.1945,1.99,1.05,1.0,0.0,0,5.240000000000009
2021,2022-01-15,Barclays Premier League,Newcastle,Watford,58.96,59.61,0.3995,0.262,0.3385,1.43,1.3,1.0,1.0,1,0.6499999999999986
2021,2022-01-15,Barclays Premier League,Norwich City,Everton,53.81,68.31,0.2623,0.2615,0.4762,1.07,1.53,2.0,1.0,0,14.5
2021,2022-01-15,Barclays Premier League,Wolverhampton,Southampton,74.05,68.28,0.4439,0.295,0.261,1.26,0.89,3.0,1.0,0,5.769999999999996
2021,2022-01-15,Barclays Premier League,Aston Villa,Manchester United,72.73,76.87,0.3423,0.2558,0.4019,1.36,1.49,2.0,2.0,1,4.140000000000001
2021,2022-01-16,Barclays Premier League,Liverpool,Brentford,92.14,66.91,0.8069,0.1287,0.0645,2.78,0.68,3.0,0.0,0,25.230000000000004
2021,2022-01-16,Barclays Premier League,West Ham United,Leeds United,75.67,67.42,0.5387,0.2307,0.2306,1.88,1.15,2.0,3.0,0,8.25
2021,2022-01-18,Barclays Premier League,Brighton and Hove Albion,Chelsea,77.6,88.79,0.2495,0.2649,0.4856,1.0,1.51,1.0,1.0,1,11.190000000000012
2021,2022-01-19,Barclays Premier League,Brentford,Manchester United,66.48,75.96,0.2949,0.2535,0.4516,1.23,1.58,1.0,3.0,0,9.47999999999999
2021,2022-01-19,Barclays Premier League,Leicester City,Tottenham Hotspur,72.87,79.72,0.3177,0.2384,0.4439,1.44,1.73,2.0,3.0,0,6.849999999999994
2021,2022-01-21,Barclays Premier League,Watford,Norwich City,59.96,54.7,0.5077,0.2629,0.2294,1.54,0.94,0.0,3.0,0,5.259999999999998
2021,2022-01-22,Barclays Premier League,Everton,Aston Villa,67.51,73.49,0.3769,0.2581,0.3651,1.42,1.39,0.0,1.0,0,5.97999999999999
2021,2022-01-22,Barclays Premier League,Brentford,Wolverhampton,66.35,74.27,0.353,0.3006,0.3464,1.09,1.08,1.0,2.0,0,7.920000000000002
2021,2022-01-22,Barclays Premier League,Manchester United,West Ham United,75.79,74.71,0.4429,0.2388,0.3183,1.73,1.44,1.0,0.0,0,1.0800000000000125
2021,2022-01-22,Barclays Premier League,Leeds United,Newcastle,68.02,58.74,0.5147,0.2405,0.2448,1.76,1.14,0.0,1.0,0,9.279999999999994
2021,2022-01-22,Barclays Premier League,Southampton,Manchester City,67.66,93.93,0.0914,0.1576,0.751,0.76,2.51,1.0,1.0,1,26.27000000000001
2021,2022-01-23,Barclays Premier League,Arsenal,Burnley,81.77,64.08,0.6439,0.214,0.1421,1.96,0.79,0.0,0.0,1,17.689999999999998
2021,2022-01-23,Barclays Premier League,Leicester City,Brighton and Hove Albion,71.34,78.26,0.3693,0.2527,0.378,1.45,1.47,1.0,1.0,1,6.920000000000002
2021,2022-01-23,Barclays Premier League,Crystal Palace,Liverpool,69.97,92.41,0.1208,0.1666,0.7126,0.97,2.55,1.0,3.0,0,22.439999999999998
2021,2022-01-23,Barclays Premier League,Chelsea,Tottenham Hotspur,88.35,80.56,0.5008,0.2454,0.2538,1.7,1.14,2.0,0.0,0,7.789999999999992
2021,2022-02-05,Barclays Premier League,Burnley,Watford,64.63,58.77,0.476,0.2586,0.2655,1.56,1.1,0.0,0.0,1,5.859999999999992
2021,2022-02-08,Barclays Premier League,Burnley,Manchester United,64.09,76.78,0.2823,0.2546,0.4631,1.18,1.58,1.0,1.0,1,12.689999999999998
2021,2022-02-08,Barclays Premier League,Newcastle,Everton,59.99,67.7,0.3524,0.2633,0.3842,1.32,1.39,3.0,1.0,0,7.710000000000001
2021,2022-02-08,Barclays Premier League,West Ham United,Watford,74.12,59.97,0.5584,0.2323,0.2092,1.84,1.04,1.0,0.0,0,14.150000000000006
2021,2022-02-09,Barclays Premier League,Manchester City,Brentford,93.71,66.53,0.8435,0.1152,0.0412,2.72,0.46,2.0,0.0,0,27.179999999999993
2021,2022-02-09,Barclays Premier League,Aston Villa,Leeds United,73.62,67.06,0.4706,0.2494,0.2801,1.64,1.21,3.0,3.0,1,6.560000000000002
2021,2022-02-09,Barclays Premier League,Tottenham Hotspur,Southampton,79.98,68.32,0.6195,0.2183,0.1622,1.95,0.88,2.0,3.0,0,11.66000000000001
2021,2022-02-09,Barclays Premier League,Norwich City,Crystal Palace,55.92,70.74,0.2839,0.2682,0.4479,1.1,1.45,1.0,1.0,1,14.819999999999993
2021,2022-02-10,Barclays Premier League,Liverpool,Leicester City,92.04,71.52,0.7657,0.1379,0.0965,2.96,1.0,2.0,0.0,0,20.52000000000001
2021,2022-02-10,Barclays Premier League,Wolverhampton,Arsenal,74.02,81.73,0.2532,0.2931,0.4537,0.88,1.28,0.0,1.0,0,7.710000000000008
2021,2022-02-12,Barclays Premier League,Manchester United,Southampton,77.27,69.83,0.5509,0.2322,0.217,1.85,1.08,1.0,1.0,1,7.439999999999998
2021,2022-02-12,Barclays Premier League,Watford,Brighton and Hove Albion,60.14,78.16,0.2744,0.2746,0.451,1.03,1.4,0.0,2.0,0,18.019999999999996
2021,2022-02-12,Barclays Premier League,Brentford,Crystal Palace,67.02,71.0,0.3887,0.2679,0.3433,1.36,1.27,0.0,0.0,1,3.980000000000004
2021,2022-02-12,Barclays Premier League,Everton,Leeds United,65.46,67.53,0.4161,0.2459,0.338,1.61,1.43,3.0,0.0,0,2.0700000000000074
2021,2022-02-12,Barclays Premier League,Norwich City,Manchester City,56.14,93.59,0.0543,0.1326,0.8132,0.53,2.58,0.0,4.0,0,37.45
2021,2022-02-13,Barclays Premier League,Newcastle,Aston Villa,61.96,72.7,0.3495,0.2612,0.3894,1.33,1.42,1.0,0.0,0,10.740000000000002
2021,2022-02-13,Barclays Premier League,Tottenham Hotspur,Wolverhampton,78.27,73.91,0.538,0.2638,0.1982,1.53,0.82,0.0,2.0,0,4.359999999999999
2021,2022-02-13,Barclays Premier League,Burnley,Liverpool,63.68,92.33,0.1068,0.1645,0.7287,0.85,2.5,0.0,1.0,0,28.65
2021,2022-02-13,Barclays Premier League,Leicester City,West Ham United,71.23,74.49,0.3805,0.2391,0.3804,1.61,1.61,2.0,2.0,1,3.259999999999991
2021,2022-02-15,Barclays Premier League,Manchester United,Brighton and Hove Albion,77.4,79.1,0.4359,0.2696,0.2945,1.42,1.12,2.0,0.0,0,1.6999999999999886
2021,2022-02-19,Barclays Premier League,Aston Villa,Watford,72.84,59.08,0.5371,0.2499,0.213,1.66,0.95,0.0,1.0,0,13.760000000000005
2021,2022-02-19,Barclays Premier League,Arsenal,Brentford,81.91,67.62,0.6379,0.2245,0.1376,1.84,0.71,2.0,1.0,0,14.289999999999992
2021,2022-02-19,Barclays Premier League,Brighton and Hove Albion,Burnley,77.83,64.06,0.5178,0.2704,0.2118,1.48,0.84,0.0,3.0,0,13.769999999999996
2021,2022-02-19,Barclays Premier League,Manchester City,Tottenham Hotspur,94.18,76.95,0.7379,0.1633,0.0988,2.46,0.79,2.0,3.0,0,17.230000000000004
2021,2022-02-19,Barclays Premier League,Southampton,Everton,69.74,67.33,0.4294,0.2551,0.3155,1.54,1.28,2.0,0.0,0,2.4099999999999966
2021,2022-02-19,Barclays Premier League,Liverpool,Norwich City,92.55,55.02,0.8774,0.0937,0.0289,2.94,0.4,3.0,1.0,0,37.529999999999994
2021,2022-02-19,Barclays Premier League,West Ham United,Newcastle,74.49,62.46,0.5382,0.2443,0.2175,1.72,1.0,1.0,1.0,1,12.029999999999994
2021,2022-02-19,Barclays Premier League,Crystal Palace,Chelsea,70.77,88.95,0.1966,0.2373,0.5662,0.95,1.78,0.0,1.0,0,18.180000000000007
2021,2022-02-20,Barclays Premier League,Leeds United,Manchester United,65.88,78.56,0.2818,0.236,0.4822,1.33,1.8,2.0,4.0,0,12.680000000000007
2021,2022-02-20,Barclays Premier League,Wolverhampton,Leicester City,75.17,71.78,0.4294,0.267,0.3035,1.44,1.16,2.0,1.0,0,3.3900000000000006
2021,2022-02-23,Barclays Premier League,Watford,Crystal Palace,60.09,70.75,0.342,0.2755,0.3825,1.21,1.3,1.0,4.0,0,10.659999999999997
2021,2022-02-23,Barclays Premier League,Burnley,Tottenham Hotspur,66.01,77.84,0.2917,0.254,0.4544,1.22,1.58,1.0,0.0,0,11.829999999999998
2021,2022-02-23,Barclays Premier League,Liverpool,Leeds United,92.16,65.32,0.8137,0.1207,0.0656,2.98,0.76,6.0,0.0,0,26.840000000000003
2021,2022-02-24,Barclays Premier League,Arsenal,Wolverhampton,81.84,74.99,0.5628,0.2715,0.1657,1.47,0.66,2.0,1.0,0,6.8500000000000085
2021,2022-02-25,Barclays Premier League,Southampton,Norwich City,71.18,55.51,0.5672,0.245,0.1878,1.7,0.86,2.0,0.0,0,15.670000000000009
2021,2022-02-26,Barclays Premier League,Leeds United,Tottenham Hotspur,63.58,77.32,0.2878,0.2311,0.4811,1.4,1.86,0.0,4.0,0,13.739999999999995
2021,2022-02-26,Barclays Premier League,Manchester United,Watford,78.72,59.72,0.6503,0.2068,0.1429,2.04,0.84,0.0,0.0,1,19.0
2021,2022-02-26,Barclays Premier League,Brentford,Newcastle,67.75,63.62,0.441,0.2731,0.2858,1.4,1.07,0.0,2.0,0,4.130000000000003
2021,2022-02-26,Barclays Premier League,Crystal Palace,Burnley,70.91,66.86,0.4384,0.279,0.2826,1.36,1.03,1.0,1.0,1,4.049999999999997
2021,2022-02-26,Barclays Premier League,Brighton and Hove Albion,Aston Villa,76.18,71.99,0.4508,0.2757,0.2735,1.39,1.02,0.0,2.0,0,4.190000000000012
2021,2022-02-26,Barclays Premier League,Everton,Manchester City,66.06,93.82,0.0811,0.1442,0.7747,0.75,2.66,0.0,1.0,0,27.75999999999999
2021,2022-02-27,Barclays Premier League,West Ham United,Wolverhampton,73.6,73.83,0.432,0.2851,0.2828,1.31,1.0,1.0,0.0,0,0.23000000000000398
2021,2022-03-01,Barclays Premier League,Burnley,Leicester City,66.97,70.25,0.3877,0.2551,0.3572,1.47,1.4,0.0,2.0,0,3.280000000000001
2021,2022-03-05,Barclays Premier League,Liverpool,West Ham United,92.93,74.03,0.7627,0.1509,0.0864,2.58,0.76,1.0,0.0,0,18.900000000000006
2021,2022-03-05,Barclays Premier League,Wolverhampton,Crystal Palace,73.48,71.16,0.4204,0.2983,0.2813,1.21,0.93,0.0,2.0,0,2.3200000000000074
2021,2022-03-05,Barclays Premier League,Burnley,Chelsea,66.35,88.9,0.182,0.2478,0.5702,0.82,1.67,0.0,4.0,0,22.55000000000001
2021,2022-03-05,Barclays Premier League,Norwich City,Brentford,54.14,65.56,0.2809,0.2789,0.4402,1.03,1.36,1.0,3.0,0,11.420000000000002
2021,2022-03-05,Barclays Premier League,Newcastle,Brighton and Hove Albion,65.79,75.1,0.3533,0.286,0.3607,1.17,1.19,2.0,1.0,0,9.309999999999988
2021,2022-03-05,Barclays Premier League,Leicester City,Leeds United,71.1,62.63,0.4924,0.2223,0.2854,1.99,1.48,1.0,0.0,0,8.469999999999992
2021,2022-03-05,Barclays Premier League,Aston Villa,Southampton,73.29,72.35,0.4276,0.2627,0.3097,1.47,1.21,4.0,0.0,0,0.9400000000000119
2021,2022-03-06,Barclays Premier League,Watford,Arsenal,59.33,82.41,0.1677,0.2286,0.6037,0.85,1.84,2.0,3.0,0,23.08
2021,2022-03-06,Barclays Premier League,Manchester City,Manchester United,93.83,79.26,0.712,0.1752,0.1128,2.36,0.83,4.0,1.0,0,14.569999999999993
2021,2022-03-07,Barclays Premier League,Tottenham Hotspur,Everton,77.97,66.42,0.5776,0.2244,0.1979,1.93,1.04,5.0,0.0,0,11.549999999999997
2021,2022-03-10,Barclays Premier League,Southampton,Newcastle,70.47,65.6,0.4657,0.2561,0.2782,1.57,1.16,1.0,2.0,0,4.8700000000000045
2021,2022-03-10,Barclays Premier League,Wolverhampton,Watford,71.62,60.01,0.4742,0.2833,0.2425,1.36,0.89,4.0,0.0,0,11.610000000000007
2021,2022-03-10,Barclays Premier League,Norwich City,Chelsea,52.98,89.66,0.0904,0.1772,0.7324,0.63,2.21,1.0,3.0,0,36.68
2021,2022-03-10,Barclays Premier League,Leeds United,Aston Villa,63.79,74.77,0.3614,0.252,0.3866,1.44,1.49,0.0,3.0,0,10.979999999999997
2021,2022-03-12,Barclays Premier League,Brighton and Hove Albion,Liverpool,74.95,92.6,0.135,0.198,0.667,0.84,2.13,0.0,2.0,0,17.64999999999999
2021,2022-03-12,Barclays Premier League,Brentford,Burnley,66.36,64.94,0.4135,0.2849,0.3016,1.28,1.05,2.0,0.0,0,1.4200000000000017
2021,2022-03-12,Barclays Premier League,Manchester United,Tottenham Hotspur,78.64,79.75,0.3876,0.2432,0.3693,1.58,1.54,3.0,2.0,0,1.1099999999999994
2021,2022-03-13,Barclays Premier League,Arsenal,Leicester City,81.55,70.5,0.6181,0.2094,0.1725,2.08,1.0,2.0,0.0,0,11.049999999999997
2021,2022-03-13,Barclays Premier League,Chelsea,Newcastle,89.38,66.11,0.7204,0.1849,0.0947,2.14,0.62,1.0,0.0,0,23.269999999999996
2021,2022-03-13,Barclays Premier League,West Ham United,Aston Villa,74.46,76.62,0.4079,0.2658,0.3263,1.41,1.24,2.0,1.0,0,2.160000000000011
2021,2022-03-13,Barclays Premier League,Leeds United,Norwich City,61.95,53.34,0.572,0.2371,0.1909,1.78,0.92,2.0,1.0,0,8.61
2021,2022-03-13,Barclays Premier League,Southampton,Watford,69.92,58.35,0.5204,0.2453,0.2342,1.71,1.06,1.0,2.0,0,11.57
2021,2022-03-13,Barclays Premier League,Everton,Wolverhampton,64.18,72.94,0.3828,0.2889,0.3284,1.21,1.1,0.0,1.0,0,8.759999999999991
2021,2022-03-14,Barclays Premier League,Crystal Palace,Manchester City,72.77,93.75,0.0942,0.1687,0.737,0.71,2.35,0.0,0.0,1,20.980000000000004
2021,2022-03-16,Barclays Premier League,Brighton and Hove Albion,Tottenham Hotspur,74.6,79.88,0.3044,0.2594,0.4363,1.22,1.51,0.0,2.0,0,5.280000000000001
2021,2022-03-16,Barclays Premier League,Arsenal,Liverpool,82.18,92.83,0.2211,0.2258,0.5531,1.15,1.93,0.0,2.0,0,10.649999999999991
2021,2022-03-17,Barclays Premier League,Everton,Newcastle,63.77,66.73,0.4364,0.2717,0.2919,1.41,1.1,1.0,0.0,0,2.960000000000001
2021,2022-03-18,Barclays Premier League,Wolverhampton,Leeds United,73.82,61.64,0.4607,0.2705,0.2688,1.44,1.04,2.0,3.0,0,12.179999999999993
2021,2022-03-19,Barclays Premier League,Aston Villa,Arsenal,76.66,81.92,0.2893,0.2658,0.445,1.13,1.47,0.0,1.0,0,5.260000000000005
2021,2022-03-20,Barclays Premier League,Tottenham Hotspur,West Ham United,80.29,75.25,0.5295,0.2328,0.2377,1.85,1.17,3.0,1.0,0,5.040000000000006
2021,2022-03-20,Barclays Premier League,Leicester City,Brentford,69.42,67.09,0.4554,0.2495,0.2951,1.63,1.26,2.0,1.0,0,2.3299999999999983
2021,2022-04-02,Barclays Premier League,Liverpool,Watford,93.15,59.0,0.8697,0.097,0.0333,2.96,0.45,2.0,0.0,0,34.150000000000006
2021,2022-04-02,Barclays Premier League,Leeds United,Southampton,62.8,69.24,0.4109,0.2417,0.3474,1.64,1.5,1.0,1.0,1,6.439999999999998
2021,2022-04-02,Barclays Premier League,Brighton and Hove Albion,Norwich City,74.19,53.01,0.6261,0.2344,0.1395,1.75,0.68,0.0,0.0,1,21.18
2021,2022-04-02,Barclays Premier League,Wolverhampton,Aston Villa,72.2,76.17,0.3531,0.2947,0.3522,1.12,1.12,2.0,1.0,0,3.969999999999999
2021,2022-04-02,Barclays Premier League,Burnley,Manchester City,64.37,93.73,0.0745,0.1583,0.7671,0.59,2.37,0.0,2.0,0,29.36
2021,2022-04-02,Barclays Premier League,Chelsea,Brentford,88.69,67.69,0.6821,0.204,0.1139,1.99,0.67,1.0,4.0,0,21.0
2021,2022-04-02,Barclays Premier League,Manchester United,Leicester City,78.34,68.63,0.5601,0.2204,0.2195,2.0,1.18,1.0,1.0,1,9.710000000000008
2021,2022-04-03,Barclays Premier League,West Ham United,Everton,74.37,63.71,0.5041,0.2541,0.2418,1.62,1.04,2.0,1.0,0,10.660000000000004
2021,2022-04-03,Barclays Premier League,Tottenham Hotspur,Newcastle,81.07,67.19,0.6498,0.207,0.1432,2.04,0.84,5.0,1.0,0,13.879999999999995
2021,2022-04-04,Barclays Premier League,Crystal Palace,Arsenal,73.11,82.65,0.2422,0.2662,0.4916,0.97,1.5,3.0,0.0,0,9.540000000000006
2021,2022-04-06,Barclays Premier League,Burnley,Everton,64.09,63.75,0.4031,0.2934,0.3036,1.22,1.02,3.0,2.0,0,0.3400000000000034
2021,2022-04-08,Barclays Premier League,Newcastle,Wolverhampton,65.91,72.25,0.373,0.2921,0.3348,1.17,1.1,1.0,0.0,0,6.340000000000003
2021,2022-04-09,Barclays Premier League,Everton,Manchester United,62.81,77.84,0.2967,0.2517,0.4515,1.25,1.6,1.0,0.0,0,15.030000000000001
2021,2022-04-09,Barclays Premier League,Watford,Leeds United,59.73,62.4,0.3544,0.2521,0.3936,1.42,1.51,0.0,3.0,0,2.6700000000000017
2021,2022-04-09,Barclays Premier League,Arsenal,Brighton and Hove Albion,81.59,74.58,0.5851,0.2513,0.1636,1.63,0.73,1.0,2.0,0,7.010000000000005
2021,2022-04-09,Barclays Premier League,Southampton,Chelsea,69.65,86.16,0.2236,0.2364,0.54,1.08,1.8,0.0,6.0,0,16.50999999999999
2021,2022-04-09,Barclays Premier League,Aston Villa,Tottenham Hotspur,75.81,81.75,0.2757,0.2415,0.4827,1.26,1.74,0.0,4.0,0,5.939999999999998
2021,2022-04-10,Barclays Premier League,Norwich City,Burnley,52.75,63.93,0.2572,0.2803,0.4625,0.95,1.37,2.0,0.0,0,11.18
2021,2022-04-10,Barclays Premier League,Manchester City,Liverpool,93.42,93.24,0.4436,0.2488,0.3075,1.62,1.31,2.0,2.0,1,0.18000000000000682
2021,2022-04-10,Barclays Premier League,Leicester City,Crystal Palace,69.54,74.26,0.3767,0.2607,0.3626,1.4,1.37,2.0,1.0,0,4.719999999999999
2021,2022-04-10,Barclays Premier League,Brentford,West Ham United,70.35,73.08,0.3927,0.2616,0.3457,1.42,1.32,2.0,0.0,0,2.730000000000004
2021,2022-04-16,Barclays Premier League,Tottenham Hotspur,Brighton and Hove Albion,81.67,74.67,0.6058,0.2223,0.1719,1.92,0.91,0.0,1.0,0,7.0
2021,2022-04-16,Barclays Premier League,Watford,Brentford,58.96,72.05,0.2957,0.2646,0.4397,1.16,1.47,1.0,2.0,0,13.089999999999996
2021,2022-04-16,Barclays Premier League,Southampton,Arsenal,66.33,81.29,0.2069,0.2339,0.5592,1.02,1.83,1.0,0.0,0,14.960000000000008
2021,2022-04-16,Barclays Premier League,Manchester United,Norwich City,78.31,53.72,0.6934,0.195,0.1117,2.09,0.7,3.0,2.0,0,24.590000000000003
2021,2022-04-17,Barclays Premier League,Newcastle,Leicester City,67.09,70.72,0.3731,0.2632,0.3637,1.37,1.35,2.0,1.0,0,3.6299999999999955
2021,2022-04-17,Barclays Premier League,West Ham United,Burnley,72.5,62.67,0.4804,0.2654,0.2542,1.5,1.02,1.0,1.0,1,9.829999999999998
2021,2022-04-19,Barclays Premier League,Liverpool,Manchester United,93.07,77.19,0.7494,0.157,0.0936,2.53,0.78,4.0,0.0,0,15.879999999999995
2021,2022-04-20,Barclays Premier League,Manchester City,Brighton and Hove Albion,93.18,76.02,0.7941,0.1562,0.0497,2.21,0.38,3.0,0.0,0,17.16000000000001
2021,2022-04-20,Barclays Premier League,Chelsea,Arsenal,88.62,81.3,0.4696,0.2578,0.2726,1.56,1.13,2.0,4.0,0,7.320000000000007
2021,2022-04-20,Barclays Premier League,Newcastle,Crystal Palace,68.1,74.38,0.3499,0.2804,0.3697,1.2,1.24,1.0,0.0,0,6.280000000000001
2021,2022-04-20,Barclays Premier League,Everton,Leicester City,62.74,69.64,0.3917,0.2573,0.351,1.46,1.37,1.0,1.0,1,6.899999999999999
2021,2022-04-21,Barclays Premier League,Burnley,Southampton,62.27,66.51,0.4195,0.266,0.3145,1.43,1.2,2.0,0.0,0,4.240000000000002
2021,2022-04-23,Barclays Premier League,Arsenal,Manchester United,82.37,76.45,0.5643,0.2358,0.1999,1.8,0.97,3.0,1.0,0,5.920000000000002
2021,2022-04-23,Barclays Premier League,Norwich City,Newcastle,54.17,68.81,0.2861,0.2697,0.4441,1.1,1.43,0.0,3.0,0,14.64
2021,2022-04-23,Barclays Premier League,Manchester City,Watford,93.18,58.81,0.9064,0.0791,0.0145,2.91,0.22,5.0,1.0,0,34.370000000000005
2021,2022-04-23,Barclays Premier League,Leicester City,Aston Villa,69.15,75.77,0.3609,0.2565,0.3826,1.4,1.44,0.0,0.0,1,6.61999999999999
2021,2022-04-23,Barclays Premier League,Brentford,Tottenham Hotspur,71.86,80.81,0.2508,0.233,0.5163,1.23,1.85,0.0,0.0,1,8.950000000000003
2021,2022-04-24,Barclays Premier League,Brighton and Hove Albion,Southampton,75.74,65.44,0.4467,0.2697,0.2837,1.44,1.09,2.0,2.0,1,10.299999999999997
2021,2022-04-24,Barclays Premier League,Chelsea,West Ham United,87.57,72.51,0.6364,0.2078,0.1558,2.06,0.91,1.0,0.0,0,15.059999999999988
2021,2022-04-24,Barclays Premier League,Burnley,Wolverhampton,63.33,71.57,0.4003,0.2992,0.3004,1.18,0.98,1.0,0.0,0,8.239999999999995
2021,2022-04-24,Barclays Premier League,Liverpool,Everton,93.5,63.34,0.8494,0.109,0.0416,2.86,0.5,2.0,0.0,0,30.159999999999997
2021,2022-04-25,Barclays Premier League,Crystal Palace,Leeds United,74.08,63.66,0.4817,0.2509,0.2675,1.64,1.16,0.0,0.0,1,10.420000000000002
2021,2022-04-28,Barclays Premier League,Manchester United,Chelsea,76.46,88.02,0.3015,0.246,0.4524,1.31,1.66,1.0,1.0,1,11.560000000000002
2021,2022-04-30,Barclays Premier League,Watford,Burnley,58.8,63.63,0.3239,0.2775,0.3986,1.15,1.31,1.0,2.0,0,4.830000000000005
2021,2022-04-30,Barclays Premier League,Southampton,Crystal Palace,65.53,74.65,0.3511,0.2685,0.3805,1.28,1.34,1.0,2.0,0,9.120000000000005
2021,2022-04-30,Barclays Premier League,Leeds United,Manchester City,63.57,93.65,0.0746,0.1374,0.788,0.73,2.73,0.0,4.0,0,30.080000000000005
2021,2022-04-30,Barclays Premier League,Wolverhampton,Brighton and Hove Albion,71.37,75.42,0.3502,0.3096,0.3402,1.04,1.02,0.0,3.0,0,4.049999999999997
2021,2022-04-30,Barclays Premier League,Aston Villa,Norwich City,76.54,52.74,0.6179,0.2258,0.1562,1.86,0.81,2.0,0.0,0,23.800000000000004
2021,2022-04-30,Barclays Premier League,Newcastle,Liverpool,70.27,93.89,0.0763,0.1574,0.7663,0.61,2.4,0.0,1.0,0,23.620000000000005
2021,2022-05-01,Barclays Premier League,Everton,Chelsea,63.64,88.39,0.2011,0.2317,0.5673,1.0,1.85,1.0,0.0,0,24.75
2021,2022-05-01,Barclays Premier League,Tottenham Hotspur,Leicester City,80.35,70.01,0.6279,0.2085,0.1636,2.07,0.95,3.0,1.0,0,10.33999999999999
2021,2022-05-01,Barclays Premier League,West Ham United,Arsenal,71.93,82.15,0.2295,0.2449,0.5257,1.05,1.71,1.0,2.0,0,10.219999999999999
2021,2022-05-02,Barclays Premier League,Manchester United,Brentford,76.06,72.76,0.4262,0.2557,0.3181,1.53,1.29,3.0,0.0,0,3.299999999999997
2021,2022-05-07,Barclays Premier League,Crystal Palace,Watford,75.21,57.9,0.4817,0.2668,0.2516,1.49,1.0,1.0,0.0,0,17.309999999999995
2021,2022-05-07,Barclays Premier League,Liverpool,Tottenham Hotspur,93.87,80.73,0.6823,0.1843,0.1334,2.32,0.92,1.0,1.0,1,13.14
2021,2022-05-07,Barclays Premier League,Brighton and Hove Albion,Manchester United,77.51,77.01,0.3867,0.2724,0.3408,1.33,1.23,4.0,0.0,0,0.5
2021,2022-05-07,Barclays Premier League,Burnley,Aston Villa,64.32,77.06,0.3304,0.2812,0.3884,1.15,1.27,1.0,3.0,0,12.740000000000009
2021,2022-05-07,Barclays Premier League,Brentford,Southampton,71.84,64.99,0.4741,0.2501,0.2758,1.64,1.19,3.0,0.0,0,6.8500000000000085
2021,2022-05-07,Barclays Premier League,Chelsea,Wolverhampton,88.16,68.78,0.685,0.2092,0.1058,1.91,0.59,2.0,2.0,1,19.379999999999995
2021,2022-05-08,Barclays Premier League,Leicester City,Everton,69.58,64.28,0.4215,0.2704,0.3081,1.4,1.16,1.0,2.0,0,5.299999999999997
2021,2022-05-08,Barclays Premier League,Arsenal,Leeds United,82.27,63.37,0.6637,0.1991,0.1372,2.12,0.85,2.0,1.0,0,18.9
2021,2022-05-08,Barclays Premier League,Norwich City,West Ham United,52.31,72.27,0.2961,0.2606,0.4432,1.19,1.51,0.0,4.0,0,19.959999999999994
2021,2022-05-08,Barclays Premier League,Manchester City,Newcastle,93.5,70.25,0.8385,0.1252,0.0362,2.49,0.35,5.0,0.0,0,23.25
2021,2022-05-10,Barclays Premier League,Aston Villa,Liverpool,77.48,93.55,0.1445,0.2053,0.6502,0.86,2.07,1.0,2.0,0,16.069999999999993
2021,2022-05-11,Barclays Premier League,Leicester City,Norwich City,68.99,49.95,0.4947,0.2507,0.2546,1.64,1.11,3.0,0.0,0,19.039999999999992
2021,2022-05-11,Barclays Premier League,Wolverhampton,Manchester City,70.26,93.6,0.0773,0.1637,0.759,0.59,2.31,1.0,5.0,0,23.33999999999999
2021,2022-05-11,Barclays Premier League,Watford,Everton,56.81,64.73,0.3111,0.273,0.416,1.15,1.37,0.0,0.0,1,7.920000000000002
2021,2022-05-11,Barclays Premier League,Leeds United,Chelsea,62.97,86.78,0.2246,0.2209,0.5545,1.2,2.0,0.0,3.0,0,23.810000000000002
2021,2022-05-12,Barclays Premier League,Tottenham Hotspur,Arsenal,81.36,82.53,0.416,0.2532,0.3308,1.54,1.35,3.0,0.0,0,1.1700000000000017
2021,2022-05-15,Barclays Premier League,Tottenham Hotspur,Burnley,83.19,63.54,0.6995,0.1882,0.1123,2.17,0.74,1.0,0.0,0,19.65
2021,2022-05-15,Barclays Premier League,Wolverhampton,Norwich City,69.71,48.35,0.4921,0.2631,0.2448,1.53,1.0,1.0,1.0,1,21.359999999999992
2021,2022-05-15,Barclays Premier League,Watford,Leicester City,56.57,70.29,0.3212,0.2651,0.4137,1.23,1.43,1.0,5.0,0,13.720000000000006
2021,2022-05-15,Barclays Premier League,Leeds United,Brighton and Hove Albion,61.83,79.33,0.3321,0.2617,0.4061,1.28,1.44,1.0,1.0,1,17.5
2021,2022-05-15,Barclays Premier League,Aston Villa,Crystal Palace,77.87,76.4,0.3961,0.2879,0.316,1.24,1.07,1.0,1.0,1,1.4699999999999989
2021,2022-05-15,Barclays Premier League,West Ham United,Manchester City,74.2,93.69,0.1031,0.1706,0.7264,0.77,2.38,2.0,2.0,1,19.489999999999995
2021,2022-05-15,Barclays Premier League,Everton,Brentford,65.65,73.23,0.3386,0.2746,0.3868,1.21,1.31,2.0,3.0,0,7.579999999999998
2021,2022-05-16,Barclays Premier League,Newcastle,Arsenal,69.55,80.66,0.2077,0.2533,0.539,0.91,1.63,2.0,0.0,0,11.11
2021,2022-05-17,Barclays Premier League,Southampton,Liverpool,63.24,93.32,0.0706,0.1319,0.7975,0.73,2.79,1.0,2.0,0,30.07999999999999
2021,2022-05-19,Barclays Premier League,Everton,Crystal Palace,65.25,77.07,0.3243,0.2869,0.3888,1.1,1.23,3.0,2.0,0,11.819999999999993
2021,2022-05-19,Barclays Premier League,Aston Villa,Burnley,77.22,63.56,0.4813,0.2675,0.2512,1.48,0.99,1.0,1.0,1,13.659999999999997
2021,2022-05-19,Barclays Premier League,Chelsea,Leicester City,87.74,70.58,0.514,0.2375,0.2485,1.79,1.18,1.0,1.0,1,17.159999999999997
2021,2022-05-22,Barclays Premier League,Crystal Palace,Manchester United,76.12,74.63,0.3928,0.2682,0.3389,1.37,1.25,1.0,0.0,0,1.490000000000009
2021,2022-05-22,Barclays Premier League,Brighton and Hove Albion,West Ham United,78.72,74.62,0.4126,0.2704,0.317,1.39,1.18,3.0,1.0,0,4.099999999999994
2021,2022-05-22,Barclays Premier League,Manchester City,Aston Villa,93.4,76.61,0.7856,0.1472,0.0672,2.48,0.58,3.0,2.0,0,16.790000000000006
2021,2022-05-22,Barclays Premier League,Brentford,Leeds United,72.95,62.24,0.4537,0.2447,0.3016,1.68,1.33,1.0,2.0,0,10.71
2021,2022-05-22,Barclays Premier League,Leicester City,Southampton,70.12,63.59,0.432,0.2515,0.3165,1.58,1.32,4.0,1.0,0,6.530000000000001
2021,2022-05-22,Barclays Premier League,Burnley,Newcastle,64.16,71.58,0.4326,0.2804,0.287,1.34,1.04,1.0,2.0,0,7.420000000000002
2021,2022-05-22,Barclays Premier League,Arsenal,Everton,78.94,65.91,0.5927,0.2336,0.1737,1.8,0.86,5.0,1.0,0,13.030000000000001
2021,2022-05-22,Barclays Premier League,Liverpool,Wolverhampton,93.3,69.61,0.8312,0.1278,0.041,2.51,0.4,3.0,1.0,0,23.689999999999998
2021,2022-05-22,Barclays Premier League,Norwich City,Tottenham Hotspur,48.57,83.25,0.0701,0.1417,0.7882,0.65,2.6,0.0,5.0,0,34.68
2021,2022-05-22,Barclays Premier League,Chelsea,Watford,88.3,55.41,0.5947,0.2191,0.1862,1.98,1.01,2.0,1.0,0,32.89
2022,2022-08-05,Barclays Premier League,Crystal Palace,Arsenal,71.36,78.53,0.3159,0.2636,0.4205,1.16,1.39,0.0,2.0,0,7.170000000000002
2022,2022-08-06,Barclays Premier League,Everton,Chelsea,63.82,85.73,0.1763,0.2145,0.6092,0.94,1.94,0.0,1.0,0,21.910000000000004
2022,2022-08-06,Barclays Premier League,AFC Bournemouth,Aston Villa,57.92,74.05,0.2719,0.2594,0.4687,1.06,1.48,2.0,0.0,0,16.129999999999995
2022,2022-08-06,Barclays Premier League,Newcastle,Nottingham Forest,68.65,57.31,0.5401,0.2554,0.2045,1.54,0.84,2.0,0.0,0,11.340000000000003
2022,2022-08-06,Barclays Premier League,Tottenham Hotspur,Southampton,81.87,61.33,0.7059,0.1758,0.1182,2.29,0.82,4.0,1.0,0,20.540000000000006
2022,2022-08-06,Barclays Premier League,Fulham,Liverpool,58.7,90.51,0.0926,0.1607,0.7466,0.71,2.38,2.0,2.0,1,31.810000000000002
2022,2022-08-06,Barclays Premier League,Leeds United,Wolverhampton,62.15,67.72,0.3941,0.2604,0.3456,1.37,1.26,2.0,1.0,0,5.57
2022,2022-08-07,Barclays Premier League,Leicester City,Brentford,71.24,68.58,0.4741,0.2458,0.28,1.61,1.18,2.0,2.0,1,2.6599999999999966
2022,2022-08-07,Barclays Premier League,Manchester United,Brighton and Hove Albion,75.25,73.74,0.4658,0.2517,0.2826,1.54,1.14,1.0,2.0,0,1.5100000000000051
2022,2022-08-07,Barclays Premier League,West Ham United,Manchester City,70.62,92.31,0.1317,0.1778,0.6905,0.91,2.32,0.0,2.0,0,21.689999999999998
2022,2022-08-13,Barclays Premier League,Southampton,Leeds United,61.1,61.68,0.4374,0.245,0.3176,1.57,1.31,2.0,2.0,1,0.5799999999999983
2022,2022-08-13,Barclays Premier League,Brentford,Manchester United,69.12,74.6,0.3597,0.2499,0.3904,1.38,1.45,4.0,0.0,0,5.47999999999999
2022,2022-08-13,Barclays Premier League,Arsenal,Leicester City,79.19,70.86,0.5653,0.2268,0.2079,1.83,1.02,4.0,2.0,0,8.329999999999998
2022,2022-08-13,Barclays Premier League,Wolverhampton,Fulham,68.05,59.97,0.5084,0.2587,0.2329,1.51,0.93,0.0,0.0,1,8.079999999999998
2022,2022-08-13,Barclays Premier League,Manchester City,AFC Bournemouth,92.69,58.63,0.8742,0.0964,0.0294,2.82,0.37,4.0,0.0,0,34.059999999999995
2022,2022-08-13,Barclays Premier League,Aston Villa,Everton,73.64,63.68,0.5392,0.2431,0.2176,1.66,0.96,2.0,1.0,0,9.96
2022,2022-08-13,Barclays Premier League,Brighton and Hove Albion,Newcastle,74.21,70.26,0.4888,0.2593,0.2519,1.49,0.99,0.0,0.0,1,3.9499999999999886
2022,2022-08-14,Barclays Premier League,Nottingham Forest,West Ham United,55.56,70.06,0.2976,0.2654,0.437,1.1,1.39,1.0,0.0,0,14.5
2022,2022-08-14,Barclays Premier League,Chelsea,Tottenham Hotspur,86.03,81.93,0.4919,0.2387,0.2694,1.69,1.19,2.0,2.0,1,4.099999999999994
2022,2022-08-15,Barclays Premier League,Liverpool,Crystal Palace,89.69,70.58,0.7359,0.1716,0.0925,2.22,0.64,1.0,1.0,1,19.11
2022,2022-08-20,Barclays Premier League,Everton,Nottingham Forest,63.52,56.06,0.5138,0.2551,0.2311,1.54,0.94,1.0,1.0,1,7.460000000000001
2022,2022-08-20,Barclays Premier League,AFC Bournemouth,Arsenal,58.42,79.94,0.1899,0.2289,0.5812,0.92,1.79,0.0,3.0,0,21.519999999999996
2022,2022-08-20,Barclays Premier League,Fulham,Brentford,60.92,70.23,0.3383,0.2666,0.3951,1.2,1.32,3.0,2.0,0,9.310000000000002
2022,2022-08-20,Barclays Premier League,Crystal Palace,Aston Villa,71.02,73.56,0.3844,0.2696,0.3461,1.28,1.2,3.0,1.0,0,2.5400000000000063
2022,2022-08-20,Barclays Premier League,Leicester City,Southampton,69.64,60.47,0.5274,0.23,0.2426,1.8,1.15,1.0,2.0,0,9.170000000000002
2022,2022-08-20,Barclays Premier League,Tottenham Hotspur,Wolverhampton,82.05,67.73,0.6513,0.2041,0.1446,2.0,0.82,1.0,0.0,0,14.319999999999993
2022,2022-08-21,Barclays Premier League,Leeds United,Chelsea,62.13,85.83,0.1707,0.206,0.6234,0.96,2.04,3.0,0.0,0,23.699999999999996
2022,2022-08-21,Barclays Premier League,West Ham United,Brighton and Hove Albion,69.47,74.79,0.3639,0.2663,0.3697,1.26,1.27,0.0,2.0,0,5.320000000000007
2022,2022-08-21,Barclays Premier League,Newcastle,Manchester City,70.07,92.86,0.12,0.1834,0.6966,0.78,2.19,3.0,3.0,1,22.790000000000006
2022,2022-08-22,Barclays Premier League,Manchester United,Liverpool,73.33,89.33,0.2159,0.2094,0.5746,1.19,2.06,2.0,1.0,0,16.0
2022,2022-08-27,Barclays Premier League,Chelsea,Leicester City,83.97,68.04,0.6671,0.1959,0.137,2.08,0.82,2.0,1.0,0,15.929999999999993
2022,2022-08-27,Barclays Premier League,Brentford,Everton,68.85,63.29,0.4908,0.244,0.2652,1.64,1.14,1.0,1.0,1,5.559999999999995
2022,2022-08-27,Barclays Premier League,Arsenal,Fulham,80.82,61.59,0.6924,0.1912,0.1164,2.07,0.71,2.0,1.0,0,19.22999999999999
2022,2022-08-27,Barclays Premier League,Manchester City,Crystal Palace,92.0,72.54,0.7715,0.1496,0.0789,2.46,0.65,4.0,2.0,0,19.459999999999994
2022,2022-08-27,Barclays Premier League,Liverpool,AFC Bournemouth,88.83,57.47,0.8292,0.1231,0.0477,2.59,0.47,9.0,0.0,0,31.36
2022,2022-08-27,Barclays Premier League,Southampton,Manchester United,62.32,74.01,0.3121,0.2366,0.4513,1.36,1.68,0.0,1.0,0,11.690000000000005
2022,2022-08-27,Barclays Premier League,Brighton and Hove Albion,Leeds United,75.7,64.77,0.5646,0.2337,0.2017,1.75,0.94,1.0,0.0,0,10.930000000000007
2022,2022-08-28,Barclays Premier League,Wolverhampton,Newcastle,68.06,71.11,0.3969,0.2728,0.3303,1.28,1.14,1.0,1.0,1,3.049999999999997
2022,2022-08-28,Barclays Premier League,Aston Villa,West Ham United,71.63,68.56,0.4656,0.2512,0.2832,1.55,1.15,0.0,1.0,0,3.069999999999993
2022,2022-08-28,Barclays Premier League,Nottingham Forest,Tottenham Hotspur,56.48,81.93,0.1604,0.207,0.6326,0.89,2.0,0.0,2.0,0,25.45000000000001
2022,2022-08-30,Barclays Premier League,Crystal Palace,Brentford,72.21,68.71,0.4699,0.2496,0.2805,1.57,1.15,1.0,1.0,1,3.5
2022,2022-08-30,Barclays Premier League,Fulham,Brighton and Hove Albion,61.65,75.83,0.2772,0.2654,0.4575,1.04,1.42,2.0,1.0,0,14.18
2022,2022-08-30,Barclays Premier League,Southampton,Chelsea,62.31,82.74,0.2014,0.2181,0.5805,1.04,1.93,2.0,1.0,0,20.429999999999993
2022,2022-08-30,Barclays Premier League,Leeds United,Everton,64.87,63.27,0.4495,0.2496,0.3009,1.54,1.22,1.0,1.0,1,1.6000000000000014
2022,2022-08-31,Barclays Premier League,Arsenal,Aston Villa,80.63,71.11,0.6006,0.2193,0.1801,1.89,0.92,2.0,1.0,0,9.519999999999996
2022,2022-08-31,Barclays Premier League,Manchester City,Nottingham Forest,92.1,56.56,0.8898,0.0846,0.0256,3.0,0.38,6.0,0.0,0,35.53999999999999
2022,2022-08-31,Barclays Premier League,AFC Bournemouth,Wolverhampton,54.75,66.89,0.316,0.2786,0.4053,1.07,1.26,0.0,0.0,1,12.14
2022,2022-08-31,Barclays Premier League,West Ham United,Tottenham Hotspur,69.66,81.93,0.2514,0.2378,0.5108,1.13,1.71,1.0,1.0,1,12.27000000000001
2022,2022-08-31,Barclays Premier League,Liverpool,Newcastle,90.03,72.1,0.7187,0.1691,0.1121,2.36,0.82,2.0,1.0,0,17.930000000000007
2022,2022-09-01,Barclays Premier League,Leicester City,Manchester United,69.54,74.09,0.3765,0.241,0.3826,1.5,1.51,0.0,1.0,0,4.549999999999997
2022,2022-09-03,Barclays Premier League,Chelsea,West Ham United,81.87,70.37,0.6172,0.222,0.1607,1.83,0.81,2.0,1.0,0,11.5
2022,2022-09-03,Barclays Premier League,Tottenham Hotspur,Fulham,81.56,62.08,0.7058,0.1829,0.1113,2.16,0.72,2.0,1.0,0,19.480000000000004
2022,2022-09-03,Barclays Premier League,Aston Villa,Manchester City,70.15,92.24,0.1268,0.1708,0.7024,0.93,2.41,1.0,1.0,1,22.08999999999999
2022,2022-09-03,Barclays Premier League,Wolverhampton,Southampton,67.98,63.48,0.4699,0.2586,0.2715,1.48,1.06,1.0,0.0,0,4.500000000000007
2022,2022-09-03,Barclays Premier League,Nottingham Forest,AFC Bournemouth,56.03,53.98,0.451,0.279,0.27,1.31,0.95,2.0,3.0,0,2.0500000000000043
2022,2022-09-03,Barclays Premier League,Newcastle,Crystal Palace,72.21,71.2,0.4491,0.2626,0.2884,1.43,1.09,0.0,0.0,1,1.009999999999991
2022,2022-09-03,Barclays Premier League,Everton,Liverpool,63.25,89.99,0.1312,0.1746,0.6942,0.93,2.37,0.0,0.0,1,26.739999999999995
2022,2022-09-03,Barclays Premier League,Brentford,Leeds United,69.93,65.21,0.4907,0.2395,0.2698,1.68,1.19,5.0,2.0,0,4.720000000000013
2022,2022-09-04,Barclays Premier League,Brighton and Hove Albion,Leicester City,75.43,69.07,0.508,0.2516,0.2404,1.57,1.0,5.0,2.0,0,6.360000000000014
2022,2022-09-04,Barclays Premier League,Manchester United,Arsenal,74.96,81.4,0.3463,0.243,0.4107,1.41,1.55,3.0,1.0,0,6.440000000000012
2022,2022-09-16,Barclays Premier League,Nottingham Forest,Fulham,54.98,61.45,0.3732,0.2704,0.3563,1.25,1.22,2.0,3.0,0,6.470000000000006
2022,2022-09-16,Barclays Premier League,Aston Villa,Southampton,70.24,64.15,0.4926,0.248,0.2594,1.6,1.09,1.0,0.0,0,6.089999999999989
2022,2022-09-17,Barclays Premier League,Newcastle,AFC Bournemouth,73.17,54.41,0.6148,0.2267,0.1585,1.78,0.77,1.0,1.0,1,18.760000000000005
2022,2022-09-17,Barclays Premier League,Wolverhampton,Manchester City,67.59,92.7,0.0998,0.1649,0.7353,0.74,2.36,0.0,3.0,0,25.11
2022,2022-09-17,Barclays Premier League,Tottenham Hotspur,Leicester City,81.87,67.43,0.6422,0.1994,0.1584,2.1,0.93,6.0,2.0,0,14.439999999999998
2022,2022-09-18,Barclays Premier League,Everton,West Ham United,63.99,70.99,0.3723,0.2688,0.3589,1.26,1.23,1.0,0.0,0,6.999999999999993
2022,2022-09-18,Barclays Premier League,Brentford,Arsenal,69.8,80.58,0.284,0.2306,0.4854,1.31,1.78,0.0,3.0,0,10.780000000000001
2022,2022-10-01,Barclays Premier League,Liverpool,Brighton and Hove Albion,89.02,76.31,0.6412,0.1981,0.1608,2.12,0.96,3.0,3.0,1,12.709999999999994
2022,2022-10-01,Barclays Premier League,Crystal Palace,Chelsea,70.22,81.29,0.2695,0.2558,0.4747,1.07,1.51,1.0,2.0,0,11.070000000000007
2022,2022-10-01,Barclays Premier League,West Ham United,Wolverhampton,71.11,67.2,0.4722,0.277,0.2508,1.35,0.9,2.0,0.0,0,3.9099999999999966
2022,2022-10-01,Barclays Premier League,Fulham,Newcastle,61.68,72.93,0.3242,0.2588,0.417,1.22,1.42,1.0,4.0,0,11.250000000000007
2022,2022-10-01,Barclays Premier League,Arsenal,Tottenham Hotspur,81.54,81.7,0.4369,0.2384,0.3247,1.64,1.38,3.0,1.0,0,0.1599999999999966
2022,2022-10-01,Barclays Premier League,Southampton,Everton,63.89,64.35,0.4363,0.2635,0.3002,1.41,1.12,1.0,2.0,0,0.45999999999999375
2022,2022-10-01,Barclays Premier League,AFC Bournemouth,Brentford,54.73,68.79,0.3013,0.2525,0.4462,1.2,1.51,0.0,0.0,1,14.06000000000001
2022,2022-10-02,Barclays Premier League,Manchester City,Manchester United,92.98,75.94,0.7386,0.1586,0.1028,2.48,0.82,6.0,3.0,0,17.040000000000006
2022,2022-10-02,Barclays Premier League,Leeds United,Aston Villa,64.72,70.97,0.3857,0.2571,0.3572,1.38,1.32,0.0,0.0,1,6.25
2022,2022-10-03,Barclays Premier League,Leicester City,Nottingham Forest,67.13,54.25,0.5886,0.2201,0.1913,1.89,0.98,4.0,0.0,0,12.879999999999995
2022,2022-10-08,Barclays Premier League,Chelsea,Wolverhampton,82.45,67.1,0.6523,0.2205,0.1272,1.79,0.64,3.0,0.0,0,15.350000000000009
2022,2022-10-08,Barclays Premier League,Newcastle,Brentford,74.82,69.24,0.5096,0.2398,0.2506,1.69,1.11,5.0,1.0,0,5.579999999999998
2022,2022-10-08,Barclays Premier League,Manchester City,Southampton,93.14,63.19,0.8709,0.0905,0.0386,3.16,0.57,4.0,0.0,0,29.950000000000003
2022,2022-10-08,Barclays Premier League,AFC Bournemouth,Leicester City,54.89,67.58,0.2959,0.2524,0.4517,1.18,1.52,2.0,1.0,0,12.689999999999998
2022,2022-10-08,Barclays Premier League,Brighton and Hove Albion,Tottenham Hotspur,76.83,81.04,0.3694,0.2463,0.3843,1.43,1.47,0.0,1.0,0,4.210000000000008
2022,2022-10-09,Barclays Premier League,Crystal Palace,Leeds United,69.63,63.69,0.4808,0.252,0.2671,1.55,1.09,2.0,1.0,0,5.939999999999998
2022,2022-10-09,Barclays Premier League,West Ham United,Fulham,72.18,59.05,0.5539,0.2424,0.2037,1.66,0.9,3.0,1.0,0,13.13000000000001
2022,2022-10-09,Barclays Premier League,Arsenal,Liverpool,82.84,88.53,0.341,0.2258,0.4332,1.56,1.78,3.0,2.0,0,5.689999999999998
2022,2022-10-09,Barclays Premier League,Everton,Manchester United,64.51,76.09,0.2841,0.2388,0.4771,1.25,1.68,1.0,2.0,0,11.579999999999998
2022,2022-10-10,Barclays Premier League,Nottingham Forest,Aston Villa,53.76,72.32,0.2744,0.2632,0.4624,1.04,1.44,1.0,1.0,1,18.559999999999995
2022,2022-10-14,Barclays Premier League,Brentford,Brighton and Hove Albion,68.08,77.17,0.3206,0.2487,0.4308,1.28,1.53,2.0,0.0,0,9.090000000000003
2022,2022-10-15,Barclays Premier League,Leicester City,Crystal Palace,66.66,69.49,0.4408,0.2487,0.3105,1.54,1.25,0.0,0.0,1,2.8299999999999983
2022,2022-10-15,Barclays Premier League,Fulham,AFC Bournemouth,57.95,55.78,0.4707,0.2626,0.2668,1.45,1.02,2.0,2.0,1,2.1700000000000017
2022,2022-10-15,Barclays Premier League,Wolverhampton,Nottingham Forest,66.42,53.85,0.5482,0.2586,0.1932,1.52,0.78,1.0,0.0,0,12.57
2022,2022-10-15,Barclays Premier League,Tottenham Hotspur,Everton,80.73,64.26,0.6754,0.1938,0.1308,2.09,0.79,2.0,0.0,0,16.47
2022,2022-10-16,Barclays Premier League,Leeds United,Arsenal,63.75,83.54,0.2071,0.2172,0.5757,1.08,1.94,0.0,1.0,0,19.790000000000006
2022,2022-10-16,Barclays Premier League,Southampton,West Ham United,62.66,72.68,0.3582,0.2641,0.3777,1.27,1.31,1.0,1.0,1,10.02000000000001
2022,2022-10-16,Barclays Premier League,Manchester United,Newcastle,77.1,75.6,0.4836,0.2328,0.2836,1.75,1.29,0.0,0.0,1,1.5
2022,2022-10-16,Barclays Premier League,Aston Villa,Chelsea,72.59,84.03,0.2448,0.2565,0.4987,0.98,1.52,0.0,2.0,0,11.439999999999998
2022,2022-10-16,Barclays Premier League,Liverpool,Manchester City,88.56,93.1,0.3363,0.2132,0.4505,1.7,1.99,1.0,0.0,0,4.539999999999992
2022,2022-10-18,Barclays Premier League,Brighton and Hove Albion,Nottingham Forest,76.82,54.47,0.6702,0.2036,0.1262,1.96,0.71,0.0,0.0,1,22.349999999999994
2022,2022-10-18,Barclays Premier League,Crystal Palace,Wolverhampton,69.64,66.05,0.4543,0.2835,0.2621,1.29,0.9,2.0,1.0,0,3.5900000000000034
2022,2022-10-19,Barclays Premier League,Liverpool,West Ham United,88.82,73.54,0.717,0.1712,0.1118,2.33,0.8,1.0,0.0,0,15.279999999999987
2022,2022-10-19,Barclays Premier League,AFC Bournemouth,Southampton,55.57,61.9,0.3605,0.2693,0.3702,1.23,1.25,0.0,1.0,0,6.329999999999998
2022,2022-10-19,Barclays Premier League,Newcastle,Everton,75.89,63.43,0.5759,0.2358,0.1883,1.72,0.87,1.0,0.0,0,12.46
2022,2022-10-19,Barclays Premier League,Brentford,Chelsea,68.29,83.67,0.2261,0.2263,0.5476,1.1,1.84,0.0,0.0,1,15.379999999999995
2022,2022-10-19,Barclays Premier League,Manchester United,Tottenham Hotspur,77.12,81.52,0.3802,0.2358,0.384,1.56,1.57,2.0,0.0,0,4.3999999999999915
2022,2022-10-20,Barclays Premier League,Leicester City,Leeds United,67.12,64.88,0.4751,0.24,0.2849,1.67,1.24,2.0,0.0,0,2.240000000000009
2022,2022-10-20,Barclays Premier League,Fulham,Aston Villa,57.65,73.01,0.3091,0.2599,0.4309,1.17,1.43,3.0,0.0,0,15.360000000000007
2022,2022-10-22,Barclays Premier League,Nottingham Forest,Liverpool,54.34,88.2,0.0873,0.1432,0.7695,0.79,2.64,1.0,0.0,0,33.86
2022,2022-10-22,Barclays Premier League,Everton,Crystal Palace,63.24,69.88,0.3824,0.2793,0.3383,1.21,1.12,3.0,0.0,0,6.6399999999999935
2022,2022-10-22,Barclays Premier League,Manchester City,Brighton and Hove Albion,92.97,77.37,0.7326,0.1658,0.1015,2.35,0.75,3.0,1.0,0,15.599999999999994
2022,2022-10-22,Barclays Premier League,Chelsea,Manchester United,83.41,78.28,0.5024,0.2378,0.2598,1.71,1.16,1.0,1.0,1,5.1299999999999955
2022,2022-10-23,Barclays Premier League,Leeds United,Fulham,65.1,59.78,0.4985,0.2407,0.2608,1.67,1.14,2.0,3.0,0,5.319999999999993
2022,2022-10-23,Barclays Premier League,Aston Villa,Brentford,70.96,68.99,0.4572,0.2577,0.2851,1.48,1.11,4.0,0.0,0,1.9699999999999989
2022,2022-10-23,Barclays Premier League,Southampton,Arsenal,61.97,83.77,0.1928,0.2205,0.5867,0.98,1.89,1.0,1.0,1,21.799999999999997
2022,2022-10-23,Barclays Premier League,Wolverhampton,Leicester City,65.6,67.32,0.4007,0.2684,0.3309,1.32,1.17,0.0,4.0,0,1.7199999999999989
2022,2022-10-23,Barclays Premier League,Tottenham Hotspur,Newcastle,80.52,76.45,0.5177,0.2385,0.2438,1.7,1.09,1.0,2.0,0,4.069999999999993
2022,2022-10-24,Barclays Premier League,West Ham United,AFC Bournemouth,74.5,55.68,0.6016,0.2398,0.1586,1.66,0.71,2.0,0.0,0,18.82
2022,2022-10-29,Barclays Premier League,Crystal Palace,Southampton,68.49,62.31,0.4787,0.2617,0.2596,1.47,1.0,1.0,0.0,0,6.179999999999993
2022,2022-10-29,Barclays Premier League,Liverpool,Leeds United,87.61,63.74,0.7737,0.1393,0.087,2.72,0.82,1.0,2.0,0,23.869999999999997
2022,2022-10-29,Barclays Premier League,Fulham,Everton,60.57,64.69,0.4024,0.2574,0.3402,1.41,1.27,0.0,0.0,1,4.119999999999997
2022,2022-10-29,Barclays Premier League,Brighton and Hove Albion,Chelsea,77.49,83.75,0.3182,0.2609,0.4208,1.19,1.41,4.0,1.0,0,6.260000000000005
2022,2022-10-29,Barclays Premier League,AFC Bournemouth,Tottenham Hotspur,55.35,79.92,0.1727,0.2152,0.6121,0.91,1.92,2.0,3.0,0,24.57
2022,2022-10-29,Barclays Premier League,Brentford,Wolverhampton,66.48,64.62,0.4563,0.2578,0.2859,1.48,1.11,1.0,1.0,1,1.8599999999999994
2022,2022-10-29,Barclays Premier League,Leicester City,Manchester City,67.99,92.91,0.1117,0.159,0.7293,0.9,2.53,0.0,1.0,0,24.92
2022,2022-10-29,Barclays Premier League,Newcastle,Aston Villa,76.98,72.9,0.5095,0.2547,0.2358,1.54,0.96,4.0,0.0,0,4.079999999999998
2022,2022-10-30,Barclays Premier League,Arsenal,Nottingham Forest,83.5,56.08,0.7537,0.1693,0.0771,2.17,0.53,5.0,0.0,0,27.42
2022,2022-10-30,Barclays Premier League,Manchester United,West Ham United,80.47,75.02,0.5745,0.231,0.1945,1.77,0.92,1.0,0.0,0,5.450000000000003
2022,2022-11-05,Barclays Premier League,Nottingham Forest,Brentford,53.95,66.69,0.3106,0.2529,0.4365,1.22,1.5,2.0,2.0,1,12.739999999999995
2022,2022-11-05,Barclays Premier League,Manchester City,Fulham,92.84,61.51,0.8706,0.0931,0.0363,3.04,0.51,2.0,1.0,0,31.330000000000005
2022,2022-11-05,Barclays Premier League,Leeds United,AFC Bournemouth,65.27,54.99,0.5422,0.2421,0.2157,1.67,0.95,4.0,3.0,0,10.279999999999994
2022,2022-11-05,Barclays Premier League,Wolverhampton,Brighton and Hove Albion,64.61,78.69,0.2756,0.2646,0.4598,1.04,1.43,2.0,3.0,0,14.079999999999998
2022,2022-11-05,Barclays Premier League,Everton,Leicester City,64.01,68.4,0.3789,0.2655,0.3556,1.3,1.25,0.0,2.0,0,4.390000000000001
2022,2022-11-06,Barclays Premier League,Southampton,Newcastle,62.85,79.29,0.2464,0.2443,0.5093,1.06,1.64,1.0,4.0,0,16.440000000000005
2022,2022-11-06,Barclays Premier League,Chelsea,Arsenal,82.62,84.05,0.4344,0.2535,0.3121,1.49,1.22,0.0,1.0,0,1.4299999999999926
2022,2022-11-06,Barclays Premier League,West Ham United,Crystal Palace,76.21,68.18,0.5112,0.2683,0.2205,1.43,0.84,1.0,2.0,0,8.029999999999987
2022,2022-11-06,Barclays Premier League,Aston Villa,Manchester United,69.99,80.66,0.2687,0.2422,0.4891,1.16,1.65,3.0,1.0,0,10.670000000000002
2022,2022-11-06,Barclays Premier League,Tottenham Hotspur,Liverpool,79.77,86.94,0.3319,0.2195,0.4487,1.61,1.89,1.0,2.0,0,7.170000000000002
2022,2022-11-12,Barclays Premier League,West Ham United,Leicester City,74.69,69.06,0.4753,0.2582,0.2665,1.49,1.05,0.0,2.0,0,5.6299999999999955
2022,2022-11-12,Barclays Premier League,AFC Bournemouth,Everton,54.63,63.09,0.3551,0.2734,0.3715,1.2,1.23,3.0,0.0,0,8.46
2022,2022-11-12,Barclays Premier League,Nottingham Forest,Crystal Palace,54.44,69.87,0.3108,0.2717,0.4175,1.1,1.32,1.0,0.0,0,15.430000000000007
2022,2022-11-12,Barclays Premier League,Newcastle,Chelsea,79.02,81.49,0.4123,0.2538,0.3339,1.45,1.28,1.0,0.0,0,2.469999999999999
2022,2022-11-12,Barclays Premier League,Tottenham Hotspur,Leeds United,80.05,64.67,0.6551,0.1892,0.1557,2.24,1.0,4.0,3.0,0,15.379999999999995
2022,2022-11-12,Barclays Premier League,Manchester City,Brentford,92.5,65.97,0.8472,0.1074,0.0455,2.87,0.54,1.0,2.0,0,26.53
2022,2022-11-12,Barclays Premier League,Liverpool,Southampton,86.76,62.91,0.7748,0.1426,0.0827,2.61,0.74,3.0,1.0,0,23.85000000000001
2022,2022-11-12,Barclays Premier League,Wolverhampton,Arsenal,63.49,85.27,0.1739,0.2322,0.5939,0.82,1.74,0.0,2.0,0,21.779999999999994
2022,2022-11-13,Barclays Premier League,Brighton and Hove Albion,Aston Villa,79.21,71.02,0.5681,0.2344,0.1975,1.74,0.92,1.0,2.0,0,8.189999999999998
2022,2022-11-13,Barclays Premier League,Fulham,Manchester United,62.38,79.85,0.2212,0.2166,0.5622,1.16,1.97,1.0,2.0,0,17.46999999999999
