season,match_date,league,home_team,away_team,home_team_spi,away_team_spi,home_win_prob,draw_prob,away_win_prob,home_expected_goals,away_expected_goals,home_goals,away_goals,actual_draw,spi_gap
2016,2016-08-13,Barclays Premier League,Hull City,Leicester City,53.57,66.81,0.3459,0.2921,0.3621,1.16,1.24,2.0,1.0,0,13.240000000000002
2016,2016-08-13,Barclays Premier League,Middlesbrough,Stoke City,56.32,60.35,0.438,0.2927,0.2692,1.3,1.01,1.0,1.0,1,4.030000000000001
2016,2016-08-13,Barclays Premier League,Burnley,Swansea City,58.98,59.74,0.4482,0.2854,0.2663,1.37,1.05,0.0,1.0,0,0.7600000000000051
2016,2016-08-13,Barclays Premier League,Southampton,Watford,69.49,59.33,0.5759,0.2367,0.1874,1.91,1.05,1.0,1.0,1,10.159999999999997
2016,2016-08-13,Barclays Premier League,Crystal Palace,West Bromwich Albion,55.19,58.66,0.4214,0.2847,0.2939,1.35,1.14,0.0,1.0,0,3.469999999999999
2016,2016-08-13,Barclays Premier League,Everton,Tottenham Hotspur,68.02,73.25,0.391,0.2689,0.3401,1.47,1.38,1.0,1.0,1,5.230000000000004
2016,2016-08-13,Barclays Premier League,Manchester City,Sunderland,86.42,53.64,0.8152,0.1323,0.0525,2.69,0.48,2.0,1.0,0,32.78
2016,2016-08-14,Barclays Premier League,AFC Bournemouth,Manchester United,61.57,80.49,0.2111,0.2428,0.5461,1.15,1.78,1.0,3.0,0,18.919999999999995
2016,2016-08-14,Barclays Premier League,Arsenal,Liverpool,82.55,77.44,0.5551,0.2334,0.2115,1.91,1.21,3.0,4.0,0,5.109999999999999
2016,2016-08-15,Barclays Premier League,Chelsea,West Ham United,80.7,63.27,0.6908,0.1915,0.1177,2.23,0.91,2.0,1.0,0,17.43
2016,2016-08-19,Barclays Premier League,Manchester United,Southampton,81.05,69.22,0.6197,0.2309,0.1494,1.85,0.87,2.0,0.0,0,11.829999999999998
2016,2016-08-20,Barclays Premier League,Leicester City,Arsenal,66.93,81.57,0.2505,0.2439,0.5056,1.31,1.78,0.0,0.0,1,14.639999999999986
2016,2016-08-20,Barclays Premier League,Watford,Chelsea,59.57,80.51,0.1955,0.2262,0.5783,1.2,1.98,1.0,2.0,0,20.940000000000005
2016,2016-08-20,Barclays Premier League,West Bromwich Albion,Everton,59.64,67.51,0.3696,0.2814,0.3491,1.31,1.3,1.0,2.0,0,7.8700000000000045
2016,2016-08-20,Barclays Premier League,Burnley,Liverpool,57.85,78.87,0.2079,0.2402,0.552,1.12,1.79,2.0,0.0,0,21.020000000000003
2016,2016-08-20,Barclays Premier League,Swansea City,Hull City,60.87,53.47,0.4993,0.2836,0.2171,1.41,0.86,0.0,2.0,0,7.399999999999999
2016,2016-08-20,Barclays Premier League,Stoke City,Manchester City,60.42,85.71,0.1278,0.2002,0.672,0.99,1.98,1.0,4.0,0,25.289999999999992
2016,2016-08-20,Barclays Premier League,Tottenham Hotspur,Crystal Palace,73.64,54.21,0.6638,0.2172,0.119,1.94,0.71,1.0,0.0,0,19.43
2016,2016-08-21,Barclays Premier League,Sunderland,Middlesbrough,54.83,56.24,0.4393,0.2885,0.2722,1.34,1.04,1.0,2.0,0,1.4100000000000037
2016,2016-08-21,Barclays Premier League,West Ham United,AFC Bournemouth,63.46,60.82,0.4867,0.2564,0.2569,1.71,1.23,1.0,0.0,0,2.6400000000000006
2016,2016-08-27,Barclays Premier League,Hull City,Manchester United,54.79,81.23,0.175,0.2498,0.5752,0.89,1.64,0.0,1.0,0,26.440000000000005
2016,2016-08-27,Barclays Premier League,Chelsea,Burnley,80.86,58.66,0.7139,0.1947,0.0914,2.04,0.63,3.0,0.0,0,22.200000000000003
2016,2016-08-27,Barclays Premier League,Everton,Stoke City,68.06,59.86,0.547,0.2575,0.1954,1.66,0.94,1.0,0.0,0,8.200000000000003
2016,2016-08-27,Barclays Premier League,Watford,Arsenal,59.03,81.56,0.1698,0.2169,0.6133,1.15,2.01,1.0,3.0,0,22.53
2016,2016-08-27,Barclays Premier League,Southampton,Sunderland,68.93,54.48,0.5952,0.2439,0.1609,1.75,0.86,1.0,1.0,1,14.45000000000001
2016,2016-08-27,Barclays Premier League,Crystal Palace,AFC Bournemouth,54.06,60.24,0.3985,0.2869,0.3146,1.29,1.19,1.0,1.0,1,6.18
2016,2016-08-27,Barclays Premier League,Tottenham Hotspur,Liverpool,73.71,78.14,0.3967,0.2589,0.3444,1.58,1.46,1.0,1.0,1,4.430000000000007
2016,2016-08-27,Barclays Premier League,Leicester City,Swansea City,66.6,59.55,0.5351,0.2593,0.2056,1.65,0.98,2.0,1.0,0,7.049999999999997
2016,2016-08-28,Barclays Premier League,West Bromwich Albion,Middlesbrough,59.12,56.62,0.4596,0.2833,0.2571,1.39,1.04,0.0,0.0,1,2.5
2016,2016-08-28,Barclays Premier League,Manchester City,West Ham United,86.14,63.98,0.7687,0.1534,0.078,2.57,0.7,3.0,1.0,0,22.160000000000004
2016,2016-09-10,Barclays Premier League,Arsenal,Southampton,81.72,67.78,0.6503,0.2163,0.1334,1.95,0.86,2.0,1.0,0,13.939999999999998
2016,2016-09-10,Barclays Premier League,Liverpool,Leicester City,78.41,67.06,0.6145,0.2218,0.1637,1.97,1.03,4.0,1.0,0,11.349999999999994
2016,2016-09-10,Barclays Premier League,Burnley,Hull City,57.38,53.37,0.4633,0.301,0.2357,1.25,0.83,1.0,1.0,1,4.010000000000005
2016,2016-09-10,Barclays Premier League,Middlesbrough,Crystal Palace,56.65,55.03,0.492,0.2896,0.2184,1.35,0.84,1.0,2.0,0,1.6199999999999974
2016,2016-09-10,Barclays Premier League,AFC Bournemouth,West Bromwich Albion,59.25,59.02,0.4607,0.2735,0.2658,1.5,1.14,1.0,0.0,0,0.22999999999999687
2016,2016-09-10,Barclays Premier League,Manchester United,Manchester City,82.18,86.26,0.3845,0.2612,0.3543,1.53,1.43,1.0,2.0,0,4.079999999999998
2016,2016-09-10,Barclays Premier League,Stoke City,Tottenham Hotspur,59.11,73.33,0.2932,0.2794,0.4274,1.14,1.43,0.0,4.0,0,14.219999999999999
2016,2016-09-10,Barclays Premier League,West Ham United,Watford,63.85,58.86,0.5151,0.2494,0.2355,1.8,1.2,2.0,4.0,0,4.990000000000002
2016,2016-09-11,Barclays Premier League,Swansea City,Chelsea,59.09,81.83,0.171,0.2257,0.6033,1.07,1.89,2.0,2.0,1,22.739999999999995
2016,2016-09-12,Barclays Premier League,Sunderland,Everton,55.71,68.74,0.3385,0.2777,0.3838,1.28,1.4,0.0,3.0,0,13.029999999999994
2016,2016-09-16,Barclays Premier League,Chelsea,Liverpool,81.72,79.28,0.508,0.2388,0.2532,1.88,1.34,1.0,2.0,0,2.4399999999999977
2016,2016-09-17,Barclays Premier League,Hull City,Arsenal,53.8,81.95,0.1705,0.2401,0.5894,0.9,1.74,1.0,4.0,0,28.150000000000006
2016,2016-09-17,Barclays Premier League,Everton,Middlesbrough,70.76,54.92,0.5906,0.2489,0.1605,1.72,0.78,3.0,1.0,0,15.840000000000003
2016,2016-09-17,Barclays Premier League,West Bromwich Albion,West Ham United,58.86,62.06,0.4235,0.2744,0.3021,1.46,1.24,4.0,2.0,0,3.200000000000003
2016,2016-09-17,Barclays Premier League,Manchester City,AFC Bournemouth,87.58,59.4,0.8085,0.1315,0.06,2.8,0.58,4.0,0.0,0,28.18
2016,2016-09-17,Barclays Premier League,Leicester City,Burnley,67.38,56.94,0.5477,0.2623,0.19,1.64,0.84,3.0,0.0,0,10.439999999999998
2016,2016-09-18,Barclays Premier League,Watford,Manchester United,60.75,81.64,0.2007,0.2326,0.5667,1.15,1.94,3.0,1.0,0,20.89
2016,2016-09-18,Barclays Premier League,Southampton,Swansea City,67.66,59.36,0.5339,0.2591,0.2071,1.69,0.96,1.0,0.0,0,8.299999999999997
2016,2016-09-18,Barclays Premier League,Crystal Palace,Stoke City,56.79,57.23,0.4505,0.2872,0.2622,1.36,1.02,4.0,1.0,0,0.4399999999999977
2016,2016-09-18,Barclays Premier League,Tottenham Hotspur,Sunderland,74.38,53.51,0.656,0.2161,0.1278,2.0,0.78,1.0,0.0,0,20.869999999999997
2016,2016-09-24,Barclays Premier League,Swansea City,Manchester City,58.75,88.31,0.0688,0.1397,0.7915,0.98,2.37,1.0,3.0,0,29.560000000000002
2016,2016-09-24,Barclays Premier League,Arsenal,Chelsea,83.19,81.1,0.4983,0.2453,0.2563,1.79,1.3,3.0,0.0,0,2.0900000000000034
2016,2016-09-24,Barclays Premier League,Stoke City,West Bromwich Albion,55.79,59.09,0.4198,0.2804,0.2998,1.4,1.19,1.0,1.0,1,3.3000000000000043
2016,2016-09-24,Barclays Premier League,AFC Bournemouth,Everton,58.1,71.31,0.306,0.269,0.425,1.27,1.54,1.0,0.0,0,13.21
2016,2016-09-24,Barclays Premier League,Liverpool,Hull City,79.92,52.27,0.7404,0.1765,0.0832,2.31,0.55,5.0,1.0,0,27.65
2016,2016-09-24,Barclays Premier League,Sunderland,Crystal Palace,53.32,58.2,0.4314,0.2841,0.2844,1.37,1.12,2.0,3.0,0,4.880000000000003
2016,2016-09-24,Barclays Premier League,Manchester United,Leicester City,80.26,68.73,0.6165,0.2298,0.1536,1.87,0.9,4.0,1.0,0,11.530000000000001
2016,2016-09-24,Barclays Premier League,Middlesbrough,Tottenham Hotspur,54.34,74.49,0.2622,0.2759,0.4619,1.06,1.48,1.0,2.0,0,20.14999999999999
2016,2016-09-25,Barclays Premier League,West Ham United,Southampton,61.9,68.19,0.39,0.2683,0.3417,1.47,1.43,0.0,3.0,0,6.289999999999999
2016,2016-09-26,Barclays Premier League,Burnley,Watford,55.51,62.74,0.3845,0.2766,0.3389,1.37,1.33,2.0,0.0,0,7.230000000000004
2016,2016-09-30,Barclays Premier League,Everton,Crystal Palace,70.91,59.01,0.5911,0.2433,0.1656,1.77,0.88,1.0,1.0,1,11.899999999999999
2016,2016-10-01,Barclays Premier League,Watford,AFC Bournemouth,61.59,58.45,0.4891,0.2573,0.2536,1.71,1.21,2.0,2.0,1,3.1400000000000006
2016,2016-10-01,Barclays Premier League,West Ham United,Middlesbrough,60.07,53.47,0.5018,0.2619,0.2363,1.64,1.1,1.0,1.0,1,6.600000000000001
2016,2016-10-01,Barclays Premier League,Sunderland,West Bromwich Albion,52.52,58.94,0.4174,0.2798,0.3028,1.4,1.22,1.0,1.0,1,6.419999999999995
2016,2016-10-01,Barclays Premier League,Swansea City,Liverpool,58.64,81.61,0.1616,0.2044,0.634,1.21,2.1,1.0,2.0,0,22.97
2016,2016-10-01,Barclays Premier League,Hull City,Chelsea,50.28,79.83,0.1539,0.224,0.6221,0.95,1.87,0.0,2.0,0,29.549999999999997
2016,2016-10-02,Barclays Premier League,Manchester United,Stoke City,81.13,55.95,0.73,0.1823,0.0876,2.33,0.53,1.0,1.0,1,25.179999999999993
2016,2016-10-02,Barclays Premier League,Tottenham Hotspur,Manchester City,76.15,88.4,0.2359,0.2356,0.5285,1.34,1.79,2.0,0.0,0,12.25
2016,2016-10-02,Barclays Premier League,Leicester City,Southampton,67.87,69.83,0.4395,0.2784,0.2821,1.42,1.17,0.0,0.0,1,1.9599999999999937
2016,2016-10-02,Barclays Premier League,Burnley,Arsenal,56.6,84.61,0.1284,0.2088,0.6628,0.88,1.92,0.0,1.0,0,28.009999999999998
2016,2016-10-15,Barclays Premier League,Stoke City,Sunderland,56.52,52.36,0.4744,0.2731,0.2525,1.52,1.09,2.0,0.0,0,4.160000000000004
2016,2016-10-15,Barclays Premier League,Crystal Palace,West Ham United,59.84,59.91,0.4559,0.2636,0.2806,1.62,1.27,0.0,1.0,0,0.06999999999999318
2016,2016-10-15,Barclays Premier League,Arsenal,Swansea City,84.98,58.68,0.7816,0.1513,0.0671,2.56,0.56,3.0,2.0,0,26.300000000000004
2016,2016-10-15,Barclays Premier League,Manchester City,Everton,87.7,70.14,0.7338,0.1713,0.0949,2.29,0.85,1.0,1.0,1,17.560000000000002
2016,2016-10-15,Barclays Premier League,West Bromwich Albion,Tottenham Hotspur,59.09,77.04,0.2427,0.267,0.4903,1.08,1.56,1.0,1.0,1,17.950000000000003
2016,2016-10-15,Barclays Premier League,AFC Bournemouth,Hull City,58.62,48.76,0.5258,0.2703,0.2039,1.54,0.88,6.0,1.0,0,9.86
2016,2016-10-15,Barclays Premier League,Chelsea,Leicester City,80.91,67.21,0.6441,0.2192,0.1367,1.93,0.86,3.0,0.0,0,13.700000000000003
2016,2016-10-16,Barclays Premier League,Middlesbrough,Watford,53.6,61.44,0.3999,0.2769,0.3233,1.4,1.28,0.0,1.0,0,7.839999999999996
2016,2016-10-16,Barclays Premier League,Southampton,Burnley,70.29,55.96,0.5977,0.2598,0.1424,1.57,0.64,3.0,1.0,0,14.330000000000005
2016,2016-10-17,Barclays Premier League,Liverpool,Manchester United,81.6,80.72,0.4737,0.2448,0.2815,1.78,1.41,0.0,0.0,1,0.8799999999999955
2016,2016-10-22,Barclays Premier League,Liverpool,West Bromwich Albion,81.26,59.19,0.7223,0.1801,0.0976,2.37,0.67,2.0,1.0,0,22.070000000000007
2016,2016-10-22,Barclays Premier League,Arsenal,Middlesbrough,85.58,53.15,0.7914,0.1491,0.0595,2.49,0.42,0.0,0.0,1,32.43
2016,2016-10-22,Barclays Premier League,West Ham United,Sunderland,60.58,50.91,0.5369,0.249,0.2142,1.79,1.1,1.0,0.0,0,9.670000000000002
2016,2016-10-22,Barclays Premier League,Burnley,Everton,54.77,69.66,0.2941,0.2863,0.4196,1.09,1.36,2.0,1.0,0,14.889999999999993
2016,2016-10-22,Barclays Premier League,Leicester City,Crystal Palace,65.7,59.15,0.5129,0.2728,0.2144,1.54,0.91,3.0,1.0,0,6.550000000000004
2016,2016-10-22,Barclays Premier League,Swansea City,Watford,60.2,61.85,0.4466,0.2586,0.2948,1.65,1.38,0.0,0.0,1,1.6499999999999986
2016,2016-10-22,Barclays Premier League,Hull City,Stoke City,45.85,57.95,0.3652,0.2889,0.3459,1.22,1.26,0.0,2.0,0,12.100000000000001
2016,2016-10-22,Barclays Premier League,AFC Bournemouth,Tottenham Hotspur,61.54,76.73,0.2779,0.2681,0.454,1.18,1.58,0.0,0.0,1,15.190000000000005
2016,2016-10-23,Barclays Premier League,Manchester City,Southampton,87.29,71.47,0.7119,0.1837,0.1044,2.17,0.86,1.0,1.0,1,15.820000000000007
2016,2016-10-23,Barclays Premier League,Chelsea,Manchester United,82.0,80.66,0.4996,0.2607,0.2397,1.58,1.16,4.0,0.0,0,1.3400000000000034
2016,2016-10-29,Barclays Premier League,Crystal Palace,Liverpool,59.44,80.93,0.1835,0.2227,0.5938,1.17,1.94,2.0,4.0,0,21.49000000000001
2016,2016-10-29,Barclays Premier League,Tottenham Hotspur,Leicester City,76.81,65.5,0.5991,0.248,0.1528,1.69,0.79,1.0,1.0,1,11.310000000000002
2016,2016-10-29,Barclays Premier League,Middlesbrough,AFC Bournemouth,54.4,61.22,0.4137,0.2941,0.2922,1.25,1.07,2.0,0.0,0,6.82
2016,2016-10-29,Barclays Premier League,West Bromwich Albion,Manchester City,59.65,86.91,0.1021,0.1744,0.7235,1.0,2.17,0.0,4.0,0,27.259999999999998
2016,2016-10-29,Barclays Premier League,Manchester United,Burnley,79.31,55.35,0.7153,0.1966,0.0881,2.13,0.48,0.0,0.0,1,23.96
2016,2016-10-29,Barclays Premier League,Watford,Hull City,61.69,44.7,0.5964,0.2416,0.162,1.82,0.84,1.0,0.0,0,16.989999999999995
2016,2016-10-29,Barclays Premier League,Sunderland,Arsenal,50.59,84.67,0.088,0.1638,0.7482,0.94,2.27,1.0,4.0,0,34.08
2016,2016-10-30,Barclays Premier League,Everton,West Ham United,69.14,60.89,0.5554,0.2461,0.1985,1.8,1.04,2.0,0.0,0,8.25
2016,2016-10-30,Barclays Premier League,Southampton,Chelsea,71.92,83.43,0.2835,0.2658,0.4507,1.25,1.52,0.0,2.0,0,11.510000000000005
2016,2016-10-31,Barclays Premier League,Stoke City,Swansea City,59.12,60.29,0.4453,0.2749,0.2799,1.48,1.17,3.0,1.0,0,1.1700000000000017
2016,2016-11-05,Barclays Premier League,Chelsea,Everton,84.17,69.71,0.6702,0.2077,0.1221,2.0,0.84,5.0,0.0,0,14.460000000000008
2016,2016-11-05,Barclays Premier League,West Ham United,Stoke City,60.24,60.34,0.4635,0.2663,0.2702,1.57,1.22,1.0,1.0,1,0.10000000000000142
2016,2016-11-05,Barclays Premier League,Burnley,Crystal Palace,55.21,59.04,0.4177,0.2876,0.2947,1.32,1.12,3.0,2.0,0,3.8299999999999983
2016,2016-11-05,Barclays Premier League,AFC Bournemouth,Sunderland,60.66,49.65,0.543,0.2558,0.2013,1.71,0.97,1.0,2.0,0,11.009999999999998
2016,2016-11-05,Barclays Premier League,Manchester City,Middlesbrough,88.27,54.97,0.8142,0.1361,0.0497,2.55,0.37,1.0,1.0,1,33.3
2016,2016-11-06,Barclays Premier League,Arsenal,Tottenham Hotspur,85.54,75.3,0.6239,0.2244,0.1517,1.87,0.94,1.0,1.0,1,10.240000000000009
2016,2016-11-06,Barclays Premier League,Liverpool,Watford,81.35,62.1,0.713,0.1784,0.1086,2.34,0.93,6.0,1.0,0,19.249999999999993
2016,2016-11-06,Barclays Premier League,Hull City,Southampton,44.3,70.81,0.2393,0.2783,0.4825,0.9,1.54,2.0,1.0,0,26.510000000000005
2016,2016-11-06,Barclays Premier League,Swansea City,Manchester United,59.08,79.39,0.2158,0.2462,0.5381,1.11,1.79,1.0,3.0,0,20.310000000000002
2016,2016-11-06,Barclays Premier League,Leicester City,West Bromwich Albion,65.67,58.1,0.5196,0.2693,0.2111,1.58,0.9,1.0,2.0,0,7.57
2016,2016-11-19,Barclays Premier League,Crystal Palace,Manchester City,59.07,87.88,0.0759,0.1442,0.78,1.03,2.41,1.0,2.0,0,28.809999999999995
2016,2016-11-19,Barclays Premier League,Tottenham Hotspur,West Ham United,75.98,59.61,0.6484,0.2267,0.1249,1.87,0.73,3.0,2.0,0,16.370000000000005
2016,2016-11-19,Barclays Premier League,Watford,Leicester City,60.26,64.41,0.4124,0.2749,0.3127,1.44,1.28,2.0,1.0,0,4.149999999999999
2016,2016-11-19,Barclays Premier League,Everton,Swansea City,67.31,58.26,0.5585,0.2478,0.1937,1.78,1.0,1.0,1.0,1,9.050000000000004
2016,2016-11-19,Barclays Premier League,Manchester United,Arsenal,80.0,84.92,0.3734,0.2608,0.3657,1.52,1.46,1.0,1.0,1,4.920000000000002
2016,2016-11-19,Barclays Premier League,Stoke City,AFC Bournemouth,60.92,60.28,0.4648,0.271,0.2642,1.53,1.15,0.0,1.0,0,0.6400000000000006
2016,2016-11-19,Barclays Premier League,Sunderland,Hull City,50.04,44.95,0.5026,0.2742,0.2232,1.52,0.95,3.0,0.0,0,5.089999999999996
2016,2016-11-19,Barclays Premier League,Southampton,Liverpool,70.26,82.88,0.2692,0.2458,0.485,1.38,1.72,0.0,0.0,1,12.61999999999999
2016,2016-11-20,Barclays Premier League,Middlesbrough,Chelsea,55.64,85.9,0.1203,0.209,0.6708,0.84,1.86,0.0,1.0,0,30.260000000000005
2016,2016-11-21,Barclays Premier League,West Bromwich Albion,Burnley,59.41,55.17,0.4969,0.2775,0.2256,1.47,0.94,4.0,0.0,0,4.239999999999995
2016,2016-11-26,Barclays Premier League,Chelsea,Tottenham Hotspur,86.29,75.06,0.645,0.2228,0.1322,1.84,0.84,2.0,1.0,0,11.230000000000004
2016,2016-11-26,Barclays Premier League,Swansea City,Crystal Palace,58.79,59.18,0.4556,0.2654,0.279,1.59,1.25,5.0,4.0,0,0.39000000000000057
2016,2016-11-26,Barclays Premier League,Leicester City,Middlesbrough,63.63,54.86,0.502,0.2872,0.2108,1.4,0.8,2.0,2.0,1,8.770000000000003
2016,2016-11-26,Barclays Premier League,Liverpool,Sunderland,83.39,50.95,0.7999,0.1374,0.0627,2.77,0.58,2.0,0.0,0,32.44
2016,2016-11-26,Barclays Premier League,Burnley,Manchester City,53.12,87.72,0.0601,0.1375,0.8024,0.83,2.36,1.0,2.0,0,34.6
2016,2016-11-26,Barclays Premier League,Hull City,West Bromwich Albion,44.06,61.42,0.3238,0.2895,0.3867,1.09,1.36,1.0,1.0,1,17.36
2016,2016-11-27,Barclays Premier League,Watford,Stoke City,60.54,60.33,0.4609,0.2716,0.2675,1.52,1.16,0.0,1.0,0,0.21000000000000085
2016,2016-11-27,Barclays Premier League,Arsenal,AFC Bournemouth,84.45,60.85,0.7524,0.1627,0.0849,2.54,0.66,3.0,1.0,0,23.6
2016,2016-11-27,Barclays Premier League,Southampton,Everton,69.27,66.79,0.4661,0.283,0.251,1.45,0.98,1.0,0.0,0,2.4799999999999898
2016,2016-11-27,Barclays Premier League,Manchester United,West Ham United,80.0,60.37,0.6847,0.2007,0.1145,2.16,0.78,1.0,1.0,1,19.630000000000003
2016,2016-12-03,Barclays Premier League,Stoke City,Burnley,61.21,53.56,0.5254,0.2727,0.2018,1.53,0.86,2.0,0.0,0,7.649999999999999
2016,2016-12-03,Barclays Premier League,West Ham United,Arsenal,61.16,84.21,0.1416,0.191,0.6674,1.21,2.2,1.0,5.0,0,23.049999999999997
2016,2016-12-03,Barclays Premier League,West Bromwich Albion,Watford,61.63,59.6,0.4836,0.2698,0.2466,1.54,1.09,3.0,1.0,0,2.030000000000001
2016,2016-12-03,Barclays Premier League,Manchester City,Chelsea,87.48,86.11,0.4914,0.2485,0.2601,1.73,1.28,1.0,3.0,0,1.3700000000000045
2016,2016-12-03,Barclays Premier League,Crystal Palace,Southampton,58.8,69.86,0.3352,0.2756,0.3892,1.29,1.46,3.0,0.0,0,11.060000000000002
2016,2016-12-03,Barclays Premier League,Tottenham Hotspur,Swansea City,75.27,59.23,0.6472,0.2191,0.1337,1.99,0.84,5.0,0.0,0,16.04
2016,2016-12-03,Barclays Premier League,Sunderland,Leicester City,50.61,63.73,0.3477,0.282,0.3703,1.25,1.36,2.0,1.0,0,13.119999999999997
2016,2016-12-04,Barclays Premier League,AFC Bournemouth,Liverpool,61.36,83.54,0.1533,0.2013,0.6454,1.2,2.1,4.0,3.0,0,22.180000000000007
2016,2016-12-04,Barclays Premier League,Everton,Manchester United,66.16,79.41,0.279,0.2754,0.4456,1.15,1.46,1.0,1.0,1,13.25
2016,2016-12-05,Barclays Premier League,Middlesbrough,Hull City,54.82,43.86,0.5485,0.2781,0.1734,1.46,0.69,1.0,0.0,0,10.96
2016,2016-12-10,Barclays Premier League,Leicester City,Manchester City,60.72,86.39,0.11,0.1804,0.7096,1.04,2.15,4.0,2.0,0,25.67
2016,2016-12-10,Barclays Premier League,Watford,Everton,59.33,66.6,0.3809,0.2763,0.3428,1.37,1.35,3.0,2.0,0,7.269999999999996
2016,2016-12-10,Barclays Premier League,Swansea City,Sunderland,56.34,51.65,0.4898,0.2581,0.2521,1.69,1.23,3.0,0.0,0,4.690000000000005
2016,2016-12-10,Barclays Premier League,Burnley,AFC Bournemouth,53.2,63.65,0.3523,0.2736,0.3741,1.33,1.44,3.0,2.0,0,10.449999999999996
2016,2016-12-10,Barclays Premier League,Hull City,Crystal Palace,43.14,60.65,0.3002,0.2718,0.428,1.22,1.53,3.0,3.0,1,17.509999999999998
2016,2016-12-10,Barclays Premier League,Arsenal,Stoke City,85.46,61.56,0.7568,0.1634,0.0798,2.44,0.6,3.0,1.0,0,23.89999999999999
2016,2016-12-11,Barclays Premier League,Manchester United,Tottenham Hotspur,79.01,78.12,0.4656,0.2793,0.255,1.46,1.05,1.0,0.0,0,0.8900000000000006
2016,2016-12-11,Barclays Premier League,Liverpool,West Ham United,82.14,59.9,0.7453,0.1588,0.0959,2.71,0.86,2.0,2.0,1,22.240000000000002
2016,2016-12-11,Barclays Premier League,Chelsea,West Bromwich Albion,86.69,61.9,0.7776,0.1565,0.0659,2.43,0.51,1.0,0.0,0,24.79
2016,2016-12-11,Barclays Premier League,Southampton,Middlesbrough,68.24,55.54,0.5399,0.2816,0.1785,1.45,0.69,1.0,0.0,0,12.699999999999996
2016,2016-12-13,Barclays Premier League,Everton,Arsenal,65.92,85.11,0.1743,0.2112,0.6144,1.24,2.0,2.0,1.0,0,19.189999999999998
2016,2016-12-13,Barclays Premier League,AFC Bournemouth,Leicester City,62.47,63.24,0.4549,0.2542,0.2909,1.71,1.4,1.0,0.0,0,0.7700000000000031
2016,2016-12-14,Barclays Premier League,Manchester City,Watford,85.04,60.14,0.7818,0.144,0.0742,2.74,0.72,2.0,0.0,0,24.900000000000006
2016,2016-12-14,Barclays Premier League,Tottenham Hotspur,Hull City,77.63,43.95,0.7545,0.1783,0.0671,2.3,0.36,3.0,0.0,0,33.67999999999999
2016,2016-12-14,Barclays Premier League,Stoke City,Southampton,62.19,68.57,0.3852,0.2989,0.3158,1.19,1.11,0.0,0.0,1,6.3799999999999955
2016,2016-12-14,Barclays Premier League,West Bromwich Albion,Swansea City,62.24,58.06,0.4963,0.2623,0.2414,1.66,1.11,3.0,1.0,0,4.18
2016,2016-12-14,Barclays Premier League,West Ham United,Burnley,60.48,54.41,0.521,0.2541,0.2248,1.74,1.11,1.0,0.0,0,6.07
2016,2016-12-14,Barclays Premier League,Sunderland,Chelsea,49.97,86.3,0.0736,0.1577,0.7687,0.83,2.26,0.0,1.0,0,36.33
2016,2016-12-14,Barclays Premier League,Middlesbrough,Liverpool,55.14,81.74,0.1692,0.2268,0.604,1.02,1.82,0.0,3.0,0,26.599999999999994
2016,2016-12-14,Barclays Premier League,Crystal Palace,Manchester United,59.76,79.33,0.2144,0.2409,0.5447,1.18,1.88,1.0,2.0,0,19.57
2016,2016-12-17,Barclays Premier League,West Bromwich Albion,Manchester United,62.74,79.64,0.2434,0.2767,0.4799,1.02,1.46,0.0,2.0,0,16.9
2016,2016-12-17,Barclays Premier League,Crystal Palace,Chelsea,59.3,86.27,0.1037,0.1745,0.7218,1.04,2.28,0.0,1.0,0,26.97
2016,2016-12-17,Barclays Premier League,West Ham United,Hull City,60.78,43.51,0.6003,0.2364,0.1633,1.9,0.88,1.0,0.0,0,17.270000000000003
2016,2016-12-17,Barclays Premier League,Sunderland,Watford,49.82,59.87,0.3806,0.2769,0.3425,1.37,1.35,1.0,0.0,0,10.049999999999997
2016,2016-12-17,Barclays Premier League,Stoke City,Leicester City,61.26,63.64,0.4287,0.2829,0.2884,1.39,1.13,2.0,2.0,1,2.3800000000000026
2016,2016-12-17,Barclays Premier League,Middlesbrough,Swansea City,53.26,57.55,0.436,0.2825,0.2815,1.4,1.12,3.0,0.0,0,4.289999999999999
2016,2016-12-18,Barclays Premier League,Tottenham Hotspur,Burnley,78.01,54.1,0.7138,0.198,0.0882,2.04,0.59,2.0,1.0,0,23.910000000000004
2016,2016-12-18,Barclays Premier League,AFC Bournemouth,Southampton,62.01,69.32,0.3714,0.284,0.3446,1.3,1.29,1.0,3.0,0,7.309999999999995
2016,2016-12-18,Barclays Premier League,Manchester City,Arsenal,85.1,84.33,0.4823,0.234,0.2837,1.92,1.49,2.0,1.0,0,0.769999999999996
2016,2016-12-19,Barclays Premier League,Everton,Liverpool,67.04,83.07,0.2254,0.2309,0.5437,1.33,1.88,0.0,1.0,0,16.029999999999987
2016,2016-12-26,Barclays Premier League,Watford,Crystal Palace,59.24,59.06,0.4597,0.2577,0.2826,1.7,1.33,1.0,1.0,1,0.17999999999999972
2016,2016-12-26,Barclays Premier League,Swansea City,West Ham United,56.09,60.53,0.4211,0.2563,0.3226,1.67,1.53,1.0,4.0,0,4.439999999999998
2016,2016-12-26,Barclays Premier League,Chelsea,AFC Bournemouth,86.26,60.71,0.7867,0.1508,0.0625,2.54,0.53,3.0,0.0,0,25.550000000000004
2016,2016-12-26,Barclays Premier League,Burnley,Middlesbrough,55.14,54.62,0.4254,0.3013,0.2733,1.23,0.95,1.0,0.0,0,0.5200000000000031
2016,2016-12-26,Barclays Premier League,Manchester United,Sunderland,80.36,50.44,0.7464,0.1842,0.0693,2.19,0.38,3.0,1.0,0,29.92
2016,2016-12-26,Barclays Premier League,Arsenal,West Bromwich Albion,83.88,61.69,0.7397,0.1716,0.0887,2.39,0.65,1.0,0.0,0,22.189999999999998
2016,2016-12-26,Barclays Premier League,Leicester City,Everton,63.54,65.91,0.439,0.27,0.291,1.5,1.26,0.0,2.0,0,2.3699999999999974
2016,2016-12-26,Barclays Premier League,Hull City,Manchester City,43.77,85.43,0.0528,0.1296,0.8176,0.79,2.47,0.0,3.0,0,41.660000000000004
2016,2016-12-27,Barclays Premier League,Liverpool,Stoke City,83.73,61.42,0.7354,0.1749,0.0897,2.36,0.63,4.0,1.0,0,22.310000000000002
2016,2016-12-28,Barclays Premier League,Southampton,Tottenham Hotspur,70.49,77.23,0.3688,0.2986,0.3326,1.19,1.14,1.0,4.0,0,6.740000000000009
2016,2016-12-30,Barclays Premier League,Hull City,Everton,42.97,67.22,0.2472,0.2781,0.4747,0.96,1.52,2.0,2.0,1,24.25
2016,2016-12-31,Barclays Premier League,Liverpool,Manchester City,84.12,85.88,0.4176,0.2458,0.3366,1.73,1.54,1.0,0.0,0,1.759999999999991
2016,2016-12-31,Barclays Premier League,Chelsea,Stoke City,86.47,60.92,0.7734,0.1674,0.0593,2.25,0.39,4.0,2.0,0,25.549999999999997
2016,2016-12-31,Barclays Premier League,Southampton,West Bromwich Albion,68.47,61.09,0.5245,0.2803,0.1952,1.46,0.79,1.0,2.0,0,7.3799999999999955
2016,2016-12-31,Barclays Premier League,Manchester United,Middlesbrough,80.39,54.45,0.6999,0.218,0.0821,1.78,0.44,2.0,1.0,0,25.939999999999998
2016,2016-12-31,Barclays Premier League,Burnley,Sunderland,55.3,50.51,0.4777,0.2795,0.2429,1.45,1.0,4.0,1.0,0,4.789999999999999
2016,2016-12-31,Barclays Premier League,Leicester City,West Ham United,62.1,62.48,0.4563,0.2591,0.2846,1.66,1.32,1.0,0.0,0,0.37999999999999545
2016,2016-12-31,Barclays Premier League,Swansea City,AFC Bournemouth,54.05,60.31,0.4049,0.2538,0.3413,1.68,1.63,0.0,3.0,0,6.260000000000005
2016,2017-01-01,Barclays Premier League,Watford,Tottenham Hotspur,58.89,79.12,0.2167,0.2521,0.5312,1.07,1.72,1.0,4.0,0,20.230000000000004
2016,2017-01-01,Barclays Premier League,Arsenal,Crystal Palace,84.22,59.4,0.7769,0.1456,0.0775,2.77,0.75,2.0,0.0,0,24.82
2016,2017-01-02,Barclays Premier League,Middlesbrough,Leicester City,54.25,61.85,0.4065,0.2944,0.2991,1.24,1.09,0.0,0.0,1,7.600000000000001
2016,2017-01-02,Barclays Premier League,West Bromwich Albion,Hull City,62.52,43.41,0.6011,0.2524,0.1466,1.7,0.67,3.0,1.0,0,19.110000000000007
2016,2017-01-02,Barclays Premier League,Everton,Southampton,66.81,67.11,0.4521,0.2874,0.2605,1.36,1.03,3.0,0.0,0,0.29999999999999716
2016,2017-01-02,Barclays Premier League,Manchester City,Burnley,85.57,57.33,0.7931,0.1481,0.0588,2.52,0.47,2.0,1.0,0,28.239999999999995
2016,2017-01-02,Barclays Premier League,Sunderland,Liverpool,48.44,84.07,0.0829,0.1584,0.7588,0.93,2.34,2.0,2.0,1,35.629999999999995
2016,2017-01-02,Barclays Premier League,West Ham United,Manchester United,62.69,80.7,0.2187,0.2493,0.532,1.13,1.73,0.0,2.0,0,18.010000000000005
2016,2017-01-03,Barclays Premier League,AFC Bournemouth,Arsenal,62.1,84.35,0.1508,0.197,0.6522,1.21,2.16,3.0,3.0,1,22.249999999999993
2016,2017-01-03,Barclays Premier League,Stoke City,Watford,61.86,57.53,0.5072,0.2626,0.2302,1.63,1.08,2.0,0.0,0,4.329999999999998
2016,2017-01-03,Barclays Premier League,Crystal Palace,Swansea City,59.05,52.18,0.5192,0.2433,0.2375,1.96,1.27,1.0,2.0,0,6.869999999999997
2016,2017-01-04,Barclays Premier League,Tottenham Hotspur,Chelsea,80.23,86.13,0.342,0.275,0.383,1.34,1.37,2.0,0.0,0,5.8999999999999915
2016,2017-01-14,Barclays Premier League,Leicester City,Chelsea,62.13,85.52,0.1446,0.2189,0.6365,0.97,1.87,0.0,3.0,0,23.389999999999993
2016,2017-01-14,Barclays Premier League,West Ham United,Crystal Palace,61.43,57.49,0.5014,0.2547,0.2438,1.74,1.2,3.0,0.0,0,3.9399999999999977
2016,2017-01-14,Barclays Premier League,Hull City,AFC Bournemouth,43.82,63.06,0.2907,0.2646,0.4448,1.24,1.65,3.0,1.0,0,19.240000000000002
2016,2017-01-14,Barclays Premier League,Burnley,Southampton,58.81,65.41,0.3827,0.292,0.3253,1.24,1.17,1.0,0.0,0,6.599999999999994
2016,2017-01-14,Barclays Premier League,Watford,Middlesbrough,56.6,53.91,0.4509,0.2939,0.2552,1.31,0.94,0.0,0.0,1,2.690000000000005
2016,2017-01-14,Barclays Premier League,Tottenham Hotspur,West Bromwich Albion,80.84,62.11,0.6849,0.2103,0.1047,1.93,0.67,4.0,0.0,0,18.730000000000004
2016,2017-01-14,Barclays Premier League,Swansea City,Arsenal,53.79,83.85,0.094,0.1533,0.7527,1.16,2.57,0.0,4.0,0,30.059999999999995
2016,2017-01-14,Barclays Premier League,Sunderland,Stoke City,49.66,62.75,0.3505,0.2801,0.3695,1.28,1.39,1.0,3.0,0,13.090000000000003
2016,2017-01-15,Barclays Premier League,Everton,Manchester City,68.57,84.63,0.2179,0.2463,0.5358,1.16,1.71,4.0,0.0,0,16.060000000000002
2016,2017-01-15,Barclays Premier League,Manchester United,Liverpool,81.54,83.32,0.4366,0.2635,0.2999,1.58,1.29,1.0,1.0,1,1.779999999999987
2016,2017-01-21,Barclays Premier League,Liverpool,Swansea City,83.48,52.3,0.8041,0.1328,0.063,2.97,0.63,2.0,3.0,0,31.180000000000007
2016,2017-01-21,Barclays Premier League,West Bromwich Albion,Sunderland,60.16,48.48,0.5438,0.2603,0.1959,1.67,0.92,2.0,0.0,0,11.68
2016,2017-01-21,Barclays Premier League,Stoke City,Manchester United,63.89,81.26,0.2306,0.265,0.5044,1.05,1.57,1.0,1.0,1,17.370000000000005
2016,2017-01-21,Barclays Premier League,Crystal Palace,Everton,56.32,70.55,0.3026,0.2669,0.4305,1.27,1.59,0.0,1.0,0,14.229999999999997
2016,2017-01-21,Barclays Premier League,Middlesbrough,West Ham United,54.02,62.55,0.4006,0.302,0.2974,1.16,1.04,1.0,3.0,0,8.529999999999994
2016,2017-01-21,Barclays Premier League,Manchester City,Tottenham Hotspur,83.25,82.3,0.4706,0.2625,0.2669,1.6,1.2,2.0,2.0,1,0.9500000000000028
2016,2017-01-21,Barclays Premier League,AFC Bournemouth,Watford,61.52,56.46,0.518,0.2506,0.2315,1.77,1.18,2.0,2.0,1,5.060000000000002
2016,2017-01-22,Barclays Premier League,Southampton,Leicester City,65.35,60.74,0.5064,0.2787,0.215,1.46,0.9,3.0,0.0,0,4.609999999999992
2016,2017-01-22,Barclays Premier League,Arsenal,Burnley,84.75,58.83,0.7779,0.1519,0.0702,2.54,0.59,2.0,1.0,0,25.92
2016,2017-01-22,Barclays Premier League,Chelsea,Hull City,86.28,45.35,0.8436,0.1214,0.035,2.74,0.25,2.0,0.0,0,40.93
2016,2017-01-31,Barclays Premier League,Liverpool,Chelsea,81.57,85.85,0.3637,0.264,0.3722,1.46,1.46,1.0,1.0,1,4.280000000000001
2016,2017-01-31,Barclays Premier League,Arsenal,Watford,84.32,56.87,0.7902,0.1424,0.0675,2.7,0.62,1.0,2.0,0,27.449999999999996
2016,2017-01-31,Barclays Premier League,Swansea City,Southampton,55.29,67.0,0.3367,0.2749,0.3884,1.31,1.5,2.0,1.0,0,11.71
2016,2017-01-31,Barclays Premier League,Middlesbrough,West Bromwich Albion,52.68,60.74,0.4014,0.3106,0.2879,1.1,0.95,1.0,1.0,1,8.060000000000002
2016,2017-01-31,Barclays Premier League,Burnley,Leicester City,59.59,58.99,0.4631,0.2767,0.2602,1.47,1.09,1.0,0.0,0,0.6000000000000014
2016,2017-01-31,Barclays Premier League,Sunderland,Tottenham Hotspur,47.87,82.0,0.1089,0.1892,0.702,0.91,2.16,0.0,0.0,1,34.13
2016,2017-01-31,Barclays Premier League,AFC Bournemouth,Crystal Palace,61.11,55.67,0.5224,0.2461,0.2315,1.84,1.23,0.0,2.0,0,5.439999999999998
2016,2017-02-01,Barclays Premier League,West Ham United,Manchester City,64.0,83.71,0.1786,0.2176,0.6038,1.21,1.99,0.0,4.0,0,19.709999999999994
2016,2017-02-01,Barclays Premier League,Stoke City,Everton,63.01,71.06,0.3606,0.2821,0.3573,1.29,1.31,1.0,1.0,1,8.050000000000004
2016,2017-02-01,Barclays Premier League,Manchester United,Hull City,81.87,45.97,0.7917,0.1565,0.0518,2.43,0.31,0.0,0.0,1,35.900000000000006
2016,2017-02-04,Barclays Premier League,Tottenham Hotspur,Middlesbrough,81.78,52.47,0.7366,0.1943,0.069,2.04,0.32,1.0,0.0,0,29.310000000000002
2016,2017-02-04,Barclays Premier League,Everton,AFC Bournemouth,70.65,59.13,0.5912,0.2349,0.1739,1.91,0.99,6.0,3.0,0,11.520000000000003
2016,2017-02-04,Barclays Premier League,West Bromwich Albion,Stoke City,60.96,63.43,0.4301,0.2853,0.2847,1.36,1.11,1.0,0.0,0,2.469999999999999
2016,2017-02-04,Barclays Premier League,Hull City,Liverpool,46.87,81.75,0.1021,0.1781,0.7198,0.93,2.2,2.0,0.0,0,34.88
2016,2017-02-04,Barclays Premier League,Southampton,West Ham United,66.49,61.89,0.5116,0.2681,0.2203,1.57,1.0,1.0,3.0,0,4.599999999999994
2016,2017-02-04,Barclays Premier League,Watford,Burnley,58.77,60.65,0.4376,0.2785,0.284,1.43,1.16,2.0,1.0,0,1.8799999999999955
2016,2017-02-04,Barclays Premier League,Chelsea,Arsenal,85.58,83.05,0.5259,0.2468,0.2273,1.76,1.16,3.0,1.0,0,2.530000000000001
2016,2017-02-04,Barclays Premier League,Crystal Palace,Sunderland,57.63,47.94,0.5269,0.2618,0.2113,1.65,0.98,0.0,4.0,0,9.690000000000005
2016,2017-02-05,Barclays Premier League,Manchester City,Swansea City,85.09,55.86,0.8052,0.1331,0.0618,2.9,0.63,2.0,1.0,0,29.230000000000004
2016,2017-02-05,Barclays Premier League,Leicester City,Manchester United,57.91,81.17,0.1783,0.2508,0.5709,0.91,1.67,0.0,3.0,0,23.260000000000005
2016,2017-02-11,Barclays Premier League,Middlesbrough,Everton,52.7,70.75,0.2963,0.2915,0.4121,1.03,1.31,0.0,0.0,1,18.049999999999997
2016,2017-02-11,Barclays Premier League,Liverpool,Tottenham Hotspur,80.38,81.58,0.4306,0.2626,0.3068,1.57,1.34,2.0,0.0,0,1.2000000000000028
2016,2017-02-11,Barclays Premier League,Manchester United,Watford,82.26,59.26,0.7307,0.189,0.0804,2.18,0.49,2.0,0.0,0,23.000000000000007
2016,2017-02-11,Barclays Premier League,Stoke City,Crystal Palace,63.0,55.33,0.5362,0.2575,0.2063,1.69,0.99,1.0,0.0,0,7.670000000000002
2016,2017-02-11,Barclays Premier League,Sunderland,Southampton,50.23,65.3,0.3261,0.2905,0.3834,1.14,1.31,0.0,4.0,0,15.07
2016,2017-02-11,Barclays Premier League,West Ham United,West Bromwich Albion,63.19,61.38,0.4772,0.2692,0.2536,1.55,1.12,2.0,2.0,1,1.8099999999999952
2016,2017-02-11,Barclays Premier League,Arsenal,Hull City,82.75,48.7,0.8028,0.1375,0.0597,2.72,0.52,2.0,0.0,0,34.05
2016,2017-02-12,Barclays Premier League,Burnley,Chelsea,60.17,85.94,0.1286,0.2167,0.6546,0.87,1.84,1.0,1.0,1,25.769999999999996
2016,2017-02-12,Barclays Premier League,Swansea City,Leicester City,55.91,56.34,0.4644,0.2622,0.2734,1.63,1.29,2.0,0.0,0,0.4300000000000068
2016,2017-02-13,Barclays Premier League,AFC Bournemouth,Manchester City,59.26,85.03,0.1165,0.1747,0.7088,1.17,2.38,0.0,2.0,0,25.770000000000003
2016,2017-02-25,Barclays Premier League,Everton,Sunderland,70.58,47.53,0.6657,0.2135,0.1208,2.04,0.75,2.0,0.0,0,23.049999999999997
2016,2017-02-25,Barclays Premier League,Crystal Palace,Middlesbrough,55.03,52.75,0.4437,0.302,0.2543,1.23,0.89,1.0,0.0,0,2.280000000000001
2016,2017-02-25,Barclays Premier League,Chelsea,Swansea City,85.46,56.59,0.7975,0.145,0.0575,2.64,0.48,3.0,1.0,0,28.86999999999999
2016,2017-02-25,Barclays Premier League,West Bromwich Albion,AFC Bournemouth,61.41,58.2,0.4885,0.2601,0.2515,1.69,1.18,2.0,1.0,0,3.2099999999999937
2016,2017-02-25,Barclays Premier League,Hull City,Burnley,48.63,60.89,0.36,0.2917,0.3483,1.19,1.23,1.0,1.0,1,12.259999999999998
2016,2017-02-25,Barclays Premier League,Watford,West Ham United,58.64,63.18,0.4092,0.2667,0.3242,1.53,1.38,1.0,1.0,1,4.539999999999999
2016,2017-02-26,Barclays Premier League,Tottenham Hotspur,Stoke City,80.36,63.26,0.6668,0.221,0.1122,1.85,0.68,4.0,0.0,0,17.1
2016,2017-02-27,Barclays Premier League,Leicester City,Liverpool,55.89,81.56,0.1481,0.2092,0.6427,1.05,2.0,3.0,1.0,0,25.67
2016,2017-03-04,Barclays Premier League,West Bromwich Albion,Crystal Palace,61.14,55.47,0.5132,0.2701,0.2167,1.55,0.95,0.0,2.0,0,5.670000000000002
2016,2017-03-04,Barclays Premier League,Watford,Southampton,58.12,67.77,0.3484,0.2911,0.3606,1.19,1.26,3.0,4.0,0,9.649999999999999
2016,2017-03-04,Barclays Premier League,Liverpool,Arsenal,80.11,82.04,0.4298,0.2354,0.3348,1.89,1.66,3.0,1.0,0,1.9300000000000068
2016,2017-03-04,Barclays Premier League,Stoke City,Middlesbrough,61.73,52.33,0.5077,0.2949,0.1974,1.32,0.71,2.0,0.0,0,9.399999999999999
2016,2017-03-04,Barclays Premier League,Swansea City,Burnley,56.69,60.51,0.4248,0.2694,0.3058,1.51,1.33,3.0,2.0,0,3.8200000000000003
2016,2017-03-04,Barclays Premier League,Leicester City,Hull City,57.95,49.01,0.517,0.2722,0.2108,1.53,0.9,3.0,1.0,0,8.940000000000005
2016,2017-03-04,Barclays Premier League,Manchester United,AFC Bournemouth,82.68,58.48,0.7494,0.1716,0.079,2.45,0.58,1.0,1.0,1,24.20000000000001
2016,2017-03-05,Barclays Premier League,Tottenham Hotspur,Everton,81.56,70.86,0.6123,0.2372,0.1505,1.78,0.85,3.0,2.0,0,10.700000000000003
2016,2017-03-05,Barclays Premier League,Sunderland,Manchester City,47.18,85.75,0.0609,0.1383,0.8008,0.85,2.42,0.0,2.0,0,38.57
2016,2017-03-06,Barclays Premier League,West Ham United,Chelsea,63.66,85.42,0.1544,0.2214,0.6242,1.02,1.89,1.0,2.0,0,21.760000000000005
2016,2017-03-08,Barclays Premier League,Manchester City,Stoke City,86.04,63.38,0.7566,0.1677,0.0756,2.35,0.56,0.0,0.0,1,22.660000000000004
2016,2017-03-11,Barclays Premier League,Everton,West Bromwich Albion,71.32,58.87,0.5936,0.2456,0.1608,1.73,0.83,3.0,0.0,0,12.449999999999996
2016,2017-03-11,Barclays Premier League,Hull City,Swansea City,48.24,57.63,0.3824,0.271,0.3467,1.45,1.41,2.0,1.0,0,9.39
2016,2017-03-11,Barclays Premier League,AFC Bournemouth,West Ham United,59.12,63.49,0.4177,0.2552,0.3272,1.67,1.53,3.0,2.0,0,4.3700000000000045
2016,2017-03-12,Barclays Premier League,Liverpool,Burnley,81.2,59.63,0.7262,0.1766,0.0971,2.4,0.71,2.0,1.0,0,21.57
2016,2017-03-18,Barclays Premier League,West Bromwich Albion,Arsenal,57.34,79.87,0.1799,0.2191,0.601,1.17,1.96,3.0,1.0,0,22.53
2016,2017-03-18,Barclays Premier League,West Ham United,Leicester City,62.25,59.7,0.4896,0.2586,0.2519,1.67,1.2,2.0,3.0,0,2.549999999999997
2016,2017-03-18,Barclays Premier League,Sunderland,Burnley,46.6,60.46,0.3471,0.2865,0.3664,1.2,1.33,0.0,0.0,1,13.86
2016,2017-03-18,Barclays Premier League,Stoke City,Chelsea,64.0,85.5,0.1704,0.2491,0.5806,0.89,1.63,1.0,2.0,0,21.5
2016,2017-03-18,Barclays Premier League,Everton,Hull City,72.68,48.71,0.6775,0.2117,0.1108,1.99,0.68,4.0,0.0,0,23.970000000000006
2016,2017-03-18,Barclays Premier League,Crystal Palace,Watford,57.8,58.21,0.453,0.2706,0.2763,1.53,1.19,1.0,0.0,0,0.4100000000000037
2016,2017-03-18,Barclays Premier League,AFC Bournemouth,Swansea City,60.47,57.15,0.5023,0.2372,0.2604,2.0,1.48,2.0,0.0,0,3.3200000000000003
2016,2017-03-19,Barclays Premier League,Manchester City,Liverpool,84.96,80.54,0.5552,0.2331,0.2117,1.9,1.21,1.0,1.0,1,4.4199999999999875
2016,2017-03-19,Barclays Premier League,Middlesbrough,Manchester United,50.7,82.23,0.1506,0.2618,0.5876,0.67,1.51,1.0,3.0,0,31.53
2016,2017-03-19,Barclays Premier League,Tottenham Hotspur,Southampton,81.32,67.83,0.639,0.2283,0.1327,1.83,0.78,2.0,1.0,0,13.489999999999995
2016,2017-04-01,Barclays Premier League,Southampton,AFC Bournemouth,68.07,61.09,0.54,0.2463,0.2137,1.83,1.12,0.0,0.0,1,6.97999999999999
2016,2017-04-01,Barclays Premier League,Liverpool,Everton,80.87,73.99,0.5686,0.2307,0.2007,1.92,1.18,3.0,1.0,0,6.88000000000001
2016,2017-04-01,Barclays Premier League,Watford,Sunderland,58.0,46.36,0.544,0.2599,0.1961,1.66,0.91,1.0,0.0,0,11.64
2016,2017-04-01,Barclays Premier League,Burnley,Tottenham Hotspur,60.7,81.15,0.2021,0.2551,0.5428,1.0,1.63,0.0,2.0,0,20.450000000000003
2016,2017-04-01,Barclays Premier League,Chelsea,Crystal Palace,85.66,57.99,0.7807,0.1623,0.057,2.32,0.37,1.0,2.0,0,27.669999999999995
2016,2017-04-01,Barclays Premier League,Hull City,West Ham United,47.21,61.64,0.3341,0.2699,0.396,1.33,1.52,2.0,1.0,0,14.43
2016,2017-04-01,Barclays Premier League,Manchester United,West Bromwich Albion,81.95,59.46,0.7198,0.1969,0.0833,1.99,0.56,0.0,0.0,1,22.490000000000002
2016,2017-04-01,Barclays Premier League,Leicester City,Stoke City,60.35,63.8,0.4179,0.2828,0.2994,1.37,1.17,2.0,0.0,0,3.4499999999999957
2016,2017-04-02,Barclays Premier League,Swansea City,Middlesbrough,56.51,51.32,0.484,0.2781,0.2379,1.46,0.99,0.0,0.0,1,5.189999999999998
2016,2017-04-02,Barclays Premier League,Arsenal,Manchester City,78.22,84.76,0.329,0.2422,0.4288,1.6,1.77,2.0,2.0,1,6.540000000000006
2016,2017-04-04,Barclays Premier League,Leicester City,Sunderland,61.03,45.81,0.5779,0.2509,0.1712,1.73,0.83,2.0,0.0,0,15.219999999999999
2016,2017-04-04,Barclays Premier League,Burnley,Stoke City,59.7,63.15,0.4178,0.2934,0.2888,1.28,1.06,1.0,0.0,0,3.4499999999999957
2016,2017-04-04,Barclays Premier League,Watford,West Bromwich Albion,58.57,59.97,0.4399,0.2861,0.274,1.36,1.07,2.0,0.0,0,1.3999999999999986
2016,2017-04-04,Barclays Premier League,Manchester United,Everton,81.43,74.15,0.5707,0.255,0.1744,1.65,0.88,1.0,1.0,1,7.280000000000001
2016,2017-04-05,Barclays Premier League,Chelsea,Manchester City,84.62,84.8,0.4585,0.2665,0.275,1.55,1.2,2.0,1.0,0,0.1799999999999926
2016,2017-04-05,Barclays Premier League,Southampton,Crystal Palace,67.27,59.95,0.5375,0.2649,0.1976,1.59,0.91,3.0,1.0,0,7.319999999999993
2016,2017-04-05,Barclays Premier League,Liverpool,AFC Bournemouth,80.73,61.84,0.7112,0.1749,0.1138,2.46,1.01,2.0,2.0,1,18.89
2016,2017-04-05,Barclays Premier League,Arsenal,West Ham United,78.17,61.41,0.6847,0.1807,0.1346,2.49,1.17,3.0,0.0,0,16.760000000000005
2016,2017-04-05,Barclays Premier League,Swansea City,Tottenham Hotspur,56.01,81.84,0.1469,0.2136,0.6395,1.02,2.02,1.0,3.0,0,25.830000000000005
2016,2017-04-05,Barclays Premier League,Hull City,Middlesbrough,47.44,51.78,0.4072,0.3119,0.2809,1.11,0.91,4.0,2.0,0,4.340000000000003
2016,2017-04-08,Barclays Premier League,Tottenham Hotspur,Watford,82.35,58.78,0.7389,0.1803,0.0808,2.28,0.53,4.0,0.0,0,23.569999999999993
2016,2017-04-08,Barclays Premier League,Manchester City,Hull City,84.87,48.81,0.8208,0.1304,0.0488,2.75,0.42,3.0,1.0,0,36.06
2016,2017-04-08,Barclays Premier League,West Bromwich Albion,Southampton,59.76,68.24,0.3632,0.2943,0.3425,1.19,1.19,0.0,1.0,0,8.479999999999997
2016,2017-04-08,Barclays Premier League,West Ham United,Swansea City,60.11,55.29,0.5119,0.2463,0.2417,1.86,1.27,1.0,0.0,0,4.82
2016,2017-04-08,Barclays Premier League,Middlesbrough,Burnley,50.44,59.59,0.3898,0.3086,0.3015,1.1,1.0,0.0,0.0,1,9.150000000000006
2016,2017-04-08,Barclays Premier League,Stoke City,Liverpool,63.22,80.18,0.2381,0.2491,0.5129,1.21,1.7,1.0,2.0,0,16.960000000000008
2016,2017-04-08,Barclays Premier League,AFC Bournemouth,Chelsea,62.59,84.64,0.1524,0.2087,0.6389,1.12,2.04,1.0,3.0,0,22.049999999999997
2016,2017-04-09,Barclays Premier League,Sunderland,Manchester United,45.28,81.73,0.1091,0.2125,0.6785,0.71,1.88,0.0,3.0,0,36.45
2016,2017-04-09,Barclays Premier League,Everton,Leicester City,73.84,61.57,0.6057,0.2334,0.1609,1.86,0.92,4.0,2.0,0,12.270000000000003
2016,2017-04-10,Barclays Premier League,Crystal Palace,Arsenal,59.03,79.12,0.1982,0.2164,0.5854,1.33,2.06,3.0,0.0,0,20.090000000000003
2016,2017-04-15,Barclays Premier League,Crystal Palace,Leicester City,61.58,60.75,0.4686,0.2652,0.2662,1.59,1.2,2.0,2.0,1,0.8299999999999983
2016,2017-04-15,Barclays Premier League,Watford,Swansea City,57.62,54.99,0.483,0.2644,0.2526,1.63,1.16,1.0,0.0,0,2.6299999999999955
2016,2017-04-15,Barclays Premier League,Southampton,Manchester City,68.32,84.78,0.2159,0.2482,0.5359,1.13,1.68,0.0,3.0,0,16.460000000000008
2016,2017-04-15,Barclays Premier League,Everton,Burnley,74.65,59.94,0.622,0.2349,0.1431,1.8,0.78,3.0,1.0,0,14.710000000000008
2016,2017-04-15,Barclays Premier League,Stoke City,Hull City,63.38,49.0,0.5719,0.256,0.172,1.68,0.82,3.0,1.0,0,14.380000000000003
2016,2017-04-15,Barclays Premier League,Sunderland,West Ham United,44.86,60.4,0.329,0.2794,0.3916,1.21,1.43,2.0,2.0,1,15.54
2016,2017-04-15,Barclays Premier League,Tottenham Hotspur,AFC Bournemouth,83.15,61.75,0.7359,0.1749,0.0891,2.42,0.66,4.0,0.0,0,21.400000000000006
2016,2017-04-16,Barclays Premier League,West Bromwich Albion,Liverpool,59.65,80.05,0.2053,0.2396,0.5551,1.13,1.77,0.0,1.0,0,20.4
2016,2017-04-16,Barclays Premier League,Manchester United,Chelsea,82.04,85.17,0.4029,0.2861,0.311,1.34,1.16,2.0,0.0,0,3.1299999999999955
2016,2017-04-17,Barclays Premier League,Middlesbrough,Arsenal,50.08,77.05,0.186,0.2331,0.5809,1.04,1.82,1.0,2.0,0,26.97
2016,2017-04-22,Barclays Premier League,Swansea City,Stoke City,54.99,63.69,0.3671,0.2837,0.3491,1.28,1.31,2.0,0.0,0,8.699999999999996
2016,2017-04-22,Barclays Premier League,Hull City,Watford,48.69,57.62,0.3972,0.279,0.3238,1.38,1.3,2.0,0.0,0,8.93
2016,2017-04-22,Barclays Premier League,AFC Bournemouth,Middlesbrough,60.25,50.56,0.5278,0.2659,0.2062,1.58,0.92,4.0,0.0,0,9.689999999999998
2016,2017-04-22,Barclays Premier League,West Ham United,Everton,59.79,74.99,0.2709,0.2478,0.4813,1.36,1.79,0.0,0.0,1,15.199999999999996
2016,2017-04-23,Barclays Premier League,Liverpool,Crystal Palace,80.53,61.87,0.7023,0.1846,0.1131,2.29,0.92,1.0,2.0,0,18.660000000000004
2016,2017-04-23,Barclays Premier League,Burnley,Manchester United,59.66,82.74,0.1771,0.2604,0.5625,0.84,1.56,0.0,2.0,0,23.08
2016,2017-04-25,Barclays Premier League,Chelsea,Southampton,84.36,66.67,0.6965,0.2039,0.0996,1.96,0.68,4.0,2.0,0,17.689999999999998
2016,2017-04-26,Barclays Premier League,Arsenal,Leicester City,76.65,61.54,0.658,0.1965,0.1455,2.27,1.11,1.0,0.0,0,15.110000000000007
2016,2017-04-26,Barclays Premier League,Middlesbrough,Sunderland,47.95,45.45,0.473,0.2964,0.2307,1.28,0.83,1.0,0.0,0,2.5
2016,2017-04-26,Barclays Premier League,Crystal Palace,Tottenham Hotspur,63.47,84.14,0.173,0.2292,0.5978,1.07,1.85,0.0,1.0,0,20.67
2016,2017-04-27,Barclays Premier League,Manchester City,Manchester United,85.88,83.39,0.4958,0.2706,0.2335,1.51,1.04,0.0,0.0,1,2.489999999999995
2016,2017-04-29,Barclays Premier League,Southampton,Hull City,66.94,49.42,0.6113,0.2334,0.1554,1.91,0.87,0.0,0.0,1,17.519999999999996
2016,2017-04-29,Barclays Premier League,Crystal Palace,Burnley,62.78,58.68,0.4973,0.2741,0.2286,1.5,0.98,0.0,2.0,0,4.100000000000001
2016,2017-04-29,Barclays Premier League,Stoke City,West Ham United,63.14,60.11,0.4906,0.2718,0.2376,1.53,1.04,0.0,0.0,1,3.030000000000001
2016,2017-04-29,Barclays Premier League,West Bromwich Albion,Leicester City,58.86,61.22,0.4328,0.2914,0.2758,1.3,1.04,0.0,1.0,0,2.3599999999999994
2016,2017-04-29,Barclays Premier League,Sunderland,AFC Bournemouth,45.76,62.97,0.3067,0.269,0.4243,1.25,1.56,0.0,1.0,0,17.21
2016,2017-04-30,Barclays Premier League,Manchester United,Swansea City,82.95,55.57,0.7623,0.1746,0.0631,2.27,0.38,1.0,1.0,1,27.380000000000003
2016,2017-04-30,Barclays Premier League,Middlesbrough,Manchester City,47.67,86.02,0.0759,0.1757,0.7484,0.68,2.01,2.0,2.0,1,38.349999999999994
2016,2017-04-30,Barclays Premier League,Everton,Chelsea,74.52,84.44,0.2917,0.2618,0.4465,1.31,1.56,0.0,3.0,0,9.920000000000002
2016,2017-04-30,Barclays Premier League,Tottenham Hotspur,Arsenal,84.44,76.77,0.6063,0.2224,0.1712,1.98,1.07,2.0,0.0,0,7.670000000000002
2016,2017-05-01,Barclays Premier League,Watford,Liverpool,56.91,79.29,0.1865,0.2276,0.5859,1.13,1.9,0.0,1.0,0,22.38000000000001
2016,2017-05-05,Barclays Premier League,West Ham United,Tottenham Hotspur,60.08,85.12,0.1359,0.2169,0.6472,0.92,1.88,1.0,0.0,0,25.040000000000006
2016,2017-05-06,Barclays Premier League,Swansea City,Everton,57.29,72.66,0.2803,0.2626,0.4571,1.25,1.63,1.0,0.0,0,15.369999999999997
2016,2017-05-06,Barclays Premier League,Burnley,West Bromwich Albion,60.4,58.55,0.4666,0.3006,0.2328,1.26,0.83,2.0,2.0,1,1.8500000000000014
2016,2017-05-06,Barclays Premier League,Hull City,Sunderland,50.07,45.4,0.4979,0.278,0.2241,1.47,0.92,0.0,2.0,0,4.670000000000002
2016,2017-05-06,Barclays Premier League,AFC Bournemouth,Stoke City,63.33,63.12,0.459,0.2714,0.2696,1.52,1.17,2.0,2.0,1,0.21000000000000085
2016,2017-05-06,Barclays Premier League,Manchester City,Crystal Palace,85.35,61.04,0.7702,0.1576,0.0722,2.49,0.59,5.0,0.0,0,24.309999999999995
2016,2017-05-06,Barclays Premier League,Leicester City,Watford,61.5,56.43,0.5066,0.2737,0.2198,1.51,0.94,3.0,0.0,0,5.07
2016,2017-05-07,Barclays Premier League,Liverpool,Southampton,79.5,66.28,0.6337,0.2211,0.1452,1.93,0.91,0.0,0.0,1,13.219999999999999
2016,2017-05-07,Barclays Premier League,Arsenal,Manchester United,75.81,81.82,0.3462,0.2708,0.3831,1.37,1.44,2.0,0.0,0,6.009999999999991
2016,2017-05-08,Barclays Premier League,Chelsea,Middlesbrough,85.75,48.96,0.817,0.14,0.043,2.47,0.27,3.0,0.0,0,36.79
2016,2017-05-10,Barclays Premier League,Southampton,Arsenal,66.29,76.97,0.3204,0.2624,0.4172,1.38,1.54,0.0,2.0,0,10.679999999999993
2016,2017-05-12,Barclays Premier League,West Bromwich Albion,Chelsea,58.64,86.15,0.1202,0.2119,0.6679,0.83,1.84,0.0,1.0,0,27.510000000000005
2016,2017-05-12,Barclays Premier League,Everton,Watford,71.65,55.49,0.6285,0.2336,0.1379,1.82,0.75,1.0,0.0,0,16.160000000000004
2016,2017-05-13,Barclays Premier League,Manchester City,Leicester City,86.44,62.43,0.7725,0.1579,0.0697,2.44,0.55,2.0,1.0,0,24.009999999999998
2016,2017-05-13,Barclays Premier League,AFC Bournemouth,Burnley,62.64,60.35,0.4867,0.2616,0.2517,1.63,1.18,2.0,1.0,0,2.289999999999999
2016,2017-05-13,Barclays Premier League,Middlesbrough,Southampton,48.3,65.16,0.3141,0.3031,0.3829,1.0,1.2,1.0,2.0,0,16.86
2016,2017-05-13,Barclays Premier League,Sunderland,Swansea City,47.4,58.37,0.3736,0.2881,0.3382,1.24,1.24,0.0,2.0,0,10.969999999999999
2016,2017-05-13,Barclays Premier League,Stoke City,Arsenal,63.82,77.93,0.2782,0.2584,0.4634,1.28,1.61,1.0,4.0,0,14.110000000000007
2016,2017-05-14,Barclays Premier League,Crystal Palace,Hull City,59.35,48.01,0.5448,0.2537,0.2015,1.74,0.99,4.0,0.0,0,11.340000000000003
2016,2017-05-14,Barclays Premier League,West Ham United,Liverpool,61.78,79.28,0.2331,0.2515,0.5154,1.17,1.7,0.0,4.0,0,17.5
2016,2017-05-14,Barclays Premier League,Tottenham Hotspur,Manchester United,83.94,80.76,0.4992,0.2904,0.2104,1.37,0.85,2.0,1.0,0,3.1799999999999926
2016,2017-05-15,Barclays Premier League,Chelsea,Watford,86.71,56.16,0.8064,0.1451,0.0485,2.45,0.34,4.0,3.0,0,30.549999999999997
2016,2017-05-16,Barclays Premier League,Arsenal,Sunderland,78.99,46.51,0.7723,0.156,0.0716,2.55,0.53,2.0,0.0,0,32.48
2016,2017-05-16,Barclays Premier League,Manchester City,West Bromwich Albion,85.93,57.63,0.7865,0.1557,0.0579,2.37,0.4,3.0,1.0,0,28.300000000000004
2016,2017-05-17,Barclays Premier League,Southampton,Manchester United,65.03,80.42,0.2548,0.289,0.4562,0.98,1.36,0.0,0.0,1,15.39
2016,2017-05-18,Barclays Premier League,Leicester City,Tottenham Hotspur,63.31,84.39,0.1741,0.2411,0.5848,0.98,1.72,1.0,6.0,0,21.08
2016,2017-05-21,Barclays Premier League,Liverpool,Middlesbrough,81.24,48.46,0.7728,0.164,0.0632,2.36,0.39,3.0,0.0,0,32.779999999999994
2016,2017-05-21,Barclays Premier League,Swansea City,West Bromwich Albion,59.28,57.65,0.469,0.2855,0.2456,1.39,0.97,2.0,1.0,0,1.6300000000000026
2016,2017-05-21,Barclays Premier League,Watford,Manchester City,57.88,85.99,0.1029,0.1793,0.7178,0.96,2.13,0.0,5.0,0,28.109999999999992
2016,2017-05-21,Barclays Premier League,Leicester City,AFC Bournemouth,61.39,62.83,0.4424,0.2576,0.3,1.68,1.39,1.0,1.0,1,1.4399999999999977
2016,2017-05-21,Barclays Premier League,Southampton,Stoke City,65.66,62.71,0.4866,0.2848,0.2287,1.4,0.92,0.0,1.0,0,2.9499999999999957
2016,2017-05-21,Barclays Premier League,Hull City,Tottenham Hotspur,46.14,85.8,0.062,0.1486,0.7893,0.76,2.33,1.0,7.0,0,39.66
2016,2017-05-21,Barclays Premier League,Chelsea,Sunderland,85.9,45.14,0.8429,0.12,0.0371,2.73,0.27,5.0,1.0,0,40.760000000000005
2016,2017-05-21,Barclays Premier League,Manchester United,Crystal Palace,79.8,61.19,0.6816,0.2164,0.102,1.89,0.63,2.0,0.0,0,18.61
2016,2017-05-21,Barclays Premier League,Arsenal,Everton,80.08,71.02,0.595,0.2225,0.1824,1.99,1.14,3.0,1.0,0,9.060000000000002
2016,2017-05-21,Barclays Premier League,Burnley,West Ham United,60.17,59.28,0.4661,0.2777,0.2562,1.46,1.07,1.0,2.0,0,0.8900000000000006
2017,2017-08-11,Barclays Premier League,Arsenal,Leicester City,78.18,61.77,0.643,0.2007,0.1563,2.24,1.01,4.0,3.0,0,16.410000000000004
2017,2017-08-12,Barclays Premier League,Watford,Liverpool,54.25,77.15,0.2193,0.2423,0.5384,1.07,1.81,3.0,3.0,1,22.900000000000006
2017,2017-08-12,Barclays Premier League,West Bromwich Albion,AFC Bournemouth,56.21,58.25,0.4246,0.2735,0.3019,1.44,1.17,1.0,0.0,0,2.039999999999999
2017,2017-08-12,Barclays Premier League,Crystal Palace,Huddersfield Town,59.47,44.57,0.6,0.2393,0.1606,1.79,0.8,0.0,3.0,0,14.899999999999999
2017,2017-08-12,Barclays Premier League,Chelsea,Burnley,82.76,59.76,0.7184,0.1805,0.1011,2.4,0.63,2.0,3.0,0,23.000000000000007
2017,2017-08-12,Barclays Premier League,Southampton,Swansea City,63.35,57.72,0.5044,0.266,0.2296,1.57,0.97,0.0,0.0,1,5.630000000000003
2017,2017-08-12,Barclays Premier League,Everton,Stoke City,67.06,60.8,0.5129,0.2588,0.2283,1.64,1.0,1.0,0.0,0,6.260000000000005
2017,2017-08-12,Barclays Premier League,Brighton and Hove Albion,Manchester City,47.43,84.21,0.1143,0.1871,0.6987,0.8,2.27,0.0,2.0,0,36.779999999999994
2017,2017-08-13,Barclays Premier League,Newcastle,Tottenham Hotspur,52.0,80.29,0.1731,0.2226,0.6044,0.96,1.99,0.0,2.0,0,28.290000000000006
2017,2017-08-13,Barclays Premier League,Manchester United,West Ham United,82.16,60.38,0.7051,0.1957,0.0992,2.19,0.53,4.0,0.0,0,21.779999999999994
2017,2017-08-19,Barclays Premier League,Stoke City,Arsenal,60.68,78.07,0.2681,0.2446,0.4873,1.3,1.82,1.0,0.0,0,17.389999999999993
2017,2017-08-19,Barclays Premier League,Liverpool,Crystal Palace,76.45,56.81,0.6679,0.2,0.1321,2.21,0.87,1.0,0.0,0,19.64
2017,2017-08-19,Barclays Premier League,Southampton,West Ham United,64.07,59.35,0.4937,0.2704,0.2359,1.56,0.99,3.0,2.0,0,4.719999999999992
2017,2017-08-19,Barclays Premier League,Leicester City,Brighton and Hove Albion,62.15,46.4,0.6063,0.2411,0.1526,1.79,0.77,2.0,0.0,0,15.75
2017,2017-08-19,Barclays Premier League,Burnley,West Bromwich Albion,61.62,56.78,0.4893,0.2803,0.2304,1.48,0.92,0.0,1.0,0,4.839999999999996
2017,2017-08-19,Barclays Premier League,Swansea City,Manchester United,56.94,82.92,0.1782,0.2423,0.5796,0.89,1.82,0.0,4.0,0,25.980000000000004
2017,2017-08-19,Barclays Premier League,AFC Bournemouth,Watford,57.66,55.28,0.471,0.2617,0.2673,1.62,1.16,0.0,2.0,0,2.3799999999999955
2017,2017-08-20,Barclays Premier League,Huddersfield Town,Newcastle,47.19,50.91,0.4021,0.2915,0.3064,1.3,1.1,1.0,0.0,0,3.719999999999999
2017,2017-08-20,Barclays Premier League,Tottenham Hotspur,Chelsea,81.03,81.51,0.4481,0.2531,0.2988,1.69,1.34,1.0,2.0,0,0.480000000000004
2017,2017-08-21,Barclays Premier League,Manchester City,Everton,84.84,67.1,0.6746,0.1998,0.1256,2.19,0.82,1.0,1.0,1,17.74000000000001
2017,2017-08-26,Barclays Premier League,Manchester United,Leicester City,84.32,62.94,0.7527,0.1729,0.0744,2.27,0.56,2.0,0.0,0,21.379999999999995
2017,2017-08-26,Barclays Premier League,Crystal Palace,Swansea City,56.61,54.83,0.4617,0.2728,0.2655,1.52,1.09,0.0,2.0,0,1.7800000000000011
2017,2017-08-26,Barclays Premier League,Huddersfield Town,Southampton,47.04,63.96,0.2768,0.2868,0.4364,1.04,1.38,0.0,0.0,1,16.92
2017,2017-08-26,Barclays Premier League,Newcastle,West Ham United,51.16,59.54,0.3593,0.2767,0.364,1.33,1.34,3.0,0.0,0,8.380000000000003
2017,2017-08-26,Barclays Premier League,AFC Bournemouth,Manchester City,55.41,84.47,0.1546,0.2031,0.6423,1.01,2.25,1.0,2.0,0,29.060000000000002
2017,2017-08-26,Barclays Premier League,Watford,Brighton and Hove Albion,57.52,45.65,0.5617,0.2664,0.1719,1.59,0.75,0.0,0.0,1,11.870000000000005
2017,2017-08-27,Barclays Premier League,West Bromwich Albion,Stoke City,57.54,60.7,0.4028,0.3086,0.2886,1.2,0.97,1.0,1.0,1,3.1600000000000037
2017,2017-08-27,Barclays Premier League,Chelsea,Everton,82.05,67.56,0.6274,0.2162,0.1564,2.08,0.93,2.0,0.0,0,14.489999999999995
2017,2017-08-27,Barclays Premier League,Tottenham Hotspur,Burnley,80.4,60.84,0.6729,0.2083,0.1188,2.06,0.73,1.0,1.0,1,19.560000000000002
2017,2017-08-27,Barclays Premier League,Liverpool,Arsenal,76.53,77.97,0.44,0.2386,0.3215,1.85,1.56,4.0,0.0,0,1.4399999999999977
2017,2017-09-09,Barclays Premier League,Stoke City,Manchester United,61.39,84.68,0.1919,0.2593,0.5488,0.87,1.66,2.0,2.0,1,23.290000000000006
2017,2017-09-09,Barclays Premier League,Brighton and Hove Albion,West Bromwich Albion,47.12,56.85,0.3357,0.3255,0.3388,1.0,1.01,3.0,1.0,0,9.730000000000004
2017,2017-09-09,Barclays Premier League,Southampton,Watford,63.2,56.08,0.5149,0.2731,0.212,1.54,0.89,0.0,2.0,0,7.1200000000000045
2017,2017-09-09,Barclays Premier League,Arsenal,AFC Bournemouth,76.02,55.13,0.7223,0.1705,0.1073,2.53,0.88,3.0,0.0,0,20.889999999999993
2017,2017-09-09,Barclays Premier League,Everton,Tottenham Hotspur,67.03,79.94,0.297,0.2697,0.4333,1.21,1.51,0.0,3.0,0,12.909999999999997
2017,2017-09-09,Barclays Premier League,Leicester City,Chelsea,62.37,82.35,0.2283,0.2339,0.5379,1.2,1.95,1.0,2.0,0,19.979999999999997
2017,2017-09-09,Barclays Premier League,Manchester City,Liverpool,84.62,78.47,0.5436,0.2352,0.2212,1.93,1.16,5.0,0.0,0,6.150000000000006
2017,2017-09-10,Barclays Premier League,Burnley,Crystal Palace,61.45,55.37,0.5067,0.2658,0.2276,1.6,0.99,1.0,0.0,0,6.080000000000005
2017,2017-09-10,Barclays Premier League,Swansea City,Newcastle,56.09,53.67,0.4649,0.2831,0.252,1.44,0.98,0.0,1.0,0,2.4200000000000017
2017,2017-09-11,Barclays Premier League,West Ham United,Huddersfield Town,56.97,47.84,0.5392,0.2591,0.2017,1.67,0.91,2.0,0.0,0,9.129999999999995
2017,2017-09-15,Barclays Premier League,AFC Bournemouth,Brighton and Hove Albion,54.27,48.21,0.5031,0.28,0.2168,1.48,0.87,2.0,1.0,0,6.060000000000002
2017,2017-09-16,Barclays Premier League,Liverpool,Burnley,76.9,60.37,0.6339,0.2163,0.1497,2.06,0.88,1.0,1.0,1,16.53000000000001
2017,2017-09-16,Barclays Premier League,Tottenham Hotspur,Swansea City,81.77,55.13,0.7824,0.1578,0.0598,2.36,0.49,0.0,0.0,1,26.639999999999993
2017,2017-09-16,Barclays Premier League,Watford,Manchester City,58.11,86.94,0.1484,0.2122,0.6394,0.9,2.1,0.0,6.0,0,28.83
2017,2017-09-16,Barclays Premier League,Newcastle,Stoke City,54.64,62.46,0.3605,0.2955,0.344,1.2,1.17,2.0,1.0,0,7.82
2017,2017-09-16,Barclays Premier League,West Bromwich Albion,West Ham United,55.69,57.97,0.419,0.2809,0.3002,1.4,1.15,0.0,0.0,1,2.280000000000001
2017,2017-09-16,Barclays Premier League,Huddersfield Town,Leicester City,46.92,62.46,0.2897,0.2827,0.4276,1.1,1.4,1.0,1.0,1,15.54
2017,2017-09-16,Barclays Premier League,Crystal Palace,Southampton,56.47,61.22,0.391,0.293,0.316,1.28,1.12,0.0,1.0,0,4.75
2017,2017-09-17,Barclays Premier League,Chelsea,Arsenal,83.38,77.11,0.5506,0.2204,0.229,2.14,1.33,0.0,0.0,1,6.269999999999996
2017,2017-09-17,Barclays Premier League,Manchester United,Everton,84.49,64.09,0.6978,0.1991,0.1031,2.11,0.66,4.0,0.0,0,20.39999999999999
2017,2017-09-23,Barclays Premier League,Everton,AFC Bournemouth,63.19,54.55,0.537,0.2508,0.2122,1.75,1.01,2.0,1.0,0,8.64
2017,2017-09-23,Barclays Premier League,Swansea City,Watford,55.46,55.51,0.4391,0.2876,0.2733,1.38,1.03,1.0,2.0,0,0.04999999999999716
2017,2017-09-23,Barclays Premier League,Southampton,Manchester United,61.6,85.13,0.1903,0.2517,0.5579,0.9,1.73,0.0,1.0,0,23.529999999999994
2017,2017-09-23,Barclays Premier League,Leicester City,Liverpool,62.12,76.92,0.2882,0.25,0.4617,1.33,1.74,2.0,3.0,0,14.800000000000004
2017,2017-09-23,Barclays Premier League,Stoke City,Chelsea,61.26,82.63,0.2171,0.2432,0.5397,1.08,1.84,0.0,4.0,0,21.369999999999997
2017,2017-09-23,Barclays Premier League,Manchester City,Crystal Palace,88.5,56.07,0.8554,0.1113,0.0333,2.77,0.4,5.0,0.0,0,32.43
2017,2017-09-23,Barclays Premier League,West Ham United,Tottenham Hotspur,58.1,81.4,0.2028,0.2412,0.556,1.02,1.85,2.0,3.0,0,23.300000000000004
2017,2017-09-23,Barclays Premier League,Burnley,Huddersfield Town,60.3,47.25,0.572,0.2651,0.1629,1.6,0.72,0.0,0.0,1,13.049999999999997
2017,2017-09-24,Barclays Premier League,Brighton and Hove Albion,Newcastle,47.92,55.87,0.3562,0.3087,0.3351,1.12,1.08,1.0,0.0,0,7.949999999999996
2017,2017-09-25,Barclays Premier League,Arsenal,West Bromwich Albion,77.63,55.57,0.6835,0.2039,0.1126,2.09,0.71,2.0,0.0,0,22.059999999999995
2017,2017-09-30,Barclays Premier League,Chelsea,Manchester City,84.68,89.65,0.3615,0.2542,0.3843,1.52,1.57,0.0,1.0,0,4.969999999999999
2017,2017-09-30,Barclays Premier League,AFC Bournemouth,Leicester City,54.1,62.17,0.3648,0.2632,0.372,1.45,1.46,0.0,0.0,1,8.07
2017,2017-09-30,Barclays Premier League,West Ham United,Swansea City,58.5,54.6,0.4835,0.2705,0.246,1.55,1.03,1.0,0.0,0,3.8999999999999986
2017,2017-09-30,Barclays Premier League,West Bromwich Albion,Watford,54.88,56.37,0.4213,0.2998,0.2789,1.28,0.98,2.0,2.0,1,1.4899999999999949
2017,2017-09-30,Barclays Premier League,Manchester United,Crystal Palace,86.55,54.33,0.8448,0.1207,0.0345,2.63,0.38,4.0,0.0,0,32.22
2017,2017-09-30,Barclays Premier League,Huddersfield Town,Tottenham Hotspur,47.99,81.97,0.1336,0.2257,0.6407,0.74,1.91,0.0,4.0,0,33.98
2017,2017-09-30,Barclays Premier League,Stoke City,Southampton,59.85,61.68,0.4189,0.2948,0.2864,1.31,1.03,2.0,1.0,0,1.8299999999999983
2017,2017-10-01,Barclays Premier League,Arsenal,Brighton and Hove Albion,78.92,48.08,0.8061,0.1417,0.0522,2.52,0.49,2.0,0.0,0,30.840000000000003
2017,2017-10-01,Barclays Premier League,Everton,Burnley,62.48,59.63,0.471,0.2761,0.2529,1.5,1.02,0.0,1.0,0,2.8499999999999943
2017,2017-10-01,Barclays Premier League,Newcastle,Liverpool,55.73,77.55,0.2278,0.2471,0.5251,1.1,1.79,1.0,1.0,1,21.82
2017,2017-10-14,Barclays Premier League,Watford,Arsenal,56.95,79.1,0.2227,0.2252,0.5521,1.25,2.07,2.0,1.0,0,22.14999999999999
2017,2017-10-14,Barclays Premier League,Swansea City,Huddersfield Town,54.09,46.13,0.5134,0.299,0.1876,1.35,0.7,2.0,0.0,0,7.960000000000001
2017,2017-10-14,Barclays Premier League,Burnley,West Ham United,59.78,59.02,0.4492,0.2828,0.268,1.43,1.04,1.0,1.0,1,0.759999999999998
2017,2017-10-14,Barclays Premier League,Crystal Palace,Chelsea,53.72,83.93,0.1498,0.2108,0.6394,0.92,2.13,2.0,1.0,0,30.210000000000008
2017,2017-10-14,Barclays Premier League,Tottenham Hotspur,AFC Bournemouth,83.28,54.65,0.806,0.1425,0.0515,2.5,0.48,1.0,0.0,0,28.630000000000003
2017,2017-10-14,Barclays Premier League,Manchester City,Stoke City,90.03,60.16,0.8492,0.1146,0.0362,2.76,0.43,7.0,2.0,0,29.870000000000005
2017,2017-10-14,Barclays Premier League,Liverpool,Manchester United,77.8,86.94,0.3102,0.2559,0.4339,1.36,1.64,0.0,0.0,1,9.14
2017,2017-10-15,Barclays Premier League,Brighton and Hove Albion,Everton,47.85,62.31,0.2978,0.2936,0.4087,1.07,1.3,1.0,1.0,1,14.46
2017,2017-10-15,Barclays Premier League,Southampton,Newcastle,61.43,55.36,0.4999,0.2854,0.2146,1.44,0.84,2.0,2.0,1,6.07
2017,2017-10-16,Barclays Premier League,Leicester City,West Bromwich Albion,61.62,54.29,0.5163,0.272,0.2118,1.55,0.89,1.0,1.0,1,7.329999999999998
2017,2017-10-20,Barclays Premier League,West Ham United,Brighton and Hove Albion,59.17,47.98,0.5538,0.27,0.1763,1.56,0.76,0.0,3.0,0,11.190000000000005
2017,2017-10-21,Barclays Premier League,Southampton,West Bromwich Albion,60.97,54.54,0.5021,0.2883,0.2096,1.42,0.81,1.0,0.0,0,6.43
2017,2017-10-21,Barclays Premier League,Newcastle,Crystal Palace,55.86,55.99,0.44,0.2816,0.2784,1.43,1.08,1.0,0.0,0,0.13000000000000256
2017,2017-10-21,Barclays Premier League,Manchester City,Burnley,90.45,59.63,0.8536,0.113,0.0334,2.74,0.39,3.0,0.0,0,30.82
2017,2017-10-21,Barclays Premier League,Huddersfield Town,Manchester United,45.27,86.08,0.0884,0.1954,0.7162,0.57,2.08,2.0,1.0,0,40.809999999999995
2017,2017-10-21,Barclays Premier League,Stoke City,AFC Bournemouth,59.67,54.6,0.4984,0.26,0.2416,1.66,1.08,1.0,2.0,0,5.07
2017,2017-10-21,Barclays Premier League,Swansea City,Leicester City,54.99,61.37,0.3762,0.2901,0.3337,1.27,1.18,1.0,2.0,0,6.3799999999999955
2017,2017-10-21,Barclays Premier League,Chelsea,Watford,82.15,58.23,0.7637,0.1607,0.0756,2.45,0.64,4.0,2.0,0,23.92000000000001
2017,2017-10-22,Barclays Premier League,Everton,Arsenal,62.09,77.9,0.2793,0.2452,0.4754,1.34,1.8,2.0,5.0,0,15.810000000000002
2017,2017-10-22,Barclays Premier League,Tottenham Hotspur,Liverpool,83.42,81.11,0.4903,0.253,0.2566,1.72,1.18,4.0,1.0,0,2.3100000000000023
2017,2017-10-28,Barclays Premier League,AFC Bournemouth,Chelsea,55.19,81.18,0.1876,0.2217,0.5907,1.08,2.07,0.0,1.0,0,25.99000000000001
2017,2017-10-28,Barclays Premier League,Crystal Palace,West Ham United,55.88,56.05,0.4416,0.2749,0.2835,1.48,1.13,2.0,2.0,1,0.1699999999999946
2017,2017-10-28,Barclays Premier League,Watford,Stoke City,59.82,59.07,0.4556,0.258,0.2864,1.65,1.26,0.0,1.0,0,0.75
2017,2017-10-28,Barclays Premier League,West Bromwich Albion,Manchester City,53.6,90.78,0.0899,0.1713,0.7388,0.71,2.4,2.0,3.0,0,37.18
2017,2017-10-28,Barclays Premier League,Arsenal,Swansea City,79.42,53.96,0.7642,0.161,0.0748,2.44,0.63,2.0,1.0,0,25.46
2017,2017-10-28,Barclays Premier League,Liverpool,Huddersfield Town,80.02,48.01,0.8162,0.1399,0.0439,2.46,0.41,3.0,0.0,0,32.01
2017,2017-10-28,Barclays Premier League,Manchester United,Tottenham Hotspur,84.39,84.51,0.4432,0.2717,0.2852,1.51,1.16,1.0,0.0,0,0.12000000000000455
2017,2017-10-29,Barclays Premier League,Brighton and Hove Albion,Southampton,50.99,61.89,0.3287,0.3074,0.364,1.07,1.14,1.0,1.0,1,10.899999999999999
2017,2017-10-29,Barclays Premier League,Leicester City,Everton,62.41,60.41,0.4678,0.2615,0.2707,1.62,1.18,2.0,0.0,0,2.0
2017,2017-10-30,Barclays Premier League,Burnley,Newcastle,58.94,55.98,0.4666,0.2947,0.2387,1.36,0.89,1.0,0.0,0,2.960000000000001
2017,2017-11-04,Barclays Premier League,West Ham United,Liverpool,55.69,81.21,0.1897,0.217,0.5933,1.13,2.14,1.0,4.0,0,25.519999999999996
2017,2017-11-04,Barclays Premier League,Southampton,Burnley,61.2,59.21,0.4567,0.2961,0.2472,1.34,0.91,0.0,1.0,0,1.990000000000002
2017,2017-11-04,Barclays Premier League,Swansea City,Brighton and Hove Albion,54.19,51.7,0.459,0.3049,0.2361,1.29,0.84,0.0,1.0,0,2.489999999999995
2017,2017-11-04,Barclays Premier League,Newcastle,AFC Bournemouth,55.7,54.43,0.4507,0.2915,0.2578,1.37,0.96,0.0,1.0,0,1.2700000000000031
2017,2017-11-04,Barclays Premier League,Huddersfield Town,West Bromwich Albion,46.99,54.83,0.3537,0.3241,0.3222,1.04,0.98,1.0,0.0,0,7.839999999999996
2017,2017-11-04,Barclays Premier League,Stoke City,Leicester City,59.25,63.02,0.4056,0.2713,0.3231,1.46,1.28,2.0,2.0,1,3.770000000000003
2017,2017-11-05,Barclays Premier League,Tottenham Hotspur,Crystal Palace,84.88,56.23,0.8118,0.141,0.0472,2.48,0.44,1.0,0.0,0,28.65
2017,2017-11-05,Barclays Premier League,Manchester City,Arsenal,90.78,78.33,0.667,0.185,0.1481,2.51,1.12,3.0,1.0,0,12.450000000000003
2017,2017-11-05,Barclays Premier League,Chelsea,Manchester United,81.07,84.54,0.3863,0.2648,0.3489,1.48,1.39,1.0,0.0,0,3.470000000000013
2017,2017-11-05,Barclays Premier League,Everton,Watford,59.07,59.62,0.4398,0.268,0.2922,1.54,1.21,3.0,2.0,0,0.5499999999999972
2017,2017-11-18,Barclays Premier League,Liverpool,Southampton,81.77,60.58,0.6894,0.1983,0.1124,2.15,0.74,3.0,0.0,0,21.189999999999998
2017,2017-11-18,Barclays Premier League,Burnley,Swansea City,59.79,53.54,0.4973,0.2971,0.2057,1.36,0.77,2.0,0.0,0,6.25
2017,2017-11-18,Barclays Premier League,Manchester United,Newcastle,83.93,54.28,0.8095,0.1521,0.0385,2.25,0.31,4.0,1.0,0,29.650000000000006
2017,2017-11-18,Barclays Premier League,West Bromwich Albion,Chelsea,54.66,81.62,0.1806,0.2412,0.5782,0.91,1.83,0.0,4.0,0,26.960000000000008
2017,2017-11-18,Barclays Premier League,Crystal Palace,Everton,56.99,59.41,0.4198,0.273,0.3073,1.47,1.22,2.0,2.0,1,2.4199999999999946
2017,2017-11-18,Barclays Premier League,AFC Bournemouth,Huddersfield Town,55.89,47.23,0.5231,0.2913,0.1857,1.41,0.72,4.0,0.0,0,8.660000000000004
2017,2017-11-18,Barclays Premier League,Arsenal,Tottenham Hotspur,78.05,84.3,0.3497,0.259,0.3913,1.45,1.54,2.0,0.0,0,6.25
2017,2017-11-18,Barclays Premier League,Leicester City,Manchester City,63.07,90.88,0.1343,0.1837,0.6819,1.01,2.47,0.0,2.0,0,27.809999999999995
2017,2017-11-19,Barclays Premier League,Watford,West Ham United,59.31,54.97,0.4937,0.2517,0.2547,1.74,1.19,2.0,0.0,0,4.340000000000003
2017,2017-11-20,Barclays Premier League,Brighton and Hove Albion,Stoke City,52.36,59.22,0.3703,0.2933,0.3364,1.24,1.17,2.0,2.0,1,6.859999999999999
2017,2017-11-24,Barclays Premier League,West Ham United,Leicester City,54.45,61.92,0.3688,0.2731,0.3581,1.37,1.35,1.0,1.0,1,7.469999999999999
2017,2017-11-25,Barclays Premier League,Swansea City,AFC Bournemouth,52.37,57.02,0.3918,0.2947,0.3135,1.27,1.1,0.0,0.0,1,4.650000000000006
2017,2017-11-25,Barclays Premier League,Manchester United,Brighton and Hove Albion,83.67,52.02,0.8228,0.1432,0.034,2.31,0.3,1.0,0.0,0,31.65
2017,2017-11-25,Barclays Premier League,Crystal Palace,Stoke City,57.19,59.56,0.4215,0.268,0.3105,1.51,1.26,2.0,1.0,0,2.3700000000000045
2017,2017-11-25,Barclays Premier League,Newcastle,Watford,54.47,59.81,0.3888,0.2795,0.3317,1.37,1.24,0.0,3.0,0,5.340000000000003
2017,2017-11-25,Barclays Premier League,Liverpool,Chelsea,82.48,84.01,0.4251,0.2425,0.3324,1.78,1.55,1.0,1.0,1,1.5300000000000011
2017,2017-11-25,Barclays Premier League,Tottenham Hotspur,West Bromwich Albion,83.88,52.93,0.8178,0.1479,0.0343,2.26,0.29,1.0,1.0,1,30.949999999999996
2017,2017-11-26,Barclays Premier League,Southampton,Everton,59.69,57.44,0.4673,0.2718,0.2608,1.53,1.08,4.0,1.0,0,2.25
2017,2017-11-26,Barclays Premier League,Burnley,Arsenal,60.94,79.26,0.2548,0.2633,0.4819,1.11,1.62,0.0,1.0,0,18.320000000000007
2017,2017-11-26,Barclays Premier League,Huddersfield Town,Manchester City,46.05,90.79,0.0605,0.14,0.7995,0.6,2.64,1.0,2.0,0,44.74000000000001
2017,2017-11-28,Barclays Premier League,West Bromwich Albion,Newcastle,53.94,52.42,0.4498,0.3011,0.2491,1.3,0.89,2.0,2.0,1,1.519999999999996
2017,2017-11-28,Barclays Premier League,Watford,Manchester United,61.87,83.06,0.2119,0.2419,0.5462,1.06,1.85,2.0,4.0,0,21.190000000000005
2017,2017-11-28,Barclays Premier League,Leicester City,Tottenham Hotspur,61.65,83.21,0.2104,0.2544,0.5352,0.98,1.71,2.0,1.0,0,21.559999999999995
2017,2017-11-28,Barclays Premier League,Brighton and Hove Albion,Crystal Palace,52.86,57.74,0.3881,0.3002,0.3117,1.23,1.07,0.0,0.0,1,4.880000000000003
2017,2017-11-29,Barclays Premier League,Arsenal,Huddersfield Town,80.11,46.69,0.8266,0.1354,0.038,2.45,0.36,5.0,0.0,0,33.42
2017,2017-11-29,Barclays Premier League,Chelsea,Swansea City,84.0,52.24,0.8256,0.1351,0.0393,2.47,0.38,1.0,0.0,0,31.759999999999998
2017,2017-11-29,Barclays Premier League,AFC Bournemouth,Burnley,57.19,59.75,0.4088,0.307,0.2842,1.22,0.97,1.0,2.0,0,2.5600000000000023
2017,2017-11-29,Barclays Premier League,Manchester City,Southampton,90.49,61.73,0.8402,0.1213,0.0386,2.68,0.43,2.0,1.0,0,28.759999999999998
2017,2017-11-29,Barclays Premier League,Stoke City,Liverpool,59.0,82.36,0.2023,0.2174,0.5803,1.2,2.15,0.0,3.0,0,23.36
2017,2017-11-29,Barclays Premier League,Everton,West Ham United,55.28,54.73,0.4545,0.2562,0.2893,1.67,1.28,4.0,0.0,0,0.5500000000000043
2017,2017-12-02,Barclays Premier League,Arsenal,Manchester United,81.46,82.94,0.4194,0.2585,0.3221,1.6,1.37,1.0,3.0,0,1.480000000000004
2017,2017-12-02,Barclays Premier League,Chelsea,Newcastle,83.79,53.22,0.8207,0.1334,0.0458,2.57,0.46,3.0,1.0,0,30.570000000000007
2017,2017-12-02,Barclays Premier League,Stoke City,Swansea City,57.76,52.42,0.495,0.2802,0.2247,1.48,0.9,2.0,1.0,0,5.339999999999996
2017,2017-12-02,Barclays Premier League,Everton,Huddersfield Town,57.16,44.99,0.5725,0.2495,0.178,1.74,0.86,2.0,0.0,0,12.169999999999995
2017,2017-12-02,Barclays Premier League,Brighton and Hove Albion,Liverpool,52.54,83.18,0.1533,0.2265,0.6202,0.85,1.95,1.0,5.0,0,30.640000000000008
2017,2017-12-02,Barclays Premier League,Leicester City,Burnley,62.21,60.57,0.453,0.2942,0.2528,1.35,0.93,1.0,0.0,0,1.6400000000000006
2017,2017-12-02,Barclays Premier League,West Bromwich Albion,Crystal Palace,53.11,58.09,0.387,0.3015,0.3115,1.22,1.06,0.0,0.0,1,4.980000000000004
2017,2017-12-02,Barclays Premier League,Watford,Tottenham Hotspur,62.27,82.89,0.2167,0.2374,0.5458,1.12,1.9,1.0,1.0,1,20.619999999999997
2017,2017-12-03,Barclays Premier League,Manchester City,West Ham United,89.8,52.86,0.8932,0.0824,0.0243,3.21,0.42,2.0,1.0,0,36.94
2017,2017-12-03,Barclays Premier League,AFC Bournemouth,Southampton,56.35,63.25,0.3701,0.2907,0.3392,1.25,1.19,1.0,1.0,1,6.899999999999999
2017,2017-12-09,Barclays Premier League,West Ham United,Chelsea,53.61,84.31,0.1454,0.1971,0.6575,0.99,2.3,1.0,0.0,0,30.700000000000003
2017,2017-12-09,Barclays Premier League,Crystal Palace,AFC Bournemouth,57.79,56.09,0.4571,0.2857,0.2572,1.41,0.99,2.0,2.0,1,1.6999999999999957
2017,2017-12-09,Barclays Premier League,Burnley,Watford,60.6,62.77,0.4206,0.2864,0.293,1.37,1.09,1.0,0.0,0,2.1700000000000017
2017,2017-12-09,Barclays Premier League,Huddersfield Town,Brighton and Hove Albion,44.44,51.9,0.3562,0.3298,0.314,1.02,0.94,2.0,0.0,0,7.460000000000001
2017,2017-12-09,Barclays Premier League,Tottenham Hotspur,Stoke City,82.78,58.26,0.7731,0.1601,0.0668,2.39,0.55,5.0,1.0,0,24.520000000000003
2017,2017-12-09,Barclays Premier League,Swansea City,West Bromwich Albion,51.93,53.41,0.4153,0.3214,0.2633,1.15,0.85,1.0,0.0,0,1.4799999999999969
2017,2017-12-09,Barclays Premier League,Newcastle,Leicester City,52.95,62.15,0.3498,0.2833,0.3669,1.26,1.3,2.0,3.0,0,9.199999999999996
2017,2017-12-10,Barclays Premier League,Southampton,Arsenal,63.49,83.74,0.2283,0.2341,0.5376,1.2,1.95,1.0,1.0,1,20.249999999999993
2017,2017-12-10,Barclays Premier League,Liverpool,Everton,85.45,58.88,0.8039,0.1302,0.0659,2.9,0.74,1.0,1.0,1,26.57
2017,2017-12-10,Barclays Premier League,Manchester United,Manchester City,82.58,89.17,0.3433,0.2477,0.409,1.53,1.69,1.0,2.0,0,6.590000000000003
2017,2017-12-12,Barclays Premier League,Burnley,Stoke City,60.54,57.43,0.4735,0.2814,0.2451,1.46,0.97,1.0,0.0,0,3.1099999999999994
2017,2017-12-12,Barclays Premier League,Huddersfield Town,Chelsea,46.7,83.85,0.1127,0.2005,0.6868,0.73,2.13,1.0,3.0,0,37.14999999999999
2017,2017-12-12,Barclays Premier League,Crystal Palace,Watford,58.57,62.8,0.4017,0.2718,0.3265,1.45,1.28,2.0,1.0,0,4.229999999999997
2017,2017-12-13,Barclays Premier League,Manchester United,AFC Bournemouth,82.0,55.3,0.7863,0.1502,0.0635,2.5,0.57,1.0,0.0,0,26.700000000000003
2017,2017-12-13,Barclays Premier League,Liverpool,West Bromwich Albion,85.0,52.77,0.8327,0.1269,0.0404,2.61,0.42,0.0,0.0,1,32.23
2017,2017-12-13,Barclays Premier League,Tottenham Hotspur,Brighton and Hove Albion,83.47,49.58,0.8382,0.1321,0.0297,2.4,0.28,2.0,0.0,0,33.89
2017,2017-12-13,Barclays Premier League,West Ham United,Arsenal,54.15,83.8,0.1556,0.1947,0.6497,1.09,2.38,0.0,0.0,1,29.65
2017,2017-12-13,Barclays Premier League,Swansea City,Manchester City,52.61,89.57,0.097,0.1811,0.7219,0.71,2.3,0.0,4.0,0,36.959999999999994
2017,2017-12-13,Barclays Premier League,Newcastle,Everton,52.53,59.46,0.3758,0.2671,0.3571,1.44,1.4,0.0,1.0,0,6.93
2017,2017-12-13,Barclays Premier League,Southampton,Leicester City,63.34,62.55,0.4502,0.2819,0.2679,1.43,1.04,1.0,4.0,0,0.7900000000000063
2017,2017-12-16,Barclays Premier League,Brighton and Hove Albion,Burnley,49.79,60.33,0.3261,0.3351,0.3388,0.95,0.97,0.0,0.0,1,10.54
2017,2017-12-16,Barclays Premier League,Leicester City,Crystal Palace,64.91,58.91,0.5076,0.2623,0.2302,1.64,1.02,0.0,3.0,0,6.0
2017,2017-12-16,Barclays Premier League,Arsenal,Newcastle,83.9,51.79,0.8335,0.1209,0.0457,2.79,0.52,1.0,0.0,0,32.11000000000001
2017,2017-12-16,Barclays Premier League,Watford,Huddersfield Town,62.45,46.6,0.6052,0.2461,0.1488,1.74,0.73,1.0,4.0,0,15.850000000000001
2017,2017-12-16,Barclays Premier League,Stoke City,West Ham United,57.64,53.81,0.4854,0.2622,0.2523,1.63,1.1,0.0,3.0,0,3.8299999999999983
2017,2017-12-16,Barclays Premier League,Chelsea,Southampton,83.94,61.07,0.7586,0.1671,0.0743,2.35,0.59,1.0,0.0,0,22.869999999999997
2017,2017-12-16,Barclays Premier League,Manchester City,Tottenham Hotspur,90.4,83.3,0.5701,0.2314,0.1985,1.96,1.07,4.0,1.0,0,7.1000000000000085
2017,2017-12-17,Barclays Premier League,West Bromwich Albion,Manchester United,53.5,81.4,0.1737,0.2488,0.5774,0.84,1.75,1.0,2.0,0,27.900000000000006
2017,2017-12-17,Barclays Premier League,AFC Bournemouth,Liverpool,56.02,84.38,0.1619,0.2078,0.6303,1.02,2.2,0.0,4.0,0,28.359999999999992
2017,2017-12-18,Barclays Premier League,Everton,Swansea City,60.22,51.0,0.5342,0.2734,0.1924,1.54,0.81,3.0,1.0,0,9.219999999999999
2017,2017-12-22,Barclays Premier League,Arsenal,Liverpool,83.86,85.7,0.4218,0.2408,0.3374,1.8,1.59,3.0,3.0,1,1.8400000000000034
2017,2017-12-23,Barclays Premier League,Burnley,Tottenham Hotspur,60.32,82.23,0.2144,0.2783,0.5073,0.87,1.5,0.0,3.0,0,21.910000000000004
2017,2017-12-23,Barclays Premier League,Stoke City,West Bromwich Albion,55.17,54.13,0.4517,0.2866,0.2617,1.4,1.0,3.0,1.0,0,1.0399999999999991
2017,2017-12-23,Barclays Premier League,Leicester City,Manchester United,62.3,80.93,0.2429,0.246,0.5111,1.18,1.81,2.0,2.0,1,18.63000000000001
2017,2017-12-23,Barclays Premier League,Swansea City,Crystal Palace,50.19,61.56,0.3246,0.3049,0.3705,1.08,1.17,1.0,1.0,1,11.370000000000005
2017,2017-12-23,Barclays Premier League,Brighton and Hove Albion,Watford,49.82,58.74,0.3503,0.2895,0.3602,1.22,1.24,1.0,0.0,0,8.920000000000002
2017,2017-12-23,Barclays Premier League,Southampton,Huddersfield Town,61.11,50.18,0.55,0.272,0.1779,1.55,0.75,1.0,1.0,1,10.93
2017,2017-12-23,Barclays Premier League,West Ham United,Newcastle,56.24,51.76,0.488,0.2738,0.2382,1.53,0.98,2.0,3.0,0,4.480000000000004
2017,2017-12-23,Barclays Premier League,Manchester City,AFC Bournemouth,91.23,53.98,0.9011,0.0784,0.0205,3.19,0.36,4.0,0.0,0,37.25000000000001
2017,2017-12-23,Barclays Premier League,Everton,Chelsea,61.04,83.82,0.1995,0.2263,0.5742,1.11,2.03,0.0,0.0,1,22.779999999999994
2017,2017-12-26,Barclays Premier League,Liverpool,Swansea City,86.14,49.71,0.8649,0.1078,0.0273,2.73,0.33,5.0,0.0,0,36.43
2017,2017-12-26,Barclays Premier League,Watford,Leicester City,57.56,62.86,0.3927,0.2597,0.3475,1.54,1.43,2.0,1.0,0,5.299999999999997
2017,2017-12-26,Barclays Premier League,Manchester United,Burnley,80.6,58.19,0.6868,0.2149,0.0983,1.92,0.57,2.0,2.0,1,22.409999999999997
2017,2017-12-26,Barclays Premier League,AFC Bournemouth,West Ham United,53.76,55.43,0.4264,0.2752,0.2985,1.46,1.18,3.0,3.0,1,1.6700000000000017
2017,2017-12-26,Barclays Premier League,Huddersfield Town,Stoke City,50.71,55.1,0.3971,0.2776,0.3253,1.39,1.24,1.0,1.0,1,4.390000000000001
2017,2017-12-26,Barclays Premier League,West Bromwich Albion,Everton,54.15,60.34,0.3769,0.295,0.3282,1.24,1.14,0.0,0.0,1,6.190000000000005
2017,2017-12-26,Barclays Premier League,Tottenham Hotspur,Southampton,83.79,60.58,0.7602,0.1707,0.0691,2.27,0.52,5.0,2.0,0,23.210000000000008
2017,2017-12-26,Barclays Premier League,Chelsea,Brighton and Hove Albion,84.11,50.95,0.8335,0.1371,0.0293,2.34,0.26,2.0,0.0,0,33.16
2017,2017-12-27,Barclays Premier League,Newcastle,Manchester City,52.51,91.28,0.0777,0.1422,0.7801,0.79,2.8,0.0,1.0,0,38.77
2017,2017-12-28,Barclays Premier League,Crystal Palace,Arsenal,62.04,83.64,0.2152,0.2286,0.5563,1.18,2.01,2.0,3.0,0,21.6
2017,2017-12-30,Barclays Premier League,Liverpool,Leicester City,86.8,62.56,0.7889,0.1401,0.0711,2.76,0.73,2.0,1.0,0,24.239999999999995
2017,2017-12-30,Barclays Premier League,Manchester United,Southampton,79.94,60.58,0.6731,0.1989,0.128,2.21,0.85,0.0,0.0,1,19.36
2017,2017-12-30,Barclays Premier League,Watford,Swansea City,57.88,48.76,0.5372,0.2651,0.1977,1.61,0.87,1.0,2.0,0,9.120000000000005
2017,2017-12-30,Barclays Premier League,Chelsea,Stoke City,84.32,55.25,0.8182,0.1301,0.0517,2.71,0.55,5.0,0.0,0,29.069999999999993
2017,2017-12-30,Barclays Premier League,Newcastle,Brighton and Hove Albion,51.93,50.65,0.4489,0.3049,0.2462,1.28,0.87,0.0,0.0,1,1.2800000000000011
2017,2017-12-30,Barclays Premier League,AFC Bournemouth,Everton,54.28,60.05,0.386,0.2736,0.3403,1.41,1.3,2.0,1.0,0,5.769999999999996
2017,2017-12-30,Barclays Premier League,Huddersfield Town,Burnley,50.58,59.21,0.3472,0.3227,0.33,1.04,1.0,0.0,0.0,1,8.630000000000003
2017,2017-12-31,Barclays Premier League,Crystal Palace,Manchester City,62.21,91.43,0.1216,0.1836,0.6947,0.9,2.4,0.0,0.0,1,29.220000000000006
2017,2017-12-31,Barclays Premier League,West Bromwich Albion,Arsenal,54.44,83.65,0.1629,0.2222,0.6149,0.93,2.02,1.0,1.0,1,29.210000000000008
2017,2018-01-01,Barclays Premier League,Brighton and Hove Albion,AFC Bournemouth,51.13,55.54,0.3902,0.304,0.3058,1.21,1.03,2.0,2.0,1,4.409999999999997
2017,2018-01-01,Barclays Premier League,Burnley,Liverpool,60.12,86.48,0.1736,0.233,0.5934,0.92,1.91,1.0,2.0,0,26.360000000000007
2017,2018-01-01,Barclays Premier League,Leicester City,Huddersfield Town,63.07,49.67,0.5801,0.2536,0.1664,1.7,0.78,3.0,0.0,0,13.399999999999999
2017,2018-01-01,Barclays Premier League,Stoke City,Newcastle,53.59,51.53,0.4679,0.2669,0.2652,1.57,1.12,0.0,1.0,0,2.0600000000000023
2017,2018-01-01,Barclays Premier League,Everton,Manchester United,58.82,79.49,0.2309,0.2434,0.5257,1.14,1.84,0.0,2.0,0,20.669999999999995
2017,2018-01-02,Barclays Premier League,Swansea City,Tottenham Hotspur,50.13,84.06,0.1299,0.2121,0.658,0.78,2.05,0.0,2.0,0,33.93
2017,2018-01-02,Barclays Premier League,West Ham United,West Bromwich Albion,54.82,55.31,0.4364,0.2874,0.2763,1.38,1.04,2.0,1.0,0,0.490000000000002
2017,2018-01-02,Barclays Premier League,Southampton,Crystal Palace,60.97,62.85,0.4225,0.281,0.2965,1.41,1.13,1.0,2.0,0,1.8800000000000026
2017,2018-01-02,Barclays Premier League,Manchester City,Watford,91.0,56.42,0.89,0.0848,0.0252,3.17,0.42,3.0,1.0,0,34.58
2017,2018-01-03,Barclays Premier League,Arsenal,Chelsea,83.02,85.34,0.4013,0.2487,0.35,1.67,1.54,2.0,2.0,1,2.3200000000000074
2017,2018-01-04,Barclays Premier League,Tottenham Hotspur,West Ham United,84.44,55.62,0.8166,0.1297,0.0537,2.74,0.58,1.0,1.0,1,28.82
2017,2018-01-13,Barclays Premier League,Watford,Southampton,57.42,59.7,0.4227,0.2645,0.3128,1.55,1.3,2.0,2.0,1,2.280000000000001
2017,2018-01-13,Barclays Premier League,Newcastle,Swansea City,52.78,49.47,0.4668,0.3074,0.2258,1.28,0.79,1.0,1.0,1,3.3100000000000023
2017,2018-01-13,Barclays Premier League,Chelsea,Leicester City,85.6,64.31,0.7571,0.1651,0.0779,2.4,0.63,0.0,0.0,1,21.289999999999992
2017,2018-01-13,Barclays Premier League,Tottenham Hotspur,Everton,83.8,58.39,0.7813,0.1554,0.0633,2.43,0.54,4.0,0.0,0,25.409999999999997
2017,2018-01-13,Barclays Premier League,West Bromwich Albion,Brighton and Hove Albion,54.56,51.04,0.462,0.3241,0.2139,1.19,0.71,2.0,0.0,0,3.520000000000003
2017,2018-01-13,Barclays Premier League,Huddersfield Town,West Ham United,48.44,56.55,0.3581,0.2876,0.3543,1.25,1.24,1.0,4.0,0,8.11
2017,2018-01-13,Barclays Premier League,Crystal Palace,Burnley,64.1,60.47,0.4705,0.2995,0.23,1.33,0.84,1.0,0.0,0,3.6299999999999955
2017,2018-01-14,Barclays Premier League,AFC Bournemouth,Arsenal,55.56,82.93,0.1723,0.1941,0.6335,1.22,2.45,2.0,1.0,0,27.370000000000005
2017,2018-01-14,Barclays Premier League,Liverpool,Manchester City,86.29,90.58,0.3596,0.2424,0.3981,1.64,1.73,4.0,3.0,0,4.289999999999992
2017,2018-01-15,Barclays Premier League,Manchester United,Stoke City,79.76,52.31,0.7891,0.1448,0.0661,2.62,0.63,3.0,0.0,0,27.450000000000003
2017,2018-01-20,Barclays Premier League,Manchester City,Newcastle,90.38,52.25,0.8981,0.0838,0.018,2.99,0.28,3.0,1.0,0,38.129999999999995
2017,2018-01-20,Barclays Premier League,Stoke City,Huddersfield Town,52.39,46.71,0.5043,0.2701,0.2256,1.56,0.96,2.0,0.0,0,5.68
2017,2018-01-20,Barclays Premier League,West Ham United,AFC Bournemouth,58.33,57.1,0.4625,0.2507,0.2869,1.73,1.32,1.0,1.0,1,1.2299999999999969
2017,2018-01-20,Barclays Premier League,Leicester City,Watford,65.63,57.93,0.5334,0.2413,0.2253,1.86,1.13,2.0,0.0,0,7.699999999999996
2017,2018-01-20,Barclays Premier League,Arsenal,Crystal Palace,81.81,64.12,0.6599,0.1983,0.1418,2.27,0.95,4.0,1.0,0,17.689999999999998
2017,2018-01-20,Barclays Premier League,Everton,West Bromwich Albion,56.9,55.56,0.4505,0.2969,0.2526,1.33,0.92,1.0,1.0,1,1.3399999999999963
2017,2018-01-20,Barclays Premier League,Brighton and Hove Albion,Chelsea,50.02,84.59,0.1238,0.2187,0.6575,0.71,1.96,0.0,4.0,0,34.57
2017,2018-01-20,Barclays Premier League,Burnley,Manchester United,60.44,79.71,0.2437,0.28,0.4763,0.97,1.47,0.0,1.0,0,19.269999999999996
2017,2018-01-21,Barclays Premier League,Southampton,Tottenham Hotspur,59.22,84.81,0.177,0.2242,0.5988,1.0,2.02,1.0,1.0,1,25.590000000000003
2017,2018-01-22,Barclays Premier League,Swansea City,Liverpool,49.97,86.79,0.1086,0.1795,0.7119,0.82,2.39,1.0,0.0,0,36.82000000000001
2017,2018-01-30,Barclays Premier League,West Ham United,Crystal Palace,58.2,63.1,0.3948,0.2669,0.3383,1.48,1.35,1.0,1.0,1,4.899999999999999
2017,2018-01-30,Barclays Premier League,Swansea City,Arsenal,50.42,82.71,0.1458,0.2069,0.6473,0.92,2.17,3.0,1.0,0,32.28999999999999
2017,2018-01-30,Barclays Premier League,Huddersfield Town,Liverpool,45.81,86.44,0.0906,0.1638,0.7456,0.76,2.52,0.0,3.0,0,40.629999999999995
2017,2018-01-31,Barclays Premier League,Stoke City,Watford,53.41,57.44,0.4076,0.2555,0.337,1.61,1.44,0.0,0.0,1,4.030000000000001
2017,2018-01-31,Barclays Premier League,Manchester City,West Bromwich Albion,90.09,55.97,0.8688,0.1069,0.0243,2.69,0.29,3.0,0.0,0,34.120000000000005
2017,2018-01-31,Barclays Premier League,Tottenham Hotspur,Manchester United,84.56,79.71,0.5206,0.248,0.2313,1.78,1.11,2.0,0.0,0,4.8500000000000085
2017,2018-01-31,Barclays Premier League,Southampton,Brighton and Hove Albion,59.56,49.47,0.5415,0.275,0.1834,1.53,0.77,1.0,1.0,1,10.090000000000003
2017,2018-01-31,Barclays Premier League,Newcastle,Burnley,52.98,60.33,0.3592,0.3219,0.3189,1.06,0.98,1.0,1.0,1,7.350000000000001
2017,2018-01-31,Barclays Premier League,Everton,Leicester City,56.48,66.05,0.3458,0.2766,0.3776,1.3,1.37,2.0,1.0,0,9.57
2017,2018-01-31,Barclays Premier League,Chelsea,AFC Bournemouth,84.98,57.23,0.8084,0.1385,0.0532,2.58,0.52,0.0,3.0,0,27.750000000000007
2017,2018-02-03,Barclays Premier League,Burnley,Manchester City,59.84,90.45,0.1259,0.2112,0.6629,0.76,2.05,1.0,1.0,1,30.61
2017,2018-02-03,Barclays Premier League,West Bromwich Albion,Southampton,55.2,59.11,0.3966,0.3049,0.2985,1.21,1.01,2.0,3.0,0,3.9099999999999966
2017,2018-02-03,Barclays Premier League,AFC Bournemouth,Stoke City,60.64,52.98,0.5279,0.2475,0.2246,1.79,1.09,2.0,1.0,0,7.660000000000004
2017,2018-02-03,Barclays Premier League,Brighton and Hove Albion,West Ham United,49.9,58.16,0.3565,0.2914,0.3521,1.22,1.21,3.0,1.0,0,8.259999999999998
2017,2018-02-03,Barclays Premier League,Manchester United,Huddersfield Town,78.85,44.87,0.8268,0.1402,0.033,2.34,0.29,2.0,0.0,0,33.98
2017,2018-02-03,Barclays Premier League,Leicester City,Swansea City,65.52,52.9,0.5693,0.2636,0.1671,1.61,0.74,1.0,1.0,1,12.619999999999997
2017,2018-02-03,Barclays Premier League,Arsenal,Everton,80.92,57.06,0.7596,0.1518,0.0885,2.72,0.84,5.0,1.0,0,23.86
2017,2018-02-04,Barclays Premier League,Crystal Palace,Newcastle,63.12,53.5,0.5425,0.2607,0.1968,1.65,0.88,1.0,1.0,1,9.619999999999997
2017,2018-02-04,Barclays Premier League,Liverpool,Tottenham Hotspur,86.98,85.16,0.4718,0.2439,0.2843,1.82,1.37,2.0,2.0,1,1.8200000000000074
2017,2018-02-05,Barclays Premier League,Watford,Chelsea,57.9,82.8,0.1872,0.2229,0.5899,1.07,2.05,4.0,1.0,0,24.9
2017,2018-02-10,Barclays Premier League,Swansea City,Burnley,53.35,60.57,0.3563,0.3364,0.3073,1.0,0.9,1.0,0.0,0,7.219999999999999
2017,2018-02-10,Barclays Premier League,Manchester City,Leicester City,90.09,65.07,0.8136,0.1323,0.0541,2.7,0.56,5.0,1.0,0,25.02000000000001
2017,2018-02-10,Barclays Premier League,Stoke City,Brighton and Hove Albion,52.95,51.6,0.4555,0.2856,0.2589,1.41,0.99,1.0,1.0,1,1.3500000000000014
2017,2018-02-10,Barclays Premier League,West Ham United,Watford,56.36,61.39,0.3973,0.254,0.3487,1.6,1.49,2.0,0.0,0,5.030000000000001
2017,2018-02-10,Barclays Premier League,Everton,Crystal Palace,56.54,62.98,0.3785,0.2733,0.3483,1.39,1.33,3.0,1.0,0,6.439999999999998
2017,2018-02-10,Barclays Premier League,Tottenham Hotspur,Arsenal,85.66,81.41,0.5416,0.2204,0.238,2.15,1.38,1.0,0.0,0,4.25
2017,2018-02-11,Barclays Premier League,Huddersfield Town,AFC Bournemouth,44.49,60.67,0.2822,0.2863,0.4315,1.06,1.38,4.0,1.0,0,16.18
2017,2018-02-11,Barclays Premier League,Newcastle,Manchester United,53.66,79.14,0.194,0.2414,0.5646,0.98,1.84,1.0,0.0,0,25.480000000000004
2017,2018-02-11,Barclays Premier League,Southampton,Liverpool,59.95,86.56,0.1652,0.1992,0.6356,1.12,2.34,0.0,2.0,0,26.61
2017,2018-02-12,Barclays Premier League,Chelsea,West Bromwich Albion,80.44,54.39,0.7685,0.1701,0.0614,2.22,0.46,3.0,0.0,0,26.049999999999997
2017,2018-02-24,Barclays Premier League,Watford,Everton,60.52,57.58,0.4798,0.2517,0.2686,1.73,1.24,1.0,0.0,0,2.940000000000005
2017,2018-02-24,Barclays Premier League,AFC Bournemouth,Newcastle,57.47,54.34,0.4791,0.2609,0.2601,1.64,1.14,2.0,2.0,1,3.1299999999999955
2017,2018-02-24,Barclays Premier League,Burnley,Southampton,59.55,59.34,0.439,0.3012,0.2598,1.29,0.92,1.0,1.0,1,0.20999999999999375
2017,2018-02-24,Barclays Premier League,West Bromwich Albion,Huddersfield Town,53.73,47.46,0.4949,0.3035,0.2016,1.32,0.73,1.0,2.0,0,6.269999999999996
2017,2018-02-24,Barclays Premier League,Liverpool,West Ham United,88.57,57.23,0.8544,0.1034,0.0423,3.12,0.6,4.0,1.0,0,31.339999999999996
2017,2018-02-24,Barclays Premier League,Brighton and Hove Albion,Swansea City,52.35,54.4,0.4098,0.3231,0.267,1.14,0.86,4.0,1.0,0,2.049999999999997
2017,2018-02-24,Barclays Premier League,Leicester City,Stoke City,64.35,52.18,0.5745,0.2398,0.1857,1.85,0.95,1.0,1.0,1,12.169999999999995
2017,2018-02-25,Barclays Premier League,Crystal Palace,Tottenham Hotspur,62.0,86.46,0.1772,0.2239,0.5989,1.0,2.02,0.0,1.0,0,24.459999999999994
2017,2018-02-25,Barclays Premier League,Manchester United,Chelsea,78.4,81.04,0.4138,0.2682,0.318,1.5,1.28,2.0,1.0,0,2.6400000000000006
2017,2018-03-01,Barclays Premier League,Arsenal,Manchester City,80.23,91.2,0.2606,0.2147,0.5247,1.57,2.26,0.0,3.0,0,10.969999999999999
2017,2018-03-03,Barclays Premier League,Liverpool,Newcastle,88.79,55.18,0.8653,0.1004,0.0343,3.02,0.48,2.0,0.0,0,33.61000000000001
2017,2018-03-03,Barclays Premier League,Southampton,Stoke City,59.57,52.65,0.5167,0.2585,0.2247,1.67,1.02,0.0,0.0,1,6.920000000000002
2017,2018-03-03,Barclays Premier League,Tottenham Hotspur,Huddersfield Town,86.87,48.75,0.8793,0.103,0.0177,2.63,0.21,2.0,0.0,0,38.120000000000005
2017,2018-03-03,Barclays Premier League,Watford,West Bromwich Albion,60.55,52.39,0.5265,0.2662,0.2073,1.6,0.9,1.0,0.0,0,8.159999999999997
2017,2018-03-03,Barclays Premier League,Leicester City,AFC Bournemouth,63.89,56.59,0.5278,0.2435,0.2288,1.84,1.13,1.0,1.0,1,7.299999999999997
2017,2018-03-03,Barclays Premier League,Burnley,Everton,59.34,57.53,0.456,0.2955,0.2486,1.34,0.91,2.0,1.0,0,1.8100000000000023
2017,2018-03-03,Barclays Premier League,Swansea City,West Ham United,51.86,56.89,0.3904,0.2822,0.3273,1.35,1.21,4.0,1.0,0,5.030000000000001
2017,2018-03-04,Barclays Premier League,Brighton and Hove Albion,Arsenal,54.82,79.44,0.2053,0.2249,0.5699,1.16,2.05,2.0,1.0,0,24.619999999999997
2017,2018-03-04,Barclays Premier League,Manchester City,Chelsea,91.52,80.94,0.6392,0.2056,0.1551,2.21,0.99,1.0,0.0,0,10.579999999999998
2017,2018-03-05,Barclays Premier League,Crystal Palace,Manchester United,61.06,78.58,0.2569,0.2645,0.4786,1.11,1.6,2.0,3.0,0,17.519999999999996
2017,2018-03-10,Barclays Premier League,Manchester United,Liverpool,78.99,88.25,0.3149,0.2514,0.4337,1.41,1.69,2.0,1.0,0,9.260000000000005
2017,2018-03-10,Barclays Premier League,Huddersfield Town,Swansea City,48.81,53.87,0.3829,0.314,0.3031,1.14,0.98,0.0,0.0,1,5.059999999999995
2017,2018-03-10,Barclays Premier League,Newcastle,Southampton,55.28,59.27,0.4006,0.2864,0.313,1.34,1.15,3.0,0.0,0,3.990000000000002
2017,2018-03-10,Barclays Premier League,Everton,Brighton and Hove Albion,56.98,56.12,0.4522,0.2747,0.2731,1.49,1.1,2.0,0.0,0,0.8599999999999994
2017,2018-03-10,Barclays Premier League,West Bromwich Albion,Leicester City,52.42,63.8,0.3262,0.296,0.3778,1.13,1.23,1.0,4.0,0,11.379999999999995
2017,2018-03-10,Barclays Premier League,West Ham United,Burnley,54.76,59.87,0.3896,0.286,0.3244,1.32,1.18,0.0,3.0,0,5.109999999999999
2017,2018-03-10,Barclays Premier League,Chelsea,Crystal Palace,80.56,60.69,0.6792,0.2019,0.1189,2.14,0.76,2.0,1.0,0,19.870000000000005
2017,2018-03-11,Barclays Premier League,Arsenal,Watford,79.32,60.53,0.6694,0.1887,0.1419,2.42,1.03,3.0,0.0,0,18.789999999999992
2017,2018-03-11,Barclays Premier League,AFC Bournemouth,Tottenham Hotspur,56.69,86.83,0.1355,0.1894,0.6751,0.97,2.38,1.0,4.0,0,30.14
2017,2018-03-12,Barclays Premier League,Stoke City,Manchester City,52.97,90.64,0.0854,0.1565,0.7581,0.76,2.6,0.0,2.0,0,37.67
2017,2018-03-17,Barclays Premier League,Liverpool,Watford,88.03,60.08,0.8244,0.1247,0.0509,2.8,0.57,5.0,0.0,0,27.950000000000003
2017,2018-03-17,Barclays Premier League,Stoke City,Everton,52.37,58.34,0.3828,0.2785,0.3387,1.36,1.27,1.0,2.0,0,5.970000000000006
2017,2018-03-17,Barclays Premier League,AFC Bournemouth,West Bromwich Albion,56.31,50.44,0.5084,0.2584,0.2332,1.67,1.05,2.0,1.0,0,5.8700000000000045
2017,2018-03-17,Barclays Premier League,Huddersfield Town,Crystal Palace,49.91,60.51,0.3338,0.2946,0.3717,1.15,1.23,0.0,2.0,0,10.600000000000001
2017,2018-03-31,Barclays Premier League,Crystal Palace,Liverpool,62.98,88.76,0.1587,0.2006,0.6407,1.06,2.3,1.0,2.0,0,25.78000000000001
2017,2018-03-31,Barclays Premier League,Newcastle,Huddersfield Town,57.12,47.48,0.5341,0.2846,0.1813,1.45,0.72,1.0,0.0,0,9.64
2017,2018-03-31,Barclays Premier League,Brighton and Hove Albion,Leicester City,54.79,65.74,0.3318,0.2857,0.3825,1.2,1.31,0.0,2.0,0,10.949999999999996
2017,2018-03-31,Barclays Premier League,Watford,AFC Bournemouth,58.75,55.9,0.4797,0.248,0.2723,1.78,1.29,2.0,2.0,1,2.8500000000000014
2017,2018-03-31,Barclays Premier League,West Bromwich Albion,Burnley,50.82,61.68,0.3263,0.3205,0.3532,1.01,1.06,1.0,2.0,0,10.86
2017,2018-03-31,Barclays Premier League,Manchester United,Swansea City,78.47,52.82,0.761,0.1754,0.0636,2.17,0.46,2.0,0.0,0,25.65
2017,2018-03-31,Barclays Premier League,West Ham United,Southampton,52.78,57.43,0.4002,0.2647,0.3351,1.51,1.36,3.0,0.0,0,4.649999999999999
2017,2018-03-31,Barclays Premier League,Everton,Manchester City,59.77,90.81,0.113,0.1752,0.7118,0.89,2.49,1.0,3.0,0,31.04
2017,2018-04-01,Barclays Premier League,Arsenal,Stoke City,80.25,50.94,0.8017,0.1352,0.0631,2.76,0.66,3.0,0.0,0,29.310000000000002
2017,2018-04-01,Barclays Premier League,Chelsea,Tottenham Hotspur,80.79,87.1,0.3469,0.2643,0.3888,1.39,1.49,1.0,3.0,0,6.309999999999988
2017,2018-04-07,Barclays Premier League,Manchester City,Manchester United,90.2,78.9,0.6337,0.2166,0.1497,2.05,0.88,2.0,3.0,0,11.299999999999997
2017,2018-04-07,Barclays Premier League,Stoke City,Tottenham Hotspur,50.3,87.64,0.0991,0.1784,0.7225,0.75,2.35,1.0,2.0,0,37.34
2017,2018-04-07,Barclays Premier League,Brighton and Hove Albion,Huddersfield Town,53.87,46.76,0.5039,0.3034,0.1927,1.32,0.7,1.0,1.0,1,7.109999999999999
2017,2018-04-07,Barclays Premier League,Watford,Burnley,58.04,62.32,0.3941,0.2937,0.3121,1.28,1.1,1.0,2.0,0,4.280000000000001
2017,2018-04-07,Barclays Premier League,AFC Bournemouth,Crystal Palace,56.64,63.23,0.3805,0.2523,0.3672,1.58,1.55,2.0,2.0,1,6.589999999999996
2017,2018-04-07,Barclays Premier League,Leicester City,Newcastle,66.61,57.9,0.5344,0.2624,0.2032,1.63,0.9,1.0,2.0,0,8.71
2017,2018-04-07,Barclays Premier League,Everton,Liverpool,59.82,89.26,0.1317,0.1811,0.6872,1.01,2.5,0.0,0.0,1,29.440000000000005
2017,2018-04-07,Barclays Premier League,West Bromwich Albion,Swansea City,50.14,52.25,0.4137,0.3086,0.2777,1.22,0.94,1.0,1.0,1,2.1099999999999994
2017,2018-04-08,Barclays Premier League,Arsenal,Southampton,81.8,55.89,0.7782,0.1453,0.0764,2.72,0.75,3.0,2.0,0,25.909999999999997
2017,2018-04-08,Barclays Premier League,Chelsea,West Ham United,80.21,54.39,0.7784,0.1484,0.0732,2.63,0.69,1.0,1.0,1,25.819999999999993
2017,2018-04-14,Barclays Premier League,Tottenham Hotspur,Manchester City,86.93,89.53,0.4029,0.2587,0.3384,1.57,1.42,1.0,3.0,0,2.5999999999999943
2017,2018-04-14,Barclays Premier League,Liverpool,AFC Bournemouth,89.16,57.22,0.8668,0.0962,0.037,3.19,0.57,3.0,0.0,0,31.939999999999998
2017,2018-04-14,Barclays Premier League,Swansea City,Everton,51.96,60.11,0.3583,0.2917,0.35,1.22,1.21,1.0,1.0,1,8.149999999999999
2017,2018-04-14,Barclays Premier League,Huddersfield Town,Watford,47.41,57.49,0.3376,0.2958,0.3666,1.15,1.21,1.0,0.0,0,10.080000000000005
2017,2018-04-14,Barclays Premier League,Crystal Palace,Brighton and Hove Albion,62.7,53.15,0.5425,0.2579,0.1996,1.68,0.91,3.0,2.0,0,9.550000000000004
2017,2018-04-14,Barclays Premier League,Southampton,Chelsea,57.7,80.0,0.2164,0.2402,0.5434,1.1,1.87,2.0,3.0,0,22.299999999999997
2017,2018-04-14,Barclays Premier League,Burnley,Leicester City,62.84,65.71,0.4104,0.2965,0.2931,1.28,1.04,2.0,1.0,0,2.8699999999999903
2017,2018-04-15,Barclays Premier League,Newcastle,Arsenal,58.83,80.46,0.2283,0.2244,0.5473,1.29,2.08,2.0,1.0,0,21.629999999999995
2017,2018-04-15,Barclays Premier League,Manchester United,West Bromwich Albion,79.93,50.44,0.7981,0.1505,0.0514,2.39,0.44,0.0,1.0,0,29.49000000000001
2017,2018-04-16,Barclays Premier League,West Ham United,Stoke City,54.63,51.58,0.479,0.2612,0.2598,1.63,1.14,1.0,1.0,1,3.0500000000000043
2017,2018-04-17,Barclays Premier League,Brighton and Hove Albion,Tottenham Hotspur,53.3,85.93,0.1297,0.2022,0.6681,0.84,2.17,1.0,1.0,1,32.63000000000001
2017,2018-04-18,Barclays Premier League,AFC Bournemouth,Manchester United,56.89,78.5,0.2227,0.2246,0.5527,1.25,2.08,0.0,2.0,0,21.61
2017,2018-04-19,Barclays Premier League,Burnley,Chelsea,62.62,79.75,0.2627,0.2712,0.4661,1.09,1.53,1.0,2.0,0,17.130000000000003
2017,2018-04-19,Barclays Premier League,Leicester City,Southampton,65.97,58.14,0.53,0.2523,0.2177,1.74,1.02,0.0,0.0,1,7.829999999999998
2017,2018-04-21,Barclays Premier League,Watford,Crystal Palace,56.57,62.57,0.3858,0.2625,0.3517,1.5,1.42,0.0,0.0,1,6.0
2017,2018-04-21,Barclays Premier League,West Bromwich Albion,Liverpool,52.23,89.26,0.0956,0.1776,0.7268,0.72,2.34,2.0,2.0,1,37.03000000000001
2017,2018-04-22,Barclays Premier League,Arsenal,West Ham United,79.85,54.32,0.776,0.1386,0.0854,2.97,0.93,4.0,1.0,0,25.529999999999994
2017,2018-04-22,Barclays Premier League,Stoke City,Burnley,51.89,61.77,0.3391,0.3043,0.3566,1.11,1.15,1.0,1.0,1,9.880000000000003
2017,2018-04-22,Barclays Premier League,Manchester City,Swansea City,90.46,52.2,0.8978,0.0854,0.0168,2.92,0.25,5.0,0.0,0,38.25999999999999
2017,2018-04-23,Barclays Premier League,Everton,Newcastle,59.86,59.56,0.445,0.2779,0.2771,1.46,1.09,1.0,0.0,0,0.29999999999999716
2017,2018-04-28,Barclays Premier League,Swansea City,Chelsea,50.95,80.41,0.1655,0.2295,0.605,0.9,1.94,0.0,1.0,0,29.459999999999994
2017,2018-04-28,Barclays Premier League,Crystal Palace,Leicester City,62.7,65.47,0.4139,0.2733,0.3128,1.46,1.23,5.0,0.0,0,2.769999999999996
2017,2018-04-28,Barclays Premier League,Southampton,AFC Bournemouth,58.58,56.3,0.472,0.2548,0.2732,1.7,1.23,2.0,1.0,0,2.280000000000001
2017,2018-04-28,Barclays Premier League,Newcastle,West Bromwich Albion,59.33,54.47,0.487,0.2883,0.2247,1.41,0.87,0.0,1.0,0,4.859999999999999
2017,2018-04-28,Barclays Premier League,Burnley,Brighton and Hove Albion,61.98,53.95,0.518,0.2871,0.1949,1.43,0.76,0.0,0.0,1,8.029999999999994
2017,2018-04-28,Barclays Premier League,Liverpool,Stoke City,88.84,51.67,0.8861,0.0893,0.0246,3.04,0.38,0.0,0.0,1,37.17
2017,2018-04-28,Barclays Premier League,Huddersfield Town,Everton,48.33,60.07,0.3209,0.3035,0.3756,1.07,1.19,0.0,2.0,0,11.740000000000002
2017,2018-04-29,Barclays Premier League,West Ham United,Manchester City,53.92,91.08,0.0822,0.1384,0.7793,0.89,2.93,1.0,4.0,0,37.16
2017,2018-04-29,Barclays Premier League,Manchester United,Arsenal,78.86,81.18,0.4371,0.235,0.3279,1.89,1.62,2.0,1.0,0,2.3200000000000074
2017,2018-04-30,Barclays Premier League,Tottenham Hotspur,Watford,85.49,56.39,0.8171,0.1361,0.0467,2.54,0.45,2.0,0.0,0,29.099999999999994
2017,2018-05-04,Barclays Premier League,Brighton and Hove Albion,Manchester United,54.11,79.39,0.1951,0.2516,0.5533,0.93,1.74,1.0,0.0,0,25.28
2017,2018-05-05,Barclays Premier League,AFC Bournemouth,Swansea City,56.28,50.48,0.5064,0.2626,0.231,1.63,1.02,1.0,0.0,0,5.800000000000004
2017,2018-05-05,Barclays Premier League,Everton,Southampton,61.47,58.6,0.4732,0.2717,0.2552,1.54,1.06,1.0,1.0,1,2.8699999999999974
2017,2018-05-05,Barclays Premier League,Leicester City,West Ham United,62.77,53.38,0.5476,0.2412,0.2113,1.86,1.07,0.0,2.0,0,9.39
2017,2018-05-05,Barclays Premier League,Stoke City,Crystal Palace,52.52,65.5,0.3145,0.2761,0.4095,1.22,1.43,1.0,2.0,0,12.979999999999997
2017,2018-05-05,Barclays Premier League,Watford,Newcastle,56.99,58.9,0.4193,0.2929,0.2878,1.32,1.04,2.0,1.0,0,1.9099999999999966
2017,2018-05-05,Barclays Premier League,West Bromwich Albion,Tottenham Hotspur,54.9,85.09,0.1471,0.2193,0.6336,0.85,2.01,1.0,0.0,0,30.190000000000005
2017,2018-05-06,Barclays Premier League,Manchester City,Huddersfield Town,91.33,46.98,0.9151,0.0733,0.0116,3.02,0.2,0.0,0.0,1,44.35
2017,2018-05-06,Barclays Premier League,Arsenal,Burnley,80.32,61.81,0.6531,0.2084,0.1386,2.12,0.86,5.0,0.0,0,18.50999999999999
2017,2018-05-06,Barclays Premier League,Chelsea,Liverpool,80.7,87.61,0.3484,0.2476,0.404,1.55,1.68,1.0,0.0,0,6.909999999999997
2017,2018-05-08,Barclays Premier League,Swansea City,Southampton,50.63,58.99,0.3534,0.3046,0.342,1.14,1.12,0.0,1.0,0,8.36
2017,2018-05-09,Barclays Premier League,Chelsea,Huddersfield Town,80.98,48.54,0.8171,0.1503,0.0326,2.22,0.26,1.0,1.0,1,32.440000000000005
2017,2018-05-09,Barclays Premier League,Leicester City,Arsenal,60.43,82.09,0.2225,0.2176,0.5599,1.32,2.18,3.0,1.0,0,21.660000000000004
2017,2018-05-09,Barclays Premier League,Tottenham Hotspur,Newcastle,84.32,58.06,0.7864,0.1584,0.0552,2.32,0.45,1.0,0.0,0,26.25999999999999
2017,2018-05-09,Barclays Premier League,Manchester City,Brighton and Hove Albion,90.49,55.03,0.8822,0.097,0.0208,2.79,0.28,3.0,1.0,0,35.459999999999994
2017,2018-05-10,Barclays Premier League,West Ham United,Manchester United,55.85,78.61,0.2134,0.2358,0.5507,1.11,1.92,0.0,0.0,1,22.759999999999998
2017,2018-05-13,Barclays Premier League,Burnley,AFC Bournemouth,59.71,56.15,0.48,0.2724,0.2476,1.53,1.03,1.0,2.0,0,3.5600000000000023
2017,2018-05-13,Barclays Premier League,Crystal Palace,West Bromwich Albion,65.97,56.01,0.5477,0.2559,0.1964,1.69,0.91,2.0,0.0,0,9.96
2017,2018-05-13,Barclays Premier League,Liverpool,Brighton and Hove Albion,87.19,56.04,0.8365,0.1238,0.0398,2.65,0.43,4.0,0.0,0,31.15
2017,2018-05-13,Barclays Premier League,Huddersfield Town,Arsenal,48.81,80.86,0.152,0.2068,0.6412,0.96,2.19,0.0,1.0,0,32.05
2017,2018-05-13,Barclays Premier League,Manchester United,Watford,78.32,57.86,0.6745,0.2122,0.1133,2.0,0.67,1.0,0.0,0,20.459999999999994
2017,2018-05-13,Barclays Premier League,Tottenham Hotspur,Leicester City,83.63,62.1,0.7473,0.1749,0.0778,2.27,0.58,5.0,4.0,0,21.529999999999994
2017,2018-05-13,Barclays Premier League,Southampton,Manchester City,60.42,90.05,0.1295,0.1955,0.675,0.88,2.26,0.0,1.0,0,29.629999999999995
2017,2018-05-13,Barclays Premier League,West Ham United,Everton,56.06,61.06,0.3934,0.2725,0.3341,1.43,1.3,3.0,1.0,0,5.0
2017,2018-05-13,Barclays Premier League,Newcastle,Chelsea,58.98,80.83,0.2189,0.256,0.5251,1.01,1.7,3.0,0.0,0,21.85
2017,2018-05-13,Barclays Premier League,Swansea City,Stoke City,49.23,52.03,0.4044,0.3123,0.2833,1.18,0.94,1.0,2.0,0,2.8000000000000043
2018,2018-08-10,Barclays Premier League,Manchester United,Leicester City,82.66,69.64,0.64,0.2215,0.1385,2.01,0.81,2.0,1.0,0,13.019999999999996
2018,2018-08-11,Barclays Premier League,Newcastle,Tottenham Hotspur,67.21,85.75,0.201,0.2425,0.5565,1.03,1.87,1.0,2.0,0,18.540000000000006
2018,2018-08-11,Barclays Premier League,Fulham,Crystal Palace,64.41,70.2,0.3881,0.2778,0.3341,1.41,1.29,0.0,2.0,0,5.790000000000006
2018,2018-08-11,Barclays Premier League,AFC Bournemouth,Cardiff City,62.75,59.47,0.4886,0.2664,0.2451,1.63,1.08,2.0,0.0,0,3.280000000000001
2018,2018-08-11,Barclays Premier League,Watford,Brighton and Hove Albion,66.07,63.08,0.4693,0.2837,0.247,1.47,0.99,2.0,0.0,0,2.989999999999995
2018,2018-08-11,Barclays Premier League,Huddersfield Town,Chelsea,60.2,84.39,0.1644,0.2411,0.5945,0.85,1.85,0.0,3.0,0,24.189999999999998
2018,2018-08-11,Barclays Premier League,Wolverhampton,Everton,62.92,67.49,0.3991,0.2839,0.317,1.38,1.2,2.0,2.0,1,4.569999999999993
2018,2018-08-12,Barclays Premier League,Southampton,Burnley,68.01,64.97,0.4677,0.2902,0.242,1.42,0.94,0.0,0.0,1,3.0400000000000063
2018,2018-08-12,Barclays Premier League,Liverpool,West Ham United,88.86,64.54,0.8203,0.1292,0.0505,2.75,0.55,4.0,0.0,0,24.319999999999993
2018,2018-08-12,Barclays Premier League,Arsenal,Manchester City,81.57,92.13,0.2765,0.2341,0.4894,1.47,2.0,0.0,2.0,0,10.560000000000002
2018,2018-08-18,Barclays Premier League,Chelsea,Arsenal,85.12,81.05,0.5039,0.2362,0.2599,1.98,1.37,3.0,2.0,0,4.070000000000007
2018,2018-08-18,Barclays Premier League,Everton,Southampton,67.91,67.33,0.4463,0.285,0.2687,1.44,1.05,2.0,1.0,0,0.5799999999999983
2018,2018-08-18,Barclays Premier League,Leicester City,Wolverhampton,70.92,62.66,0.5266,0.2616,0.2119,1.68,0.97,2.0,0.0,0,8.260000000000005
2018,2018-08-18,Barclays Premier League,Tottenham Hotspur,Fulham,85.65,63.69,0.7806,0.1567,0.0627,2.44,0.54,3.0,1.0,0,21.960000000000008
2018,2018-08-18,Barclays Premier League,Cardiff City,Newcastle,58.62,67.27,0.3643,0.2936,0.342,1.25,1.2,0.0,0.0,1,8.649999999999999
2018,2018-08-18,Barclays Premier League,West Ham United,AFC Bournemouth,63.44,63.61,0.4434,0.2621,0.2945,1.63,1.29,1.0,2.0,0,0.1700000000000017
2018,2018-08-19,Barclays Premier League,Manchester City,Huddersfield Town,92.53,59.29,0.8927,0.0927,0.0146,2.76,0.2,6.0,1.0,0,33.24
2018,2018-08-19,Barclays Premier League,Burnley,Watford,65.91,67.29,0.4229,0.2959,0.2812,1.33,1.03,1.0,3.0,0,1.3800000000000097
2018,2018-08-19,Barclays Premier League,Brighton and Hove Albion,Manchester United,61.87,81.59,0.2142,0.2593,0.5265,0.99,1.7,3.0,2.0,0,19.720000000000006
2018,2018-08-20,Barclays Premier League,Crystal Palace,Liverpool,71.17,89.48,0.1953,0.2269,0.5778,1.12,2.06,0.0,2.0,0,18.310000000000002
2018,2018-08-25,Barclays Premier League,Liverpool,Brighton and Hove Albion,90.23,62.9,0.8582,0.1108,0.031,2.77,0.38,1.0,0.0,0,27.330000000000005
2018,2018-08-25,Barclays Premier League,Huddersfield Town,Cardiff City,58.14,58.6,0.4283,0.3053,0.2663,1.28,0.95,0.0,0.0,1,0.46000000000000085
2018,2018-08-25,Barclays Premier League,Arsenal,West Ham United,81.27,62.33,0.7271,0.1695,0.1035,2.57,0.87,3.0,1.0,0,18.939999999999998
2018,2018-08-25,Barclays Premier League,AFC Bournemouth,Everton,64.75,68.0,0.4224,0.2677,0.3099,1.55,1.3,2.0,2.0,1,3.25
2018,2018-08-25,Barclays Premier League,Wolverhampton,Manchester City,63.22,92.69,0.0943,0.1753,0.7304,0.74,2.41,1.0,1.0,1,29.47
2018,2018-08-25,Barclays Premier League,Southampton,Leicester City,66.99,70.72,0.4039,0.2847,0.3114,1.38,1.18,1.0,2.0,0,3.730000000000004
2018,2018-08-26,Barclays Premier League,Watford,Crystal Palace,68.97,70.02,0.4293,0.2788,0.2919,1.47,1.16,2.0,1.0,0,1.0499999999999972
2018,2018-08-26,Barclays Premier League,Newcastle,Chelsea,67.72,84.78,0.2152,0.2499,0.5349,1.05,1.8,1.0,2.0,0,17.060000000000002
2018,2018-08-26,Barclays Premier League,Fulham,Burnley,63.54,63.93,0.4437,0.2887,0.2676,1.41,1.03,4.0,2.0,0,0.39000000000000057
2018,2018-08-27,Barclays Premier League,Manchester United,Tottenham Hotspur,80.53,85.5,0.3669,0.2591,0.3739,1.53,1.54,0.0,3.0,0,4.969999999999999
2018,2018-09-01,Barclays Premier League,Crystal Palace,Southampton,69.81,66.83,0.4676,0.2794,0.253,1.5,1.03,0.0,2.0,0,2.980000000000004
2018,2018-09-01,Barclays Premier League,Manchester City,Newcastle,92.43,67.01,0.8643,0.1093,0.0264,2.72,0.32,2.0,1.0,0,25.42
2018,2018-09-01,Barclays Premier League,Everton,Huddersfield Town,67.21,57.45,0.5368,0.2722,0.191,1.58,0.83,1.0,1.0,1,9.759999999999991
2018,2018-09-01,Barclays Premier League,Brighton and Hove Albion,Fulham,63.49,63.49,0.4307,0.2812,0.2881,1.45,1.14,2.0,2.0,1,0.0
2018,2018-09-01,Barclays Premier League,West Ham United,Wolverhampton,63.22,63.83,0.4482,0.2783,0.2735,1.49,1.11,0.0,1.0,0,0.6099999999999994
2018,2018-09-01,Barclays Premier League,Leicester City,Liverpool,71.11,90.02,0.1818,0.2275,0.5907,1.03,2.03,1.0,2.0,0,18.909999999999997
2018,2018-09-01,Barclays Premier League,Chelsea,AFC Bournemouth,85.37,65.29,0.7545,0.1626,0.0829,2.52,0.72,2.0,0.0,0,20.08
2018,2018-09-02,Barclays Premier League,Cardiff City,Arsenal,59.99,80.5,0.2056,0.2331,0.5613,1.13,1.99,2.0,3.0,0,20.509999999999998
2018,2018-09-02,Barclays Premier League,Watford,Tottenham Hotspur,69.16,85.94,0.2182,0.2412,0.5406,1.13,1.9,2.0,1.0,0,16.78
2018,2018-09-02,Barclays Premier League,Burnley,Manchester United,63.22,80.01,0.2532,0.2653,0.4815,1.12,1.63,0.0,2.0,0,16.790000000000006
2018,2018-09-15,Barclays Premier League,Manchester City,Fulham,92.22,62.99,0.8748,0.097,0.0282,2.99,0.41,3.0,0.0,0,29.229999999999997
2018,2018-09-15,Barclays Premier League,Tottenham Hotspur,Liverpool,85.53,89.88,0.3621,0.2544,0.3835,1.56,1.61,1.0,2.0,0,4.349999999999994
2018,2018-09-15,Barclays Premier League,Chelsea,Cardiff City,85.31,59.99,0.8049,0.1478,0.0473,2.42,0.42,4.0,1.0,0,25.32
2018,2018-09-15,Barclays Premier League,AFC Bournemouth,Leicester City,65.52,71.42,0.3917,0.2705,0.3377,1.48,1.35,4.0,2.0,0,5.900000000000006
2018,2018-09-15,Barclays Premier League,Huddersfield Town,Crystal Palace,58.31,68.29,0.339,0.2969,0.3641,1.18,1.23,0.0,1.0,0,9.980000000000004
2018,2018-09-15,Barclays Premier League,Newcastle,Arsenal,67.42,80.31,0.2583,0.2435,0.4982,1.3,1.88,1.0,2.0,0,12.89
2018,2018-09-15,Barclays Premier League,Watford,Manchester United,69.83,80.97,0.292,0.2702,0.4378,1.22,1.55,1.0,2.0,0,11.14
2018,2018-09-16,Barclays Premier League,Wolverhampton,Burnley,64.52,61.86,0.4538,0.2895,0.2567,1.41,0.99,1.0,0.0,0,2.6599999999999966
2018,2018-09-16,Barclays Premier League,Everton,West Ham United,66.55,62.8,0.4701,0.2676,0.2623,1.61,1.14,1.0,3.0,0,3.75
2018,2018-09-17,Barclays Premier League,Southampton,Brighton and Hove Albion,68.0,63.56,0.4805,0.28,0.2395,1.5,0.98,2.0,2.0,1,4.439999999999998
2018,2018-09-22,Barclays Premier League,Leicester City,Huddersfield Town,70.9,58.85,0.5592,0.2685,0.1723,1.6,0.76,3.0,1.0,0,12.050000000000004
2018,2018-09-22,Barclays Premier League,Liverpool,Southampton,90.63,67.03,0.8346,0.1246,0.0408,2.69,0.45,3.0,0.0,0,23.599999999999994
2018,2018-09-22,Barclays Premier League,Brighton and Hove Albion,Tottenham Hotspur,63.96,84.48,0.1931,0.2311,0.5758,1.07,2.0,1.0,2.0,0,20.520000000000003
2018,2018-09-22,Barclays Premier League,Crystal Palace,Newcastle,68.03,67.19,0.4498,0.2837,0.2665,1.45,1.05,0.0,0.0,1,0.8400000000000034
2018,2018-09-22,Barclays Premier League,Fulham,Watford,61.89,69.59,0.3858,0.2753,0.3389,1.43,1.32,1.0,1.0,1,7.700000000000003
2018,2018-09-22,Barclays Premier League,Manchester United,Wolverhampton,82.0,66.04,0.6779,0.2115,0.1107,2.03,0.68,1.0,1.0,1,15.959999999999994
2018,2018-09-22,Barclays Premier League,Cardiff City,Manchester City,59.83,92.29,0.0886,0.1682,0.7432,0.74,2.48,0.0,5.0,0,32.46000000000001
2018,2018-09-22,Barclays Premier League,Burnley,AFC Bournemouth,60.33,65.65,0.3985,0.2706,0.3309,1.49,1.34,4.0,0.0,0,5.320000000000007
2018,2018-09-23,Barclays Premier League,West Ham United,Chelsea,63.86,86.27,0.1801,0.2226,0.5973,1.06,2.09,0.0,0.0,1,22.409999999999997
2018,2018-09-23,Barclays Premier League,Arsenal,Everton,80.83,65.31,0.6784,0.188,0.1336,2.44,1.0,2.0,0.0,0,15.519999999999996
2018,2018-09-29,Barclays Premier League,Wolverhampton,Southampton,67.15,66.8,0.4313,0.2909,0.2778,1.38,1.05,2.0,0.0,0,0.3500000000000085
2018,2018-09-29,Barclays Premier League,West Ham United,Manchester United,63.69,81.11,0.2436,0.2538,0.5027,1.15,1.76,3.0,1.0,0,17.42
2018,2018-09-29,Barclays Premier League,Manchester City,Brighton and Hove Albion,93.2,63.83,0.8899,0.0889,0.0212,2.99,0.32,2.0,0.0,0,29.370000000000005
2018,2018-09-29,Barclays Premier League,Newcastle,Leicester City,67.41,70.92,0.405,0.2913,0.3036,1.34,1.12,0.0,2.0,0,3.510000000000005
2018,2018-09-29,Barclays Premier League,Arsenal,Watford,80.92,69.42,0.6463,0.205,0.1488,2.25,0.98,2.0,0.0,0,11.5
2018,2018-09-29,Barclays Premier League,Everton,Fulham,65.5,62.06,0.4716,0.265,0.2634,1.63,1.16,3.0,0.0,0,3.4399999999999977
2018,2018-09-29,Barclays Premier League,Huddersfield Town,Tottenham Hotspur,58.58,84.67,0.155,0.2318,0.6133,0.85,1.93,0.0,2.0,0,26.090000000000003
2018,2018-09-29,Barclays Premier League,Chelsea,Liverpool,86.65,90.83,0.3488,0.2606,0.3906,1.47,1.57,1.0,1.0,1,4.179999999999993
2018,2018-09-30,Barclays Premier League,Cardiff City,Burnley,57.81,61.71,0.3982,0.2946,0.3073,1.31,1.11,1.0,2.0,0,3.8999999999999986
2018,2018-10-01,Barclays Premier League,AFC Bournemouth,Crystal Palace,63.97,68.41,0.4151,0.2656,0.3194,1.56,1.34,2.0,1.0,0,4.439999999999998
2018,2018-10-05,Barclays Premier League,Brighton and Hove Albion,West Ham United,63.15,65.3,0.4251,0.2782,0.2967,1.47,1.18,1.0,0.0,0,2.1499999999999986
2018,2018-10-06,Barclays Premier League,Tottenham Hotspur,Cardiff City,84.5,58.45,0.8024,0.1469,0.0507,2.46,0.46,1.0,0.0,0,26.049999999999997
2018,2018-10-06,Barclays Premier League,Crystal Palace,Wolverhampton,67.86,67.85,0.4564,0.2876,0.2559,1.43,1.0,0.0,1.0,0,0.010000000000005116
2018,2018-10-06,Barclays Premier League,Leicester City,Everton,72.61,66.7,0.5103,0.2634,0.2263,1.66,1.02,1.0,2.0,0,5.909999999999997
2018,2018-10-06,Barclays Premier League,Burnley,Huddersfield Town,60.87,58.22,0.4782,0.2959,0.2259,1.39,0.86,1.0,1.0,1,2.6499999999999986
2018,2018-10-06,Barclays Premier League,Watford,AFC Bournemouth,70.01,64.58,0.4912,0.2569,0.2519,1.72,1.17,0.0,4.0,0,5.430000000000007
2018,2018-10-06,Barclays Premier League,Manchester United,Newcastle,79.78,65.93,0.6156,0.2417,0.1427,1.81,0.73,3.0,2.0,0,13.849999999999994
2018,2018-10-07,Barclays Premier League,Southampton,Chelsea,66.17,85.84,0.1972,0.2413,0.5615,1.02,1.88,0.0,3.0,0,19.67
2018,2018-10-07,Barclays Premier League,Liverpool,Manchester City,90.64,93.72,0.3758,0.2583,0.3658,1.55,1.53,0.0,0.0,1,3.0799999999999983
2018,2018-10-07,Barclays Premier League,Fulham,Arsenal,60.93,80.9,0.2131,0.2185,0.5684,1.29,2.2,1.0,5.0,0,19.970000000000006
2018,2018-10-20,Barclays Premier League,Newcastle,Brighton and Hove Albion,65.6,62.64,0.4764,0.2846,0.2391,1.47,0.96,0.0,1.0,0,2.9599999999999937
2018,2018-10-20,Barclays Premier League,Chelsea,Manchester United,86.66,79.39,0.564,0.2327,0.2033,1.99,1.12,2.0,2.0,1,7.269999999999996
2018,2018-10-20,Barclays Premier League,Manchester City,Burnley,93.78,59.88,0.9113,0.0755,0.0132,3.05,0.23,5.0,0.0,0,33.9
2018,2018-10-20,Barclays Premier League,Cardiff City,Fulham,58.96,60.57,0.4154,0.2831,0.3016,1.41,1.17,4.0,2.0,0,1.6099999999999994
2018,2018-10-20,Barclays Premier League,Wolverhampton,Watford,68.16,67.18,0.4383,0.2904,0.2713,1.39,1.03,0.0,2.0,0,0.9799999999999898
2018,2018-10-20,Barclays Premier League,West Ham United,Tottenham Hotspur,65.96,84.23,0.2062,0.2404,0.5534,1.08,1.9,0.0,1.0,0,18.27000000000001
2018,2018-10-20,Barclays Premier League,AFC Bournemouth,Southampton,67.28,64.81,0.4675,0.2585,0.2741,1.69,1.24,0.0,0.0,1,2.469999999999999
2018,2018-10-20,Barclays Premier League,Huddersfield Town,Liverpool,59.37,90.56,0.1054,0.2065,0.6881,0.66,2.07,0.0,1.0,0,31.190000000000005
2018,2018-10-21,Barclays Premier League,Everton,Crystal Palace,67.88,67.82,0.4332,0.2824,0.2845,1.44,1.12,2.0,0.0,0,0.060000000000002274
2018,2018-10-22,Barclays Premier League,Arsenal,Leicester City,81.19,71.52,0.6268,0.2094,0.1638,2.23,1.05,3.0,1.0,0,9.670000000000002
2018,2018-10-27,Barclays Premier League,Liverpool,Cardiff City,91.03,59.7,0.874,0.1024,0.0236,2.78,0.31,4.0,1.0,0,31.33
2018,2018-10-27,Barclays Premier League,Fulham,AFC Bournemouth,59.11,67.25,0.3902,0.2567,0.3531,1.6,1.51,0.0,3.0,0,8.14
2018,2018-10-27,Barclays Premier League,Watford,Huddersfield Town,68.38,60.01,0.5018,0.2924,0.2057,1.42,0.8,3.0,0.0,0,8.369999999999997
2018,2018-10-27,Barclays Premier League,Brighton and Hove Albion,Wolverhampton,62.63,67.12,0.4133,0.2974,0.2893,1.31,1.05,1.0,0.0,0,4.490000000000002
2018,2018-10-27,Barclays Premier League,Southampton,Newcastle,65.44,65.7,0.4355,0.2959,0.2686,1.35,1.0,0.0,0.0,1,0.2600000000000051
2018,2018-10-27,Barclays Premier League,Leicester City,West Ham United,70.77,66.47,0.4794,0.2701,0.2506,1.59,1.08,1.0,1.0,1,4.299999999999997
2018,2018-10-28,Barclays Premier League,Manchester United,Everton,78.88,68.69,0.5959,0.2332,0.1709,1.94,0.93,2.0,1.0,0,10.189999999999998
2018,2018-10-28,Barclays Premier League,Crystal Palace,Arsenal,67.11,82.03,0.2388,0.2406,0.5206,1.23,1.92,2.0,2.0,1,14.920000000000002
2018,2018-10-28,Barclays Premier League,Burnley,Chelsea,58.73,86.53,0.1467,0.2067,0.6467,0.95,2.22,0.0,4.0,0,27.800000000000004
2018,2018-10-29,Barclays Premier League,Tottenham Hotspur,Manchester City,84.81,94.35,0.2415,0.2441,0.5145,1.22,1.87,0.0,1.0,0,9.539999999999992
2018,2018-11-03,Barclays Premier League,AFC Bournemouth,Manchester United,69.06,78.57,0.3222,0.2542,0.4237,1.45,1.69,1.0,2.0,0,9.509999999999991
2018,2018-11-03,Barclays Premier League,Newcastle,Watford,65.53,69.12,0.4203,0.2934,0.2862,1.35,1.06,1.0,0.0,0,3.5900000000000034
2018,2018-11-03,Barclays Premier League,Everton,Brighton and Hove Albion,68.93,62.09,0.5108,0.2686,0.2206,1.61,0.97,3.0,1.0,0,6.840000000000003
2018,2018-11-03,Barclays Premier League,Cardiff City,Leicester City,59.49,70.51,0.3514,0.2811,0.3675,1.31,1.34,0.0,1.0,0,11.020000000000003
2018,2018-11-03,Barclays Premier League,West Ham United,Burnley,66.63,57.26,0.5262,0.2642,0.2096,1.65,0.95,4.0,2.0,0,9.369999999999997
2018,2018-11-03,Barclays Premier League,Arsenal,Liverpool,81.23,91.06,0.2952,0.24,0.4648,1.49,1.91,1.0,1.0,1,9.829999999999998
2018,2018-11-03,Barclays Premier League,Wolverhampton,Tottenham Hotspur,67.75,84.12,0.2056,0.2632,0.5312,0.93,1.66,2.0,3.0,0,16.370000000000005
2018,2018-11-04,Barclays Premier League,Chelsea,Crystal Palace,87.58,68.12,0.755,0.1704,0.0746,2.34,0.59,3.0,1.0,0,19.459999999999994
2018,2018-11-04,Barclays Premier League,Manchester City,Southampton,94.33,66.09,0.9039,0.0831,0.013,2.89,0.2,6.0,1.0,0,28.239999999999995
2018,2018-11-05,Barclays Premier League,Huddersfield Town,Fulham,59.0,57.48,0.4252,0.2945,0.2804,1.35,1.04,1.0,0.0,0,1.5200000000000031
2018,2018-11-10,Barclays Premier League,Cardiff City,Brighton and Hove Albion,58.75,60.8,0.4402,0.2847,0.2751,1.43,1.08,2.0,1.0,0,2.049999999999997
2018,2018-11-10,Barclays Premier League,Leicester City,Burnley,71.22,56.31,0.5695,0.2454,0.1852,1.83,0.94,0.0,0.0,1,14.909999999999997
2018,2018-11-10,Barclays Premier League,Southampton,Watford,66.22,69.88,0.4233,0.2806,0.2961,1.44,1.16,1.0,1.0,1,3.6599999999999966
2018,2018-11-10,Barclays Premier League,Newcastle,AFC Bournemouth,64.74,68.67,0.4045,0.2795,0.316,1.43,1.23,2.0,1.0,0,3.930000000000007
2018,2018-11-10,Barclays Premier League,Huddersfield Town,West Ham United,59.58,66.99,0.3694,0.3077,0.323,1.18,1.08,1.0,1.0,1,7.409999999999997
2018,2018-11-10,Barclays Premier League,Crystal Palace,Tottenham Hotspur,68.02,84.21,0.225,0.2514,0.5235,1.09,1.79,0.0,1.0,0,16.189999999999998
2018,2018-11-11,Barclays Premier League,Liverpool,Fulham,90.54,57.5,0.8604,0.1065,0.0331,2.9,0.44,2.0,0.0,0,33.040000000000006
2018,2018-11-11,Barclays Premier League,Chelsea,Everton,87.28,69.96,0.7113,0.1886,0.1001,2.26,0.71,0.0,0.0,1,17.320000000000007
2018,2018-11-11,Barclays Premier League,Manchester City,Manchester United,95.0,79.05,0.8018,0.1347,0.0635,2.82,0.69,3.0,1.0,0,15.950000000000003
2018,2018-11-11,Barclays Premier League,Arsenal,Wolverhampton,81.5,68.34,0.6711,0.2056,0.1234,2.15,0.79,1.0,1.0,1,13.159999999999997
2018,2018-11-24,Barclays Premier League,Tottenham Hotspur,Chelsea,84.6,87.15,0.4193,0.2653,0.3155,1.57,1.33,3.0,1.0,0,2.5500000000000114
2018,2018-11-24,Barclays Premier League,Manchester United,Crystal Palace,79.4,67.84,0.609,0.2304,0.1607,1.96,0.89,0.0,0.0,1,11.560000000000002
2018,2018-11-24,Barclays Premier League,Everton,Cardiff City,70.6,59.38,0.5264,0.268,0.2055,1.62,0.91,1.0,0.0,0,11.219999999999992
2018,2018-11-24,Barclays Premier League,Brighton and Hove Albion,Leicester City,60.25,71.43,0.3442,0.2837,0.3721,1.27,1.34,1.0,1.0,1,11.180000000000007
2018,2018-11-24,Barclays Premier League,Fulham,Southampton,57.7,66.08,0.3709,0.2808,0.3483,1.35,1.3,3.0,2.0,0,8.379999999999995
2018,2018-11-24,Barclays Premier League,West Ham United,Manchester City,67.25,94.85,0.0866,0.1555,0.7579,0.81,2.68,0.0,4.0,0,27.599999999999994
2018,2018-11-24,Barclays Premier League,Watford,Liverpool,70.13,90.57,0.1638,0.2264,0.6098,0.93,2.01,0.0,3.0,0,20.439999999999998
2018,2018-11-25,Barclays Premier League,AFC Bournemouth,Arsenal,68.01,80.26,0.2694,0.2343,0.4963,1.43,2.0,1.0,2.0,0,12.25
2018,2018-11-25,Barclays Premier League,Wolverhampton,Huddersfield Town,69.82,59.27,0.5121,0.3,0.1878,1.37,0.71,0.0,2.0,0,10.54999999999999
2018,2018-11-26,Barclays Premier League,Burnley,Newcastle,56.63,65.13,0.3725,0.2974,0.3301,1.24,1.15,1.0,2.0,0,8.499999999999993
2018,2018-11-30,Barclays Premier League,Cardiff City,Wolverhampton,58.84,68.06,0.3806,0.297,0.3224,1.26,1.14,2.0,1.0,0,9.219999999999999
2018,2018-12-01,Barclays Premier League,Southampton,Manchester United,65.81,79.29,0.2965,0.2629,0.4406,1.29,1.62,2.0,2.0,1,13.480000000000004
2018,2018-12-01,Barclays Premier League,Huddersfield Town,Brighton and Hove Albion,61.19,60.28,0.4421,0.3122,0.2457,1.26,0.86,1.0,2.0,0,0.9099999999999966
2018,2018-12-01,Barclays Premier League,Newcastle,West Ham United,65.41,66.82,0.4281,0.2866,0.2852,1.41,1.1,0.0,3.0,0,1.4099999999999966
2018,2018-12-01,Barclays Premier League,Leicester City,Watford,71.63,69.43,0.4673,0.2778,0.2549,1.51,1.05,2.0,0.0,0,2.1999999999999886
2018,2018-12-01,Barclays Premier League,Crystal Palace,Burnley,68.47,56.04,0.5508,0.2656,0.1835,1.63,0.83,2.0,0.0,0,12.43
2018,2018-12-01,Barclays Premier League,Manchester City,AFC Bournemouth,94.66,67.41,0.905,0.0747,0.0203,3.33,0.39,3.0,1.0,0,27.25
2018,2018-12-02,Barclays Premier League,Chelsea,Fulham,86.63,57.38,0.8333,0.123,0.0437,2.76,0.5,2.0,0.0,0,29.249999999999993
2018,2018-12-02,Barclays Premier League,Arsenal,Tottenham Hotspur,81.13,85.73,0.4006,0.2507,0.3487,1.69,1.56,4.0,2.0,0,4.6000000000000085
2018,2018-12-02,Barclays Premier League,Liverpool,Everton,90.99,71.06,0.7993,0.1501,0.0506,2.42,0.45,1.0,0.0,0,19.929999999999993
2018,2018-12-04,Barclays Premier League,AFC Bournemouth,Huddersfield Town,67.86,59.74,0.516,0.2739,0.2101,1.57,0.9,2.0,1.0,0,8.119999999999997
2018,2018-12-04,Barclays Premier League,Brighton and Hove Albion,Crystal Palace,61.8,69.38,0.3602,0.3,0.3398,1.2,1.16,3.0,1.0,0,7.579999999999998
2018,2018-12-04,Barclays Premier League,West Ham United,Cardiff City,68.23,59.18,0.5167,0.2636,0.2197,1.66,0.99,3.0,1.0,0,9.050000000000004
2018,2018-12-04,Barclays Premier League,Watford,Manchester City,69.69,94.47,0.0891,0.1644,0.7465,0.77,2.55,1.0,2.0,0,24.78
2018,2018-12-05,Barclays Premier League,Tottenham Hotspur,Southampton,84.65,65.88,0.709,0.1879,0.1031,2.29,0.74,3.0,1.0,0,18.77000000000001
2018,2018-12-05,Barclays Premier League,Wolverhampton,Chelsea,67.62,86.58,0.1828,0.2449,0.5723,0.93,1.83,2.0,1.0,0,18.959999999999994
2018,2018-12-05,Barclays Premier League,Manchester United,Arsenal,79.26,82.22,0.3764,0.2502,0.3733,1.64,1.63,2.0,2.0,1,2.9599999999999937
2018,2018-12-05,Barclays Premier League,Everton,Newcastle,71.59,63.76,0.5022,0.2771,0.2208,1.54,0.93,1.0,1.0,1,7.830000000000005
2018,2018-12-05,Barclays Premier League,Burnley,Liverpool,55.12,90.69,0.0968,0.1757,0.7275,0.76,2.42,1.0,3.0,0,35.57
2018,2018-12-05,Barclays Premier League,Fulham,Leicester City,57.76,71.44,0.3457,0.2772,0.377,1.32,1.39,1.0,1.0,1,13.68
2018,2018-12-08,Barclays Premier League,AFC Bournemouth,Liverpool,65.82,90.32,0.1398,0.1941,0.6661,1.0,2.38,0.0,4.0,0,24.5
2018,2018-12-08,Barclays Premier League,Burnley,Brighton and Hove Albion,55.59,61.9,0.4079,0.2821,0.31,1.41,1.2,1.0,0.0,0,6.309999999999995
2018,2018-12-08,Barclays Premier League,West Ham United,Crystal Palace,68.46,68.93,0.4331,0.2816,0.2853,1.45,1.13,3.0,2.0,0,0.4700000000000131
2018,2018-12-08,Barclays Premier League,Cardiff City,Southampton,58.63,66.62,0.3685,0.2805,0.3509,1.35,1.31,1.0,0.0,0,7.990000000000002
2018,2018-12-08,Barclays Premier League,Manchester United,Fulham,78.78,58.78,0.654,0.2081,0.1379,2.17,0.88,4.0,1.0,0,20.0
2018,2018-12-08,Barclays Premier League,Arsenal,Huddersfield Town,82.64,61.31,0.7759,0.1642,0.0599,2.31,0.48,1.0,0.0,0,21.33
2018,2018-12-08,Barclays Premier League,Chelsea,Manchester City,86.18,94.07,0.277,0.244,0.479,1.37,1.87,2.0,0.0,0,7.889999999999986
2018,2018-12-08,Barclays Premier League,Leicester City,Tottenham Hotspur,70.49,83.97,0.2378,0.2504,0.5118,1.15,1.8,0.0,2.0,0,13.480000000000004
2018,2018-12-09,Barclays Premier League,Newcastle,Wolverhampton,64.05,68.23,0.4229,0.2971,0.28,1.33,1.02,1.0,2.0,0,4.180000000000007
2018,2018-12-10,Barclays Premier League,Everton,Watford,71.21,70.48,0.4471,0.2784,0.2746,1.49,1.11,2.0,2.0,1,0.7299999999999898
2018,2018-12-15,Barclays Premier League,Watford,Cardiff City,70.41,59.92,0.5215,0.2628,0.2157,1.67,0.98,3.0,2.0,0,10.489999999999995
2018,2018-12-15,Barclays Premier League,Huddersfield Town,Newcastle,61.62,63.08,0.4107,0.3188,0.2704,1.18,0.9,0.0,1.0,0,1.4600000000000009
2018,2018-12-15,Barclays Premier League,Wolverhampton,AFC Bournemouth,69.09,64.63,0.4737,0.2657,0.2605,1.63,1.14,2.0,0.0,0,4.460000000000008
2018,2018-12-15,Barclays Premier League,Fulham,West Ham United,58.27,68.6,0.376,0.2652,0.3588,1.49,1.45,0.0,2.0,0,10.329999999999991
2018,2018-12-15,Barclays Premier League,Crystal Palace,Leicester City,68.44,69.49,0.4525,0.2879,0.2596,1.42,1.01,1.0,0.0,0,1.0499999999999972
2018,2018-12-15,Barclays Premier League,Manchester City,Everton,93.75,70.93,0.8822,0.0931,0.0247,2.99,0.37,3.0,1.0,0,22.819999999999993
2018,2018-12-15,Barclays Premier League,Tottenham Hotspur,Burnley,85.75,55.91,0.8294,0.1273,0.0433,2.68,0.47,1.0,0.0,0,29.840000000000003
2018,2018-12-16,Barclays Premier League,Southampton,Arsenal,65.59,81.87,0.2419,0.2457,0.5124,1.21,1.85,3.0,2.0,0,16.28
2018,2018-12-16,Barclays Premier League,Brighton and Hove Albion,Chelsea,61.81,85.92,0.152,0.2231,0.6248,0.88,2.02,1.0,2.0,0,24.11
2018,2018-12-16,Barclays Premier League,Liverpool,Manchester United,91.37,79.12,0.6924,0.1915,0.1161,2.3,0.83,3.0,1.0,0,12.25
2018,2018-12-21,Barclays Premier League,Wolverhampton,Liverpool,69.63,91.81,0.1218,0.2117,0.6664,0.75,2.07,0.0,2.0,0,22.180000000000007
2018,2018-12-22,Barclays Premier League,Cardiff City,Manchester United,59.27,78.29,0.2633,0.2521,0.4846,1.25,1.77,1.0,5.0,0,19.020000000000003
2018,2018-12-22,Barclays Premier League,Newcastle,Fulham,63.19,58.01,0.4762,0.2757,0.2481,1.54,1.03,0.0,0.0,1,5.18
2018,2018-12-22,Barclays Premier League,AFC Bournemouth,Brighton and Hove Albion,64.43,61.79,0.4834,0.2635,0.253,1.65,1.13,2.0,0.0,0,2.6400000000000077
2018,2018-12-22,Barclays Premier League,Manchester City,Crystal Palace,93.13,68.34,0.8791,0.0973,0.0236,2.88,0.33,2.0,3.0,0,24.789999999999992
2018,2018-12-22,Barclays Premier League,West Ham United,Watford,69.18,70.67,0.4295,0.2678,0.3027,1.56,1.27,0.0,2.0,0,1.4899999999999949
2018,2018-12-22,Barclays Premier League,Chelsea,Leicester City,86.1,70.04,0.7077,0.2006,0.0917,2.08,0.59,0.0,1.0,0,16.059999999999988
2018,2018-12-22,Barclays Premier League,Arsenal,Burnley,81.09,56.38,0.7841,0.1516,0.0643,2.53,0.59,3.0,1.0,0,24.71
2018,2018-12-22,Barclays Premier League,Huddersfield Town,Southampton,61.7,66.45,0.3746,0.3101,0.3152,1.17,1.05,1.0,3.0,0,4.75
2018,2018-12-23,Barclays Premier League,Everton,Tottenham Hotspur,72.19,85.62,0.2467,0.2529,0.5004,1.17,1.77,2.0,6.0,0,13.430000000000007
2018,2018-12-26,Barclays Premier League,Crystal Palace,Cardiff City,69.67,57.98,0.5259,0.2659,0.2082,1.64,0.93,0.0,0.0,1,11.690000000000005
2018,2018-12-26,Barclays Premier League,Watford,Chelsea,71.45,85.64,0.2318,0.2513,0.5169,1.12,1.79,1.0,2.0,0,14.189999999999998
2018,2018-12-26,Barclays Premier League,Brighton and Hove Albion,Arsenal,61.61,80.31,0.2045,0.2419,0.5535,1.06,1.88,1.0,1.0,1,18.700000000000003
2018,2018-12-26,Barclays Premier League,Liverpool,Newcastle,92.26,63.48,0.8893,0.0955,0.0151,2.73,0.2,4.0,0.0,0,28.78000000000001
2018,2018-12-26,Barclays Premier League,Leicester City,Manchester City,70.74,92.36,0.1276,0.1948,0.6776,0.9,2.31,2.0,1.0,0,21.620000000000005
2018,2018-12-26,Barclays Premier League,Manchester United,Huddersfield Town,79.17,60.22,0.6578,0.2217,0.1205,1.96,0.69,3.0,1.0,0,18.950000000000003
2018,2018-12-26,Barclays Premier League,Tottenham Hotspur,AFC Bournemouth,86.44,64.91,0.782,0.1488,0.0692,2.63,0.66,5.0,0.0,0,21.53
2018,2018-12-26,Barclays Premier League,Burnley,Everton,57.43,70.71,0.34,0.2756,0.3843,1.32,1.42,1.0,5.0,0,13.279999999999994
2018,2018-12-26,Barclays Premier League,Fulham,Wolverhampton,58.53,68.76,0.3831,0.2936,0.3233,1.29,1.16,1.0,1.0,1,10.230000000000004
2018,2018-12-27,Barclays Premier League,Southampton,West Ham United,67.37,68.18,0.4543,0.2626,0.2831,1.64,1.25,1.0,2.0,0,0.8100000000000023
2018,2018-12-29,Barclays Premier League,Leicester City,Cardiff City,71.73,58.0,0.5331,0.2675,0.1995,1.62,0.89,0.0,1.0,0,13.730000000000004
2018,2018-12-29,Barclays Premier League,Brighton and Hove Albion,Everton,62.27,71.44,0.3436,0.2804,0.3761,1.3,1.37,1.0,0.0,0,9.169999999999995
2018,2018-12-29,Barclays Premier League,Liverpool,Arsenal,92.42,79.9,0.6661,0.1982,0.1357,2.3,0.93,5.0,1.0,0,12.519999999999996
2018,2018-12-29,Barclays Premier League,Watford,Newcastle,71.48,62.88,0.5168,0.2671,0.2161,1.63,0.96,1.0,1.0,1,8.600000000000001
2018,2018-12-29,Barclays Premier League,Tottenham Hotspur,Wolverhampton,86.63,68.79,0.7103,0.1946,0.095,2.16,0.64,1.0,3.0,0,17.83999999999999
2018,2018-12-29,Barclays Premier League,Fulham,Huddersfield Town,58.63,60.85,0.4353,0.3027,0.262,1.3,0.94,1.0,0.0,0,2.219999999999999
2018,2018-12-30,Barclays Premier League,Crystal Palace,Chelsea,69.94,85.6,0.2189,0.262,0.5191,1.0,1.68,0.0,1.0,0,15.659999999999997
2018,2018-12-30,Barclays Premier League,Burnley,West Ham United,56.24,68.78,0.3477,0.2725,0.3798,1.36,1.44,2.0,0.0,0,12.54
2018,2018-12-30,Barclays Premier League,Southampton,Manchester City,66.79,91.81,0.1363,0.1837,0.6801,1.06,2.53,1.0,3.0,0,25.019999999999996
2018,2018-12-30,Barclays Premier League,Manchester United,AFC Bournemouth,78.36,64.51,0.6312,0.2072,0.1616,2.26,1.06,4.0,1.0,0,13.849999999999994
2018,2019-01-01,Barclays Premier League,Everton,Leicester City,71.13,70.9,0.4552,0.2786,0.2662,1.5,1.08,0.0,1.0,0,0.22999999999998977
2018,2019-01-01,Barclays Premier League,Arsenal,Fulham,78.86,59.66,0.6737,0.2,0.1263,2.23,0.85,4.0,1.0,0,19.200000000000003
2018,2019-01-01,Barclays Premier League,Cardiff City,Tottenham Hotspur,59.21,84.74,0.1732,0.2232,0.6037,1.01,2.07,0.0,3.0,0,25.529999999999994
2018,2019-01-02,Barclays Premier League,Newcastle,Manchester United,63.07,78.85,0.2665,0.2592,0.4742,1.21,1.69,0.0,2.0,0,15.779999999999994
2018,2019-01-02,Barclays Premier League,AFC Bournemouth,Watford,63.77,71.37,0.3733,0.2614,0.3653,1.52,1.5,3.0,3.0,1,7.600000000000001
2018,2019-01-02,Barclays Premier League,Chelsea,Southampton,86.28,65.9,0.7235,0.1862,0.0903,2.24,0.65,0.0,0.0,1,20.379999999999995
2018,2019-01-02,Barclays Premier League,Huddersfield Town,Burnley,60.02,58.52,0.4115,0.3046,0.2839,1.26,1.0,1.0,2.0,0,1.5
2018,2019-01-02,Barclays Premier League,West Ham United,Brighton and Hove Albion,66.45,62.88,0.4896,0.2716,0.2388,1.58,1.02,2.0,2.0,1,3.5700000000000003
2018,2019-01-02,Barclays Premier League,Wolverhampton,Crystal Palace,71.35,69.37,0.4415,0.3028,0.2558,1.31,0.93,0.0,2.0,0,1.9799999999999898
2018,2019-01-03,Barclays Premier League,Manchester City,Liverpool,92.29,92.88,0.4402,0.2443,0.3156,1.83,1.52,2.0,1.0,0,0.5899999999999892
2018,2019-01-12,Barclays Premier League,Chelsea,Newcastle,86.18,62.18,0.7772,0.1718,0.051,2.16,0.38,2.0,1.0,0,24.000000000000007
2018,2019-01-12,Barclays Premier League,Cardiff City,Huddersfield Town,58.89,58.04,0.4869,0.2975,0.2156,1.38,0.82,0.0,0.0,1,0.8500000000000014
2018,2019-01-12,Barclays Premier League,Brighton and Hove Albion,Liverpool,63.29,93.03,0.0735,0.1615,0.765,0.63,2.46,0.0,1.0,0,29.740000000000002
2018,2019-01-12,Barclays Premier League,Burnley,Fulham,60.22,58.48,0.4658,0.2699,0.2643,1.58,1.13,2.0,1.0,0,1.740000000000002
2018,2019-01-12,Barclays Premier League,Crystal Palace,Watford,71.09,70.03,0.4441,0.2791,0.2768,1.48,1.11,1.0,2.0,0,1.0600000000000023
2018,2019-01-12,Barclays Premier League,West Ham United,Arsenal,65.98,79.41,0.2557,0.2368,0.5075,1.35,1.97,1.0,0.0,0,13.429999999999993
2018,2019-01-12,Barclays Premier League,Leicester City,Southampton,71.3,66.59,0.4487,0.289,0.2622,1.41,1.01,1.0,2.0,0,4.709999999999994
2018,2019-01-13,Barclays Premier League,Everton,AFC Bournemouth,71.04,64.61,0.5084,0.2465,0.2452,1.84,1.22,2.0,0.0,0,6.430000000000007
2018,2019-01-13,Barclays Premier League,Tottenham Hotspur,Manchester United,85.14,79.78,0.5162,0.2378,0.246,1.95,1.29,0.0,1.0,0,5.359999999999999
2018,2019-01-14,Barclays Premier League,Manchester City,Wolverhampton,92.17,69.77,0.8499,0.1164,0.0337,2.72,0.39,3.0,0.0,0,22.400000000000006
2018,2019-01-19,Barclays Premier League,Newcastle,Cardiff City,63.12,58.14,0.4778,0.2949,0.2273,1.39,0.87,3.0,0.0,0,4.979999999999997
2018,2019-01-19,Barclays Premier League,Arsenal,Chelsea,79.0,85.52,0.3597,0.2651,0.3752,1.45,1.49,2.0,0.0,0,6.519999999999996
2018,2019-01-19,Barclays Premier League,Southampton,Everton,66.92,70.94,0.421,0.2736,0.3054,1.5,1.24,2.0,1.0,0,4.019999999999996
2018,2019-01-19,Barclays Premier League,Liverpool,Crystal Palace,93.3,70.32,0.8669,0.1109,0.0222,2.62,0.26,4.0,3.0,0,22.980000000000004
2018,2019-01-19,Barclays Premier League,Manchester United,Brighton and Hove Albion,79.67,62.95,0.6856,0.2043,0.1102,2.11,0.71,2.0,1.0,0,16.72
2018,2019-01-19,Barclays Premier League,AFC Bournemouth,West Ham United,64.77,66.86,0.4388,0.2557,0.3056,1.69,1.38,2.0,0.0,0,2.0900000000000034
2018,2019-01-19,Barclays Premier League,Watford,Burnley,70.69,60.18,0.5326,0.2479,0.2196,1.82,1.09,0.0,0.0,1,10.509999999999998
2018,2019-01-19,Barclays Premier League,Wolverhampton,Leicester City,68.61,70.77,0.399,0.3087,0.2922,1.22,1.0,4.0,3.0,0,2.1599999999999966
2018,2019-01-20,Barclays Premier League,Huddersfield Town,Manchester City,59.48,92.77,0.0722,0.1579,0.7699,0.64,2.51,0.0,3.0,0,33.29
2018,2019-01-20,Barclays Premier League,Fulham,Tottenham Hotspur,58.7,85.32,0.1615,0.2173,0.6212,0.98,2.12,1.0,2.0,0,26.61999999999999
2018,2019-01-29,Barclays Premier League,Manchester United,Burnley,79.53,61.51,0.6768,0.1993,0.1239,2.23,0.84,2.0,2.0,1,18.020000000000003
2018,2019-01-29,Barclays Premier League,Newcastle,Manchester City,64.47,93.14,0.0918,0.1699,0.7383,0.76,2.48,2.0,1.0,0,28.67
2018,2019-01-29,Barclays Premier League,Huddersfield Town,Everton,58.79,70.97,0.3073,0.3037,0.389,1.06,1.24,0.0,1.0,0,12.18
2018,2019-01-29,Barclays Premier League,Fulham,Brighton and Hove Albion,58.61,63.02,0.4318,0.2902,0.278,1.38,1.05,4.0,2.0,0,4.410000000000004
2018,2019-01-29,Barclays Premier League,Wolverhampton,West Ham United,68.51,66.96,0.4356,0.2811,0.2833,1.46,1.12,3.0,0.0,0,1.5500000000000114
2018,2019-01-29,Barclays Premier League,Arsenal,Cardiff City,79.77,56.68,0.7578,0.1666,0.0756,2.4,0.62,2.0,1.0,0,23.089999999999996
2018,2019-01-30,Barclays Premier League,Southampton,Crystal Palace,66.98,71.31,0.4064,0.2857,0.3079,1.38,1.17,1.0,1.0,1,4.329999999999998
2018,2019-01-30,Barclays Premier League,AFC Bournemouth,Chelsea,64.99,84.86,0.1879,0.2332,0.579,1.03,1.97,4.0,0.0,0,19.870000000000005
2018,2019-01-30,Barclays Premier League,Tottenham Hotspur,Watford,85.37,69.76,0.6876,0.1937,0.1187,2.28,0.83,2.0,1.0,0,15.61
2018,2019-01-30,Barclays Premier League,Liverpool,Leicester City,92.58,69.87,0.8553,0.1131,0.0317,2.75,0.38,1.0,1.0,1,22.709999999999994
